3 e -3 -2
6 e -6 -5
7 e -7 4
10 e -10 -9
11 e -11 7
12 a 8 12
14 e -14 -2
16 e -16 -5
17 e -17 15
19 e -19 -10
20 e -20 17
21 a 18 21
23 e -23 -2
25 e -25 -5
26 e -26 24
28 e -28 -10
29 e -29 26
30 a 27 30
32 e -32 -2
34 e -34 -5
35 e -35 33
37 e -37 -10
38 e -38 35
39 a 36 39
41 e -41 -2
42 e -16 -9
43 e -43 42
44 e -19 -6
45 e -45 43
46 a 44 46
48 e -48 -2
49 e -25 -9
50 e -50 49
51 e -28 -6
52 e -52 50
53 a 51 53
55 e -55 -2
56 e -34 -9
57 e -57 56
58 e -37 -6
59 e -59 57
60 a 58 60
62 e -62 -2
63 e -25 -19
64 e -64 63
65 e -28 -16
66 e -66 64
67 a 65 67
69 e -69 -2
70 e -34 -19
71 e -71 70
72 e -37 -16
73 e -73 71
74 a 72 74
76 e -76 -2
77 e -34 -28
78 e -78 77
79 e -37 -25
80 e -80 78
81 a 79 81
82 e -41 -5
83 e -14 -9
84 e -84 83
85 e -19 -3
86 e -86 84
87 a 85 87
88 e -48 -5
89 e -23 -9
90 e -90 89
91 e -28 -3
92 e -92 90
93 a 91 93
94 e -55 -5
95 e -32 -9
96 e -96 95
97 e -37 -3
98 e -98 96
99 a 97 99
100 e -62 -5
101 e -23 -19
102 e -102 101
103 e -28 -14
104 e -104 102
105 a 103 105
106 e -69 -5
107 e -32 -19
108 e -108 107
109 e -37 -14
110 e -110 108
111 a 109 111
112 e -76 -5
113 e -32 -28
114 e -114 113
115 e -37 -23
116 e -116 114
117 a 115 117
118 e -62 -9
119 e -48 -19
120 e -120 119
121 e -41 -28
122 e -122 120
123 a 121 123
124 e -69 -9
125 e -55 -19
126 e -126 125
127 e -41 -37
128 e -128 126
129 a 127 129
130 e -76 -9
131 e -55 -28
132 e -132 131
133 e -48 -37
134 e -134 132
135 a 133 135
136 e -76 -19
137 e -69 -28
138 e -138 137
139 e -62 -37
140 e -140 138
141 a 139 141
142 e -41 -10
143 e -14 -6
144 e -144 143
145 e -16 -3
146 e -146 144
147 a 145 147
148 e -48 -10
149 e -23 -6
150 e -150 149
151 e -25 -3
152 e -152 150
153 a 151 153
154 e -55 -10
155 e -32 -6
156 e -156 155
157 e -34 -3
158 e -158 156
159 a 157 159
160 e -62 -10
161 e -23 -16
162 e -162 161
163 e -25 -14
164 e -164 162
165 a 163 165
166 e -69 -10
167 e -32 -16
168 e -168 167
169 e -34 -14
170 e -170 168
171 a 169 171
172 e -76 -10
173 e -32 -25
174 e -174 173
175 e -34 -23
176 e -176 174
177 a 175 177
178 e -62 -6
179 e -48 -16
180 e -180 179
181 e -41 -25
182 e -182 180
183 a 181 183
184 e -69 -6
185 e -55 -16
186 e -186 185
187 e -41 -34
188 e -188 186
189 a 187 189
190 e -76 -6
191 e -55 -25
192 e -192 191
193 e -48 -34
194 e -194 192
195 a 193 195
196 e -76 -16
197 e -69 -25
198 e -198 197
199 e -62 -34
200 e -200 198
201 a 199 201
202 e -62 -3
203 e -48 -14
204 e -204 203
205 e -41 -23
206 e -206 204
207 a 205 207
208 e -69 -3
209 e -55 -14
210 e -210 209
211 e -41 -32
212 e -212 210
213 a 211 213
214 e -76 -3
215 e -55 -23
216 e -216 215
217 e -48 -32
218 e -218 216
219 a 217 219
220 e -76 -14
221 e -69 -23
222 e -222 221
223 e -62 -32
224 e -224 222
225 a 223 225
226 e -76 -41
227 e -69 -48
228 e -228 227
229 e -62 -55
230 e -230 228
231 a 229 231
233 e -233 2
235 e -235 5
236 e -236 234
238 e -238 9
239 e -239 236
240 a 237 240
242 e -242 2
244 e -244 5
245 e -245 243
246 e -238 19
247 e -247 245
248 a 246 248
250 e -250 2
252 e -252 5
253 e -253 251
254 e -238 28
255 e -255 253
256 a 254 256
258 e -258 2
260 e -260 5
261 e -261 259
262 e -238 37
263 e -263 261
264 a 262 264
266 e -266 2
267 e -244 9
268 e -268 267
269 e -235 19
270 e -270 268
271 a 269 271
273 e -273 2
274 e -252 9
275 e -275 274
276 e -235 28
277 e -277 275
278 a 276 278
280 e -280 2
281 e -260 9
282 e -282 281
283 e -235 37
284 e -284 282
285 a 283 285
287 e -287 2
288 e -252 19
289 e -289 288
290 e -244 28
291 e -291 289
292 a 290 292
294 e -294 2
295 e -260 19
296 e -296 295
297 e -244 37
298 e -298 296
299 a 297 299
301 e -301 2
302 e -260 28
303 e -303 302
304 e -252 37
305 e -305 303
306 a 304 306
307 e -266 5
308 e -242 9
309 e -309 308
310 e -233 19
311 e -311 309
312 a 310 312
313 e -273 5
314 e -250 9
315 e -315 314
316 e -233 28
317 e -317 315
318 a 316 318
319 e -280 5
320 e -258 9
321 e -321 320
322 e -233 37
323 e -323 321
324 a 322 324
325 e -287 5
326 e -250 19
327 e -327 326
328 e -242 28
329 e -329 327
330 a 328 330
331 e -294 5
332 e -258 19
333 e -333 332
334 e -242 37
335 e -335 333
336 a 334 336
337 e -301 5
338 e -258 28
339 e -339 338
340 e -250 37
341 e -341 339
342 a 340 342
343 e -287 9
344 e -273 19
345 e -345 344
346 e -266 28
347 e -347 345
348 a 346 348
349 e -294 9
350 e -280 19
351 e -351 350
352 e -266 37
353 e -353 351
354 a 352 354
355 e -301 9
356 e -280 28
357 e -357 356
358 e -273 37
359 e -359 357
360 a 358 360
361 e -301 19
362 e -294 28
363 e -363 362
364 e -287 37
365 e -365 363
366 a 364 366
367 e -266 -238
368 e -242 -235
369 e -369 368
370 e -244 -233
371 e -371 369
372 a 370 372
373 e -273 -238
374 e -250 -235
375 e -375 374
376 e -252 -233
377 e -377 375
378 a 376 378
379 e -280 -238
380 e -258 -235
381 e -381 380
382 e -260 -233
383 e -383 381
384 a 382 384
385 e -287 -238
386 e -250 -244
387 e -387 386
388 e -252 -242
389 e -389 387
390 a 388 390
391 e -294 -238
392 e -258 -244
393 e -393 392
394 e -260 -242
395 e -395 393
396 a 394 396
397 e -301 -238
398 e -258 -252
399 e -399 398
400 e -260 -250
401 e -401 399
402 a 400 402
403 e -287 -235
404 e -273 -244
405 e -405 404
406 e -266 -252
407 e -407 405
408 a 406 408
409 e -294 -235
410 e -280 -244
411 e -411 410
412 e -266 -260
413 e -413 411
414 a 412 414
415 e -301 -235
416 e -280 -252
417 e -417 416
418 e -273 -260
419 e -419 417
420 a 418 420
421 e -301 -244
422 e -294 -252
423 e -423 422
424 e -287 -260
425 e -425 423
426 a 424 426
427 e -287 -233
428 e -273 -242
429 e -429 428
430 e -266 -250
431 e -431 429
432 a 430 432
433 e -294 -233
434 e -280 -242
435 e -435 434
436 e -266 -258
437 e -437 435
438 a 436 438
439 e -301 -233
440 e -280 -250
441 e -441 440
442 e -273 -258
443 e -443 441
444 a 442 444
445 e -301 -242
446 e -294 -250
447 e -447 446
448 e -287 -258
449 e -449 447
450 a 448 450
451 e -301 -266
452 e -294 -273
453 e -453 452
454 e -287 -280
455 e -455 453
456 a 454 456
458 e -458 -2
459 e -235 -10
460 e -460 459
461 e -238 -6
462 e -462 460
463 a 461 463
465 e -465 -2
466 e -244 -10
467 e -467 466
468 e -238 -16
469 e -469 467
470 a 468 470
472 e -472 -2
473 e -252 -10
474 e -474 473
475 e -238 -25
476 e -476 474
477 a 475 477
479 e -479 -2
480 e -260 -10
481 e -481 480
482 e -238 -34
483 e -483 481
484 a 482 484
486 e -486 -2
487 e -244 -6
488 e -488 487
489 e -235 -16
490 e -490 488
491 a 489 491
493 e -493 -2
494 e -252 -6
495 e -495 494
496 e -235 -25
497 e -497 495
498 a 496 498
500 e -500 -2
501 e -260 -6
502 e -502 501
503 e -235 -34
504 e -504 502
505 a 503 505
507 e -507 -2
508 e -252 -16
509 e -509 508
510 e -244 -25
511 e -511 509
512 a 510 512
514 e -514 -2
515 e -260 -16
516 e -516 515
517 e -244 -34
518 e -518 516
519 a 517 519
521 e -521 -2
522 e -260 -25
523 e -523 522
524 e -252 -34
525 e -525 523
526 a 524 526
527 e -486 10
528 e -465 6
529 e -529 528
530 e -458 16
531 e -531 529
532 a 530 532
533 e -493 10
534 e -472 6
535 e -535 534
536 e -458 25
537 e -537 535
538 a 536 538
539 e -500 10
540 e -479 6
541 e -541 540
542 e -458 34
543 e -543 541
544 a 542 544
545 e -507 10
546 e -472 16
547 e -547 546
548 e -465 25
549 e -549 547
550 a 548 550
551 e -514 10
552 e -479 16
553 e -553 552
554 e -465 34
555 e -555 553
556 a 554 556
557 e -521 10
558 e -479 25
559 e -559 558
560 e -472 34
561 e -561 559
562 a 560 562
563 e -507 6
564 e -493 16
565 e -565 564
566 e -486 25
567 e -567 565
568 a 566 568
569 e -514 6
570 e -500 16
571 e -571 570
572 e -486 34
573 e -573 571
574 a 572 574
575 e -521 6
576 e -500 25
577 e -577 576
578 e -493 34
579 e -579 577
580 a 578 580
581 e -521 16
582 e -514 25
583 e -583 582
584 e -507 34
585 e -585 583
586 a 584 586
587 e -486 238
588 e -465 235
589 e -589 588
590 e -458 244
591 e -591 589
592 a 590 592
593 e -493 238
594 e -472 235
595 e -595 594
596 e -458 252
597 e -597 595
598 a 596 598
599 e -500 238
600 e -479 235
601 e -601 600
602 e -458 260
603 e -603 601
604 a 602 604
605 e -507 238
606 e -472 244
607 e -607 606
608 e -465 252
609 e -609 607
610 a 608 610
611 e -514 238
612 e -479 244
613 e -613 612
614 e -465 260
615 e -615 613
616 a 614 616
617 e -521 238
618 e -479 252
619 e -619 618
620 e -472 260
621 e -621 619
622 a 620 622
623 e -507 235
624 e -493 244
625 e -625 624
626 e -486 252
627 e -627 625
628 a 626 628
629 e -514 235
630 e -500 244
631 e -631 630
632 e -486 260
633 e -633 631
634 a 632 634
635 e -521 235
636 e -500 252
637 e -637 636
638 e -493 260
639 e -639 637
640 a 638 640
641 e -521 244
642 e -514 252
643 e -643 642
644 e -507 260
645 e -645 643
646 a 644 646
647 e -507 -458
648 e -493 -465
649 e -649 648
650 e -486 -472
651 e -651 649
652 a 650 652
653 e -514 -458
654 e -500 -465
655 e -655 654
656 e -486 -479
657 e -657 655
658 a 656 658
659 e -521 -458
660 e -500 -472
661 e -661 660
662 e -493 -479
663 e -663 661
664 a 662 664
665 e -521 -465
666 e -514 -472
667 e -667 666
668 e -507 -479
669 e -669 667
670 a 668 670
671 e -521 -486
672 e -514 -493
673 e -673 672
674 e -507 -500
675 e -675 673
676 a 674 676
677 e -458 5
678 e -233 10
679 e -679 678
680 e -238 3
681 e -681 679
682 a 680 682
683 e -465 5
684 e -242 10
685 e -685 684
686 e -238 14
687 e -687 685
688 a 686 688
689 e -472 5
690 e -250 10
691 e -691 690
692 e -238 23
693 e -693 691
694 a 692 694
695 e -479 5
696 e -258 10
697 e -697 696
698 e -238 32
699 e -699 697
700 a 698 700
702 e -702 -5
703 e -242 -3
704 e -704 703
705 e -233 -14
706 e -706 704
707 a 705 707
709 e -709 -5
710 e -250 -3
711 e -711 710
712 e -233 -23
713 e -713 711
714 a 712 714
716 e -716 -5
717 e -258 -3
718 e -718 717
719 e -233 -32
720 e -720 718
721 a 719 721
723 e -723 -5
724 e -250 -14
725 e -725 724
726 e -242 -23
727 e -727 725
728 a 726 728
730 e -730 -5
731 e -258 -14
732 e -732 731
733 e -242 -32
734 e -734 732
735 a 733 735
737 e -737 -5
738 e -258 -23
739 e -739 738
740 e -250 -32
741 e -741 739
742 a 740 742
743 e -702 -10
744 e -465 -3
745 e -745 744
746 e -458 -14
747 e -747 745
748 a 746 748
749 e -709 -10
750 e -472 -3
751 e -751 750
752 e -458 -23
753 e -753 751
754 a 752 754
755 e -716 -10
756 e -479 -3
757 e -757 756
758 e -458 -32
759 e -759 757
760 a 758 760
761 e -723 -10
762 e -472 -14
763 e -763 762
764 e -465 -23
765 e -765 763
766 a 764 766
767 e -730 -10
768 e -479 -14
769 e -769 768
770 e -465 -32
771 e -771 769
772 a 770 772
773 e -737 -10
774 e -479 -23
775 e -775 774
776 e -472 -32
777 e -777 775
778 a 776 778
779 e -723 3
780 e -709 14
781 e -781 780
782 e -702 23
783 e -783 781
784 a 782 784
785 e -730 3
786 e -716 14
787 e -787 786
788 e -702 32
789 e -789 787
790 a 788 790
791 e -737 3
792 e -716 23
793 e -793 792
794 e -709 32
795 e -795 793
796 a 794 796
797 e -737 14
798 e -730 23
799 e -799 798
800 e -723 32
801 e -801 799
802 a 800 802
803 e -702 -238
804 e -465 -233
805 e -805 804
806 e -458 -242
807 e -807 805
808 a 806 808
809 e -709 -238
810 e -472 -233
811 e -811 810
812 e -458 -250
813 e -813 811
814 a 812 814
815 e -716 -238
816 e -479 -233
817 e -817 816
818 e -458 -258
819 e -819 817
820 a 818 820
821 e -723 -238
822 e -472 -242
823 e -823 822
824 e -465 -250
825 e -825 823
826 a 824 826
827 e -730 -238
828 e -479 -242
829 e -829 828
830 e -465 -258
831 e -831 829
832 a 830 832
833 e -737 -238
834 e -479 -250
835 e -835 834
836 e -472 -258
837 e -837 835
838 a 836 838
839 e -723 233
840 e -709 242
841 e -841 840
842 e -702 250
843 e -843 841
844 a 842 844
845 e -730 233
846 e -716 242
847 e -847 846
848 e -702 258
849 e -849 847
850 a 848 850
851 e -737 233
852 e -716 250
853 e -853 852
854 e -709 258
855 e -855 853
856 a 854 856
857 e -737 242
858 e -730 250
859 e -859 858
860 e -723 258
861 e -861 859
862 a 860 862
863 e -723 458
864 e -709 465
865 e -865 864
866 e -702 472
867 e -867 865
868 a 866 868
869 e -730 458
870 e -716 465
871 e -871 870
872 e -702 479
873 e -873 871
874 a 872 874
875 e -737 458
876 e -716 472
877 e -877 876
878 e -709 479
879 e -879 877
880 a 878 880
881 e -737 465
882 e -730 472
883 e -883 882
884 e -723 479
885 e -885 883
886 a 884 886
887 e -737 -702
888 e -730 -709
889 e -889 888
890 e -723 -716
891 e -891 889
892 a 890 892
893 e -458 -9
894 e -233 -6
895 e -895 894
896 e -235 -3
897 e -897 895
898 a 896 898
899 e -486 9
900 e -266 6
901 e -901 900
902 e -235 41
903 e -903 901
904 a 902 904
905 e -493 9
906 e -273 6
907 e -907 906
908 e -235 48
909 e -909 907
910 a 908 910
911 e -500 9
912 e -280 6
913 e -913 912
914 e -235 55
915 e -915 913
916 a 914 916
917 e -702 9
918 e -266 3
919 e -919 918
920 e -233 41
921 e -921 919
922 a 920 922
923 e -709 9
924 e -273 3
925 e -925 924
926 e -233 48
927 e -927 925
928 a 926 928
929 e -716 9
930 e -280 3
931 e -931 930
932 e -233 55
933 e -933 931
934 a 932 934
936 e -936 -9
937 e -273 -41
938 e -938 937
939 e -266 -48
940 e -940 938
941 a 939 941
943 e -943 -9
944 e -280 -41
945 e -945 944
946 e -266 -55
947 e -947 945
948 a 946 948
950 e -950 -9
951 e -280 -48
952 e -952 951
953 e -273 -55
954 e -954 952
955 a 953 955
956 e -702 6
957 e -486 3
958 e -958 957
959 e -458 41
960 e -960 958
961 a 959 961
962 e -709 6
963 e -493 3
964 e -964 963
965 e -458 48
966 e -966 964
967 a 965 967
968 e -716 6
969 e -500 3
970 e -970 969
971 e -458 55
972 e -972 970
973 a 971 973
974 e -936 -6
975 e -493 -41
976 e -976 975
977 e -486 -48
978 e -978 976
979 a 977 979
980 e -943 -6
981 e -500 -41
982 e -982 981
983 e -486 -55
984 e -984 982
985 a 983 985
986 e -950 -6
987 e -500 -48
988 e -988 987
989 e -493 -55
990 e -990 988
991 a 989 991
992 e -936 -3
993 e -709 -41
994 e -994 993
995 e -702 -48
996 e -996 994
997 a 995 997
998 e -943 -3
999 e -716 -41
1000 e -1000 999
1001 e -702 -55
1002 e -1002 1000
1003 a 1001 1003
1004 e -950 -3
1005 e -716 -48
1006 e -1006 1005
1007 e -709 -55
1008 e -1008 1006
1009 a 1007 1009
1010 e -950 41
1011 e -943 48
1012 e -1012 1011
1013 e -936 55
1014 e -1014 1012
1015 a 1013 1015
1016 e -702 235
1017 e -486 233
1018 e -1018 1017
1019 e -458 266
1020 e -1020 1018
1021 a 1019 1021
1022 e -709 235
1023 e -493 233
1024 e -1024 1023
1025 e -458 273
1026 e -1026 1024
1027 a 1025 1027
1028 e -716 235
1029 e -500 233
1030 e -1030 1029
1031 e -458 280
1032 e -1032 1030
1033 a 1031 1033
1034 e -936 -235
1035 e -493 -266
1036 e -1036 1035
1037 e -486 -273
1038 e -1038 1036
1039 a 1037 1039
1040 e -943 -235
1041 e -500 -266
1042 e -1042 1041
1043 e -486 -280
1044 e -1044 1042
1045 a 1043 1045
1046 e -950 -235
1047 e -500 -273
1048 e -1048 1047
1049 e -493 -280
1050 e -1050 1048
1051 a 1049 1051
1052 e -936 -233
1053 e -709 -266
1054 e -1054 1053
1055 e -702 -273
1056 e -1056 1054
1057 a 1055 1057
1058 e -943 -233
1059 e -716 -266
1060 e -1060 1059
1061 e -702 -280
1062 e -1062 1060
1063 a 1061 1063
1064 e -950 -233
1065 e -716 -273
1066 e -1066 1065
1067 e -709 -280
1068 e -1068 1066
1069 a 1067 1069
1070 e -950 266
1071 e -943 273
1072 e -1072 1071
1073 e -936 280
1074 e -1074 1072
1075 a 1073 1075
1076 e -936 -458
1077 e -709 -486
1078 e -1078 1077
1079 e -702 -493
1080 e -1080 1078
1081 a 1079 1081
1082 e -943 -458
1083 e -716 -486
1084 e -1084 1083
1085 e -702 -500
1086 e -1086 1084
1087 a 1085 1087
1088 e -950 -458
1089 e -716 -493
1090 e -1090 1089
1091 e -709 -500
1092 e -1092 1090
1093 a 1091 1093
1094 e -950 486
1095 e -943 493
1096 e -1096 1095
1097 e -936 500
1098 e -1098 1096
1099 a 1097 1099
1100 e -950 702
1101 e -943 709
1102 e -1102 1101
1103 e -936 716
1104 e -1104 1102
1105 a 1103 1105
1106 e -465 -19
1107 e -242 -16
1108 e -1108 1107
1109 e -244 -14
1110 e -1110 1108
1111 a 1109 1111
1112 e -486 -19
1113 e -266 -16
1114 e -1114 1113
1115 e -244 -41
1116 e -1116 1114
1117 a 1115 1117
1118 e -507 19
1119 e -287 16
1120 e -1120 1119
1121 e -244 62
1122 e -1122 1120
1123 a 1121 1123
1124 e -514 19
1125 e -294 16
1126 e -1126 1125
1127 e -244 69
1128 e -1128 1126
1129 a 1127 1129
1130 e -702 -19
1131 e -266 -14
1132 e -1132 1131
1133 e -242 -41
1134 e -1134 1132
1135 a 1133 1135
1136 e -723 19
1137 e -287 14
1138 e -1138 1137
1139 e -242 62
1140 e -1140 1138
1141 a 1139 1141
1142 e -730 19
1143 e -294 14
1144 e -1144 1143
1145 e -242 69
1146 e -1146 1144
1147 a 1145 1147
1148 e -936 19
1149 e -287 41
1150 e -1150 1149
1151 e -266 62
1152 e -1152 1150
1153 a 1151 1153
1154 e -943 19
1155 e -294 41
1156 e -1156 1155
1157 e -266 69
1158 e -1158 1156
1159 a 1157 1159
1161 e -1161 -19
1162 e -294 -62
1163 e -1163 1162
1164 e -287 -69
1165 e -1165 1163
1166 a 1164 1166
1167 e -702 -16
1168 e -486 -14
1169 e -1169 1168
1170 e -465 -41
1171 e -1171 1169
1172 a 1170 1172
1173 e -723 16
1174 e -507 14
1175 e -1175 1174
1176 e -465 62
1177 e -1177 1175
1178 a 1176 1178
1179 e -730 16
1180 e -514 14
1181 e -1181 1180
1182 e -465 69
1183 e -1183 1181
1184 a 1182 1184
1185 e -936 16
1186 e -507 41
1187 e -1187 1186
1188 e -486 62
1189 e -1189 1187
1190 a 1188 1190
1191 e -943 16
1192 e -514 41
1193 e -1193 1192
1194 e -486 69
1195 e -1195 1193
1196 a 1194 1196
1197 e -1161 -16
1198 e -514 -62
1199 e -1199 1198
1200 e -507 -69
1201 e -1201 1199
1202 a 1200 1202
1203 e -936 14
1204 e -723 41
1205 e -1205 1204
1206 e -702 62
1207 e -1207 1205
1208 a 1206 1208
1209 e -943 14
1210 e -730 41
1211 e -1211 1210
1212 e -702 69
1213 e -1213 1211
1214 a 1212 1214
1215 e -1161 -14
1216 e -730 -62
1217 e -1217 1216
1218 e -723 -69
1219 e -1219 1217
1220 a 1218 1220
1221 e -1161 -41
1222 e -943 -62
1223 e -1223 1222
1224 e -936 -69
1225 e -1225 1223
1226 a 1224 1226
1227 e -702 -244
1228 e -486 -242
1229 e -1229 1228
1230 e -465 -266
1231 e -1231 1229
1232 a 1230 1232
1233 e -723 244
1234 e -507 242
1235 e -1235 1234
1236 e -465 287
1237 e -1237 1235
1238 a 1236 1238
1239 e -730 244
1240 e -514 242
1241 e -1241 1240
1242 e -465 294
1243 e -1243 1241
1244 a 1242 1244
1245 e -936 244
1246 e -507 266
1247 e -1247 1246
1248 e -486 287
1249 e -1249 1247
1250 a 1248 1250
1251 e -943 244
1252 e -514 266
1253 e -1253 1252
1254 e -486 294
1255 e -1255 1253
1256 a 1254 1256
1257 e -1161 -244
1258 e -514 -287
1259 e -1259 1258
1260 e -507 -294
1261 e -1261 1259
1262 a 1260 1262
1263 e -936 242
1264 e -723 266
1265 e -1265 1264
1266 e -702 287
1267 e -1267 1265
1268 a 1266 1268
1269 e -943 242
1270 e -730 266
1271 e -1271 1270
1272 e -702 294
1273 e -1273 1271
1274 a 1272 1274
1275 e -1161 -242
1276 e -730 -287
1277 e -1277 1276
1278 e -723 -294
1279 e -1279 1277
1280 a 1278 1280
1281 e -1161 -266
1282 e -943 -287
1283 e -1283 1282
1284 e -936 -294
1285 e -1285 1283
1286 a 1284 1286
1287 e -936 465
1288 e -723 486
1289 e -1289 1288
1290 e -702 507
1291 e -1291 1289
1292 a 1290 1292
1293 e -943 465
1294 e -730 486
1295 e -1295 1294
1296 e -702 514
1297 e -1297 1295
1298 a 1296 1298
1299 e -1161 -465
1300 e -730 -507
1301 e -1301 1300
1302 e -723 -514
1303 e -1303 1301
1304 a 1302 1304
1305 e -1161 -486
1306 e -943 -507
1307 e -1307 1306
1308 e -936 -514
1309 e -1309 1307
1310 a 1308 1310
1311 e -1161 -702
1312 e -943 -723
1313 e -1313 1312
1314 e -936 -730
1315 e -1315 1313
1316 a 1314 1316
1317 e -472 -28
1318 e -250 -25
1319 e -1319 1318
1320 e -252 -23
1321 e -1321 1319
1322 a 1320 1322
1323 e -493 -28
1324 e -273 -25
1325 e -1325 1324
1326 e -252 -48
1327 e -1327 1325
1328 a 1326 1328
1329 e -507 -28
1330 e -287 -25
1331 e -1331 1330
1332 e -252 -62
1333 e -1333 1331
1334 a 1332 1334
1335 e -521 28
1336 e -301 25
1337 e -1337 1336
1338 e -252 76
1339 e -1339 1337
1340 a 1338 1340
1341 e -709 -28
1342 e -273 -23
1343 e -1343 1342
1344 e -250 -48
1345 e -1345 1343
1346 a 1344 1346
1347 e -723 -28
1348 e -287 -23
1349 e -1349 1348
1350 e -250 -62
1351 e -1351 1349
1352 a 1350 1352
1353 e -737 28
1354 e -301 23
1355 e -1355 1354
1356 e -250 76
1357 e -1357 1355
1358 a 1356 1358
1359 e -936 -28
1360 e -287 -48
1361 e -1361 1360
1362 e -273 -62
1363 e -1363 1361
1364 a 1362 1364
1365 e -950 28
1366 e -301 48
1367 e -1367 1366
1368 e -273 76
1369 e -1369 1367
1370 a 1368 1370
1371 e -1161 28
1372 e -301 62
1373 e -1373 1372
1374 e -287 76
1375 e -1375 1373
1376 a 1374 1376
1377 e -709 -25
1378 e -493 -23
1379 e -1379 1378
1380 e -472 -48
1381 e -1381 1379
1382 a 1380 1382
1383 e -723 -25
1384 e -507 -23
1385 e -1385 1384
1386 e -472 -62
1387 e -1387 1385
1388 a 1386 1388
1389 e -737 25
1390 e -521 23
1391 e -1391 1390
1392 e -472 76
1393 e -1393 1391
1394 a 1392 1394
1395 e -936 -25
1396 e -507 -48
1397 e -1397 1396
1398 e -493 -62
1399 e -1399 1397
1400 a 1398 1400
1401 e -950 25
1402 e -521 48
1403 e -1403 1402
1404 e -493 76
1405 e -1405 1403
1406 a 1404 1406
1407 e -1161 25
1408 e -521 62
1409 e -1409 1408
1410 e -507 76
1411 e -1411 1409
1412 a 1410 1412
1413 e -936 -23
1414 e -723 -48
1415 e -1415 1414
1416 e -709 -62
1417 e -1417 1415
1418 a 1416 1418
1419 e -950 23
1420 e -737 48
1421 e -1421 1420
1422 e -709 76
1423 e -1423 1421
1424 a 1422 1424
1425 e -1161 23
1426 e -737 62
1427 e -1427 1426
1428 e -723 76
1429 e -1429 1427
1430 a 1428 1430
1431 e -1161 48
1432 e -950 62
1433 e -1433 1432
1434 e -936 76
1435 e -1435 1433
1436 a 1434 1436
1437 e -709 -252
1438 e -493 -250
1439 e -1439 1438
1440 e -472 -273
1441 e -1441 1439
1442 a 1440 1442
1443 e -723 -252
1444 e -507 -250
1445 e -1445 1444
1446 e -472 -287
1447 e -1447 1445
1448 a 1446 1448
1449 e -737 252
1450 e -521 250
1451 e -1451 1450
1452 e -472 301
1453 e -1453 1451
1454 a 1452 1454
1455 e -936 -252
1456 e -507 -273
1457 e -1457 1456
1458 e -493 -287
1459 e -1459 1457
1460 a 1458 1460
1461 e -950 252
1462 e -521 273
1463 e -1463 1462
1464 e -493 301
1465 e -1465 1463
1466 a 1464 1466
1467 e -1161 252
1468 e -521 287
1469 e -1469 1468
1470 e -507 301
1471 e -1471 1469
1472 a 1470 1472
1473 e -936 -250
1474 e -723 -273
1475 e -1475 1474
1476 e -709 -287
1477 e -1477 1475
1478 a 1476 1478
1479 e -950 250
1480 e -737 273
1481 e -1481 1480
1482 e -709 301
1483 e -1483 1481
1484 a 1482 1484
1485 e -1161 250
1486 e -737 287
1487 e -1487 1486
1488 e -723 301
1489 e -1489 1487
1490 a 1488 1490
1491 e -1161 273
1492 e -950 287
1493 e -1493 1492
1494 e -936 301
1495 e -1495 1493
1496 a 1494 1496
1497 e -936 -472
1498 e -723 -493
1499 e -1499 1498
1500 e -709 -507
1501 e -1501 1499
1502 a 1500 1502
1503 e -950 472
1504 e -737 493
1505 e -1505 1504
1506 e -709 521
1507 e -1507 1505
1508 a 1506 1508
1509 e -1161 472
1510 e -737 507
1511 e -1511 1510
1512 e -723 521
1513 e -1513 1511
1514 a 1512 1514
1515 e -1161 493
1516 e -950 507
1517 e -1517 1516
1518 e -936 521
1519 e -1519 1517
1520 a 1518 1520
1521 e -1161 709
1522 e -950 723
1523 e -1523 1522
1524 e -936 737
1525 e -1525 1523
1526 a 1524 1526
1527 e -479 -37
1528 e -258 -34
1529 e -1529 1528
1530 e -260 -32
1531 e -1531 1529
1532 a 1530 1532
1533 e -500 -37
1534 e -280 -34
1535 e -1535 1534
1536 e -260 -55
1537 e -1537 1535
1538 a 1536 1538
1539 e -514 -37
1540 e -294 -34
1541 e -1541 1540
1542 e -260 -69
1543 e -1543 1541
1544 a 1542 1544
1545 e -521 -37
1546 e -301 -34
1547 e -1547 1546
1548 e -260 -76
1549 e -1549 1547
1550 a 1548 1550
1551 e -716 -37
1552 e -280 -32
1553 e -1553 1552
1554 e -258 -55
1555 e -1555 1553
1556 a 1554 1556
1557 e -730 -37
1558 e -294 -32
1559 e -1559 1558
1560 e -258 -69
1561 e -1561 1559
1562 a 1560 1562
1563 e -737 -37
1564 e -301 -32
1565 e -1565 1564
1566 e -258 -76
1567 e -1567 1565
1568 a 1566 1568
1569 e -943 -37
1570 e -294 -55
1571 e -1571 1570
1572 e -280 -69
1573 e -1573 1571
1574 a 1572 1574
1575 e -950 -37
1576 e -301 -55
1577 e -1577 1576
1578 e -280 -76
1579 e -1579 1577
1580 a 1578 1580
1581 e -1161 -37
1582 e -301 -69
1583 e -1583 1582
1584 e -294 -76
1585 e -1585 1583
1586 a 1584 1586
1587 e -716 -34
1588 e -500 -32
1589 e -1589 1588
1590 e -479 -55
1591 e -1591 1589
1592 a 1590 1592
1593 e -730 -34
1594 e -514 -32
1595 e -1595 1594
1596 e -479 -69
1597 e -1597 1595
1598 a 1596 1598
1599 e -737 -34
1600 e -521 -32
1601 e -1601 1600
1602 e -479 -76
1603 e -1603 1601
1604 a 1602 1604
1605 e -943 -34
1606 e -514 -55
1607 e -1607 1606
1608 e -500 -69
1609 e -1609 1607
1610 a 1608 1610
1611 e -950 -34
1612 e -521 -55
1613 e -1613 1612
1614 e -500 -76
1615 e -1615 1613
1616 a 1614 1616
1617 e -1161 -34
1618 e -521 -69
1619 e -1619 1618
1620 e -514 -76
1621 e -1621 1619
1622 a 1620 1622
1623 e -943 -32
1624 e -730 -55
1625 e -1625 1624
1626 e -716 -69
1627 e -1627 1625
1628 a 1626 1628
1629 e -950 -32
1630 e -737 -55
1631 e -1631 1630
1632 e -716 -76
1633 e -1633 1631
1634 a 1632 1634
1635 e -1161 -32
1636 e -737 -69
1637 e -1637 1636
1638 e -730 -76
1639 e -1639 1637
1640 a 1638 1640
1641 e -1161 -55
1642 e -950 -69
1643 e -1643 1642
1644 e -943 -76
1645 e -1645 1643
1646 a 1644 1646
1647 e -716 -260
1648 e -500 -258
1649 e -1649 1648
1650 e -479 -280
1651 e -1651 1649
1652 a 1650 1652
1653 e -730 -260
1654 e -514 -258
1655 e -1655 1654
1656 e -479 -294
1657 e -1657 1655
1658 a 1656 1658
1659 e -737 -260
1660 e -521 -258
1661 e -1661 1660
1662 e -479 -301
1663 e -1663 1661
1664 a 1662 1664
1665 e -943 -260
1666 e -514 -280
1667 e -1667 1666
1668 e -500 -294
1669 e -1669 1667
1670 a 1668 1670
1671 e -950 -260
1672 e -521 -280
1673 e -1673 1672
1674 e -500 -301
1675 e -1675 1673
1676 a 1674 1676
1677 e -1161 -260
1678 e -521 -294
1679 e -1679 1678
1680 e -514 -301
1681 e -1681 1679
1682 a 1680 1682
1683 e -943 -258
1684 e -730 -280
1685 e -1685 1684
1686 e -716 -294
1687 e -1687 1685
1688 a 1686 1688
1689 e -950 -258
1690 e -737 -280
1691 e -1691 1690
1692 e -716 -301
1693 e -1693 1691
1694 a 1692 1694
1695 e -1161 -258
1696 e -737 -294
1697 e -1697 1696
1698 e -730 -301
1699 e -1699 1697
1700 a 1698 1700
1701 e -1161 -280
1702 e -950 -294
1703 e -1703 1702
1704 e -943 -301
1705 e -1705 1703
1706 a 1704 1706
1707 e -943 -479
1708 e -730 -500
1709 e -1709 1708
1710 e -716 -514
1711 e -1711 1709
1712 a 1710 1712
1713 e -950 -479
1714 e -737 -500
1715 e -1715 1714
1716 e -716 -521
1717 e -1717 1715
1718 a 1716 1718
1719 e -1161 -479
1720 e -737 -514
1721 e -1721 1720
1722 e -730 -521
1723 e -1723 1721
1724 a 1722 1724
1725 e -1161 -500
1726 e -950 -514
1727 e -1727 1726
1728 e -943 -521
1729 e -1729 1727
1730 a 1728 1730
1731 e -1161 -716
1732 e -950 -730
1733 e -1733 1732
1734 e -943 -737
1735 e -1735 1733
1736 a 1734 1736
1738 e -1738 -2
1740 e -1740 -5
1741 e -1741 1739
1743 e -1743 -9
1744 e -1744 1741
1745 a 1742 1745
1747 e -1747 -2
1749 e -1749 -5
1750 e -1750 1748
1751 e -1743 -19
1752 e -1752 1750
1753 a 1751 1753
1755 e -1755 -2
1757 e -1757 -5
1758 e -1758 1756
1759 e -1743 -28
1760 e -1760 1758
1761 a 1759 1761
1763 e -1763 -2
1765 e -1765 -5
1766 e -1766 1764
1767 e -1743 -37
1768 e -1768 1766
1769 a 1767 1769
1771 e -1771 -2
1772 e -1749 -9
1773 e -1773 1772
1774 e -1740 -19
1775 e -1775 1773
1776 a 1774 1776
1778 e -1778 -2
1779 e -1757 -9
1780 e -1780 1779
1781 e -1740 -28
1782 e -1782 1780
1783 a 1781 1783
1785 e -1785 -2
1786 e -1765 -9
1787 e -1787 1786
1788 e -1740 -37
1789 e -1789 1787
1790 a 1788 1790
1792 e -1792 -2
1793 e -1757 -19
1794 e -1794 1793
1795 e -1749 -28
1796 e -1796 1794
1797 a 1795 1797
1799 e -1799 -2
1800 e -1765 -19
1801 e -1801 1800
1802 e -1749 -37
1803 e -1803 1801
1804 a 1802 1804
1806 e -1806 -2
1807 e -1765 -28
1808 e -1808 1807
1809 e -1757 -37
1810 e -1810 1808
1811 a 1809 1811
1812 e -1771 -5
1813 e -1747 -9
1814 e -1814 1813
1815 e -1738 -19
1816 e -1816 1814
1817 a 1815 1817
1818 e -1778 -5
1819 e -1755 -9
1820 e -1820 1819
1821 e -1738 -28
1822 e -1822 1820
1823 a 1821 1823
1824 e -1785 -5
1825 e -1763 -9
1826 e -1826 1825
1827 e -1738 -37
1828 e -1828 1826
1829 a 1827 1829
1830 e -1792 -5
1831 e -1755 -19
1832 e -1832 1831
1833 e -1747 -28
1834 e -1834 1832
1835 a 1833 1835
1836 e -1799 -5
1837 e -1763 -19
1838 e -1838 1837
1839 e -1747 -37
1840 e -1840 1838
1841 a 1839 1841
1842 e -1806 -5
1843 e -1763 -28
1844 e -1844 1843
1845 e -1755 -37
1846 e -1846 1844
1847 a 1845 1847
1848 e -1792 -9
1849 e -1778 -19
1850 e -1850 1849
1851 e -1771 -28
1852 e -1852 1850
1853 a 1851 1853
1854 e -1799 -9
1855 e -1785 -19
1856 e -1856 1855
1857 e -1771 -37
1858 e -1858 1856
1859 a 1857 1859
1860 e -1806 -9
1861 e -1785 -28
1862 e -1862 1861
1863 e -1778 -37
1864 e -1864 1862
1865 a 1863 1865
1866 e -1806 -19
1867 e -1799 -28
1868 e -1868 1867
1869 e -1792 -37
1870 e -1870 1868
1871 a 1869 1871
1872 e -1771 -1743
1873 e -1747 -1740
1874 e -1874 1873
1875 e -1749 -1738
1876 e -1876 1874
1877 a 1875 1877
1878 e -1778 -1743
1879 e -1755 -1740
1880 e -1880 1879
1881 e -1757 -1738
1882 e -1882 1880
1883 a 1881 1883
1884 e -1785 -1743
1885 e -1763 -1740
1886 e -1886 1885
1887 e -1765 -1738
1888 e -1888 1886
1889 a 1887 1889
1890 e -1792 -1743
1891 e -1755 -1749
1892 e -1892 1891
1893 e -1757 -1747
1894 e -1894 1892
1895 a 1893 1895
1896 e -1799 -1743
1897 e -1763 -1749
1898 e -1898 1897
1899 e -1765 -1747
1900 e -1900 1898
1901 a 1899 1901
1902 e -1806 -1743
1903 e -1763 -1757
1904 e -1904 1903
1905 e -1765 -1755
1906 e -1906 1904
1907 a 1905 1907
1908 e -1792 -1740
1909 e -1778 -1749
1910 e -1910 1909
1911 e -1771 -1757
1912 e -1912 1910
1913 a 1911 1913
1914 e -1799 -1740
1915 e -1785 -1749
1916 e -1916 1915
1917 e -1771 -1765
1918 e -1918 1916
1919 a 1917 1919
1920 e -1806 -1740
1921 e -1785 -1757
1922 e -1922 1921
1923 e -1778 -1765
1924 e -1924 1922
1925 a 1923 1925
1926 e -1806 -1749
1927 e -1799 -1757
1928 e -1928 1927
1929 e -1792 -1765
1930 e -1930 1928
1931 a 1929 1931
1932 e -1792 -1738
1933 e -1778 -1747
1934 e -1934 1933
1935 e -1771 -1755
1936 e -1936 1934
1937 a 1935 1937
1938 e -1799 -1738
1939 e -1785 -1747
1940 e -1940 1939
1941 e -1771 -1763
1942 e -1942 1940
1943 a 1941 1943
1944 e -1806 -1738
1945 e -1785 -1755
1946 e -1946 1945
1947 e -1778 -1763
1948 e -1948 1946
1949 a 1947 1949
1950 e -1806 -1747
1951 e -1799 -1755
1952 e -1952 1951
1953 e -1792 -1763
1954 e -1954 1952
1955 a 1953 1955
1956 e -1806 -1771
1957 e -1799 -1778
1958 e -1958 1957
1959 e -1792 -1785
1960 e -1960 1958
1961 a 1959 1961
1963 e -1963 2
1964 e -1740 10
1965 e -1965 1964
1966 e -1743 6
1967 e -1967 1965
1968 a 1966 1968
1970 e -1970 2
1971 e -1749 10
1972 e -1972 1971
1973 e -1743 16
1974 e -1974 1972
1975 a 1973 1975
1977 e -1977 2
1978 e -1757 10
1979 e -1979 1978
1980 e -1743 25
1981 e -1981 1979
1982 a 1980 1982
1984 e -1984 2
1985 e -1765 10
1986 e -1986 1985
1987 e -1743 34
1988 e -1988 1986
1989 a 1987 1989
1991 e -1991 2
1992 e -1749 6
1993 e -1993 1992
1994 e -1740 16
1995 e -1995 1993
1996 a 1994 1996
1998 e -1998 2
1999 e -1757 6
2000 e -2000 1999
2001 e -1740 25
2002 e -2002 2000
2003 a 2001 2003
2005 e -2005 2
2006 e -1765 6
2007 e -2007 2006
2008 e -1740 34
2009 e -2009 2007
2010 a 2008 2010
2012 e -2012 2
2013 e -1757 16
2014 e -2014 2013
2015 e -1749 25
2016 e -2016 2014
2017 a 2015 2017
2019 e -2019 2
2020 e -1765 16
2021 e -2021 2020
2022 e -1749 34
2023 e -2023 2021
2024 a 2022 2024
2026 e -2026 2
2027 e -1765 25
2028 e -2028 2027
2029 e -1757 34
2030 e -2030 2028
2031 a 2029 2031
2032 e -1991 -10
2033 e -1970 -6
2034 e -2034 2033
2035 e -1963 -16
2036 e -2036 2034
2037 a 2035 2037
2038 e -1998 -10
2039 e -1977 -6
2040 e -2040 2039
2041 e -1963 -25
2042 e -2042 2040
2043 a 2041 2043
2044 e -2005 -10
2045 e -1984 -6
2046 e -2046 2045
2047 e -1963 -34
2048 e -2048 2046
2049 a 2047 2049
2050 e -2012 -10
2051 e -1977 -16
2052 e -2052 2051
2053 e -1970 -25
2054 e -2054 2052
2055 a 2053 2055
2056 e -2019 -10
2057 e -1984 -16
2058 e -2058 2057
2059 e -1970 -34
2060 e -2060 2058
2061 a 2059 2061
2062 e -2026 -10
2063 e -1984 -25
2064 e -2064 2063
2065 e -1977 -34
2066 e -2066 2064
2067 a 2065 2067
2068 e -2012 -6
2069 e -1998 -16
2070 e -2070 2069
2071 e -1991 -25
2072 e -2072 2070
2073 a 2071 2073
2074 e -2019 -6
2075 e -2005 -16
2076 e -2076 2075
2077 e -1991 -34
2078 e -2078 2076
2079 a 2077 2079
2080 e -2026 -6
2081 e -2005 -25
2082 e -2082 2081
2083 e -1998 -34
2084 e -2084 2082
2085 a 2083 2085
2086 e -2026 -16
2087 e -2019 -25
2088 e -2088 2087
2089 e -2012 -34
2090 e -2090 2088
2091 a 2089 2091
2092 e -1991 1743
2093 e -1970 1740
2094 e -2094 2093
2095 e -1963 1749
2096 e -2096 2094
2097 a 2095 2097
2098 e -1998 1743
2099 e -1977 1740
2100 e -2100 2099
2101 e -1963 1757
2102 e -2102 2100
2103 a 2101 2103
2104 e -2005 1743
2105 e -1984 1740
2106 e -2106 2105
2107 e -1963 1765
2108 e -2108 2106
2109 a 2107 2109
2110 e -2012 1743
2111 e -1977 1749
2112 e -2112 2111
2113 e -1970 1757
2114 e -2114 2112
2115 a 2113 2115
2116 e -2019 1743
2117 e -1984 1749
2118 e -2118 2117
2119 e -1970 1765
2120 e -2120 2118
2121 a 2119 2121
2122 e -2026 1743
2123 e -1984 1757
2124 e -2124 2123
2125 e -1977 1765
2126 e -2126 2124
2127 a 2125 2127
2128 e -2012 1740
2129 e -1998 1749
2130 e -2130 2129
2131 e -1991 1757
2132 e -2132 2130
2133 a 2131 2133
2134 e -2019 1740
2135 e -2005 1749
2136 e -2136 2135
2137 e -1991 1765
2138 e -2138 2136
2139 a 2137 2139
2140 e -2026 1740
2141 e -2005 1757
2142 e -2142 2141
2143 e -1998 1765
2144 e -2144 2142
2145 a 2143 2145
2146 e -2026 1749
2147 e -2019 1757
2148 e -2148 2147
2149 e -2012 1765
2150 e -2150 2148
2151 a 2149 2151
2152 e -2012 -1963
2153 e -1998 -1970
2154 e -2154 2153
2155 e -1991 -1977
2156 e -2156 2154
2157 a 2155 2157
2158 e -2019 -1963
2159 e -2005 -1970
2160 e -2160 2159
2161 e -1991 -1984
2162 e -2162 2160
2163 a 2161 2163
2164 e -2026 -1963
2165 e -2005 -1977
2166 e -2166 2165
2167 e -1998 -1984
2168 e -2168 2166
2169 a 2167 2169
2170 e -2026 -1970
2171 e -2019 -1977
2172 e -2172 2171
2173 e -2012 -1984
2174 e -2174 2172
2175 a 2173 2175
2176 e -2026 -1991
2177 e -2019 -1998
2178 e -2178 2177
2179 e -2012 -2005
2180 e -2180 2178
2181 a 2179 2181
2182 e -1963 -5
2183 e -1738 -10
2184 e -2184 2183
2185 e -1743 -3
2186 e -2186 2184
2187 a 2185 2187
2188 e -1970 -5
2189 e -1747 -10
2190 e -2190 2189
2191 e -1743 -14
2192 e -2192 2190
2193 a 2191 2193
2194 e -1977 -5
2195 e -1755 -10
2196 e -2196 2195
2197 e -1743 -23
2198 e -2198 2196
2199 a 2197 2199
2200 e -1984 -5
2201 e -1763 -10
2202 e -2202 2201
2203 e -1743 -32
2204 e -2204 2202
2205 a 2203 2205
2207 e -2207 5
2208 e -1747 3
2209 e -2209 2208
2210 e -1738 14
2211 e -2211 2209
2212 a 2210 2212
2214 e -2214 5
2215 e -1755 3
2216 e -2216 2215
2217 e -1738 23
2218 e -2218 2216
2219 a 2217 2219
2221 e -2221 5
2222 e -1763 3
2223 e -2223 2222
2224 e -1738 32
2225 e -2225 2223
2226 a 2224 2226
2228 e -2228 5
2229 e -1755 14
2230 e -2230 2229
2231 e -1747 23
2232 e -2232 2230
2233 a 2231 2233
2235 e -2235 5
2236 e -1763 14
2237 e -2237 2236
2238 e -1747 32
2239 e -2239 2237
2240 a 2238 2240
2242 e -2242 5
2243 e -1763 23
2244 e -2244 2243
2245 e -1755 32
2246 e -2246 2244
2247 a 2245 2247
2248 e -2207 10
2249 e -1970 3
2250 e -2250 2249
2251 e -1963 14
2252 e -2252 2250
2253 a 2251 2253
2254 e -2214 10
2255 e -1977 3
2256 e -2256 2255
2257 e -1963 23
2258 e -2258 2256
2259 a 2257 2259
2260 e -2221 10
2261 e -1984 3
2262 e -2262 2261
2263 e -1963 32
2264 e -2264 2262
2265 a 2263 2265
2266 e -2228 10
2267 e -1977 14
2268 e -2268 2267
2269 e -1970 23
2270 e -2270 2268
2271 a 2269 2271
2272 e -2235 10
2273 e -1984 14
2274 e -2274 2273
2275 e -1970 32
2276 e -2276 2274
2277 a 2275 2277
2278 e -2242 10
2279 e -1984 23
2280 e -2280 2279
2281 e -1977 32
2282 e -2282 2280
2283 a 2281 2283
2284 e -2228 -3
2285 e -2214 -14
2286 e -2286 2285
2287 e -2207 -23
2288 e -2288 2286
2289 a 2287 2289
2290 e -2235 -3
2291 e -2221 -14
2292 e -2292 2291
2293 e -2207 -32
2294 e -2294 2292
2295 a 2293 2295
2296 e -2242 -3
2297 e -2221 -23
2298 e -2298 2297
2299 e -2214 -32
2300 e -2300 2298
2301 a 2299 2301
2302 e -2242 -14
2303 e -2235 -23
2304 e -2304 2303
2305 e -2228 -32
2306 e -2306 2304
2307 a 2305 2307
2308 e -2207 -1743
2309 e -1970 -1738
2310 e -2310 2309
2311 e -1963 -1747
2312 e -2312 2310
2313 a 2311 2313
2314 e -2214 -1743
2315 e -1977 -1738
2316 e -2316 2315
2317 e -1963 -1755
2318 e -2318 2316
2319 a 2317 2319
2320 e -2221 -1743
2321 e -1984 -1738
2322 e -2322 2321
2323 e -1963 -1763
2324 e -2324 2322
2325 a 2323 2325
2326 e -2228 -1743
2327 e -1977 -1747
2328 e -2328 2327
2329 e -1970 -1755
2330 e -2330 2328
2331 a 2329 2331
2332 e -2235 -1743
2333 e -1984 -1747
2334 e -2334 2333
2335 e -1970 -1763
2336 e -2336 2334
2337 a 2335 2337
2338 e -2242 -1743
2339 e -1984 -1755
2340 e -2340 2339
2341 e -1977 -1763
2342 e -2342 2340
2343 a 2341 2343
2344 e -2228 1738
2345 e -2214 1747
2346 e -2346 2345
2347 e -2207 1755
2348 e -2348 2346
2349 a 2347 2349
2350 e -2235 1738
2351 e -2221 1747
2352 e -2352 2351
2353 e -2207 1763
2354 e -2354 2352
2355 a 2353 2355
2356 e -2242 1738
2357 e -2221 1755
2358 e -2358 2357
2359 e -2214 1763
2360 e -2360 2358
2361 a 2359 2361
2362 e -2242 1747
2363 e -2235 1755
2364 e -2364 2363
2365 e -2228 1763
2366 e -2366 2364
2367 a 2365 2367
2368 e -2228 1963
2369 e -2214 1970
2370 e -2370 2369
2371 e -2207 1977
2372 e -2372 2370
2373 a 2371 2373
2374 e -2235 1963
2375 e -2221 1970
2376 e -2376 2375
2377 e -2207 1984
2378 e -2378 2376
2379 a 2377 2379
2380 e -2242 1963
2381 e -2221 1977
2382 e -2382 2381
2383 e -2214 1984
2384 e -2384 2382
2385 a 2383 2385
2386 e -2242 1970
2387 e -2235 1977
2388 e -2388 2387
2389 e -2228 1984
2390 e -2390 2388
2391 a 2389 2391
2392 e -2242 -2207
2393 e -2235 -2214
2394 e -2394 2393
2395 e -2228 -2221
2396 e -2396 2394
2397 a 2395 2397
2398 e -1963 9
2399 e -1738 6
2400 e -2400 2399
2401 e -1740 3
2402 e -2402 2400
2403 a 2401 2403
2404 e -1991 -9
2405 e -1771 -6
2406 e -2406 2405
2407 e -1740 -41
2408 e -2408 2406
2409 a 2407 2409
2410 e -1998 -9
2411 e -1778 -6
2412 e -2412 2411
2413 e -1740 -48
2414 e -2414 2412
2415 a 2413 2415
2416 e -2005 -9
2417 e -1785 -6
2418 e -2418 2417
2419 e -1740 -55
2420 e -2420 2418
2421 a 2419 2421
2422 e -2207 -9
2423 e -1771 -3
2424 e -2424 2423
2425 e -1738 -41
2426 e -2426 2424
2427 a 2425 2427
2428 e -2214 -9
2429 e -1778 -3
2430 e -2430 2429
2431 e -1738 -48
2432 e -2432 2430
2433 a 2431 2433
2434 e -2221 -9
2435 e -1785 -3
2436 e -2436 2435
2437 e -1738 -55
2438 e -2438 2436
2439 a 2437 2439
2441 e -2441 9
2442 e -1778 41
2443 e -2443 2442
2444 e -1771 48
2445 e -2445 2443
2446 a 2444 2446
2448 e -2448 9
2449 e -1785 41
2450 e -2450 2449
2451 e -1771 55
2452 e -2452 2450
2453 a 2451 2453
2455 e -2455 9
2456 e -1785 48
2457 e -2457 2456
2458 e -1778 55
2459 e -2459 2457
2460 a 2458 2460
2461 e -2207 -6
2462 e -1991 -3
2463 e -2463 2462
2464 e -1963 -41
2465 e -2465 2463
2466 a 2464 2466
2467 e -2214 -6
2468 e -1998 -3
2469 e -2469 2468
2470 e -1963 -48
2471 e -2471 2469
2472 a 2470 2472
2473 e -2221 -6
2474 e -2005 -3
2475 e -2475 2474
2476 e -1963 -55
2477 e -2477 2475
2478 a 2476 2478
2479 e -2441 6
2480 e -1998 41
2481 e -2481 2480
2482 e -1991 48
2483 e -2483 2481
2484 a 2482 2484
2485 e -2448 6
2486 e -2005 41
2487 e -2487 2486
2488 e -1991 55
2489 e -2489 2487
2490 a 2488 2490
2491 e -2455 6
2492 e -2005 48
2493 e -2493 2492
2494 e -1998 55
2495 e -2495 2493
2496 a 2494 2496
2497 e -2441 3
2498 e -2214 41
2499 e -2499 2498
2500 e -2207 48
2501 e -2501 2499
2502 a 2500 2502
2503 e -2448 3
2504 e -2221 41
2505 e -2505 2504
2506 e -2207 55
2507 e -2507 2505
2508 a 2506 2508
2509 e -2455 3
2510 e -2221 48
2511 e -2511 2510
2512 e -2214 55
2513 e -2513 2511
2514 a 2512 2514
2515 e -2455 -41
2516 e -2448 -48
2517 e -2517 2516
2518 e -2441 -55
2519 e -2519 2517
2520 a 2518 2520
2521 e -2207 1740
2522 e -1991 1738
2523 e -2523 2522
2524 e -1963 1771
2525 e -2525 2523
2526 a 2524 2526
2527 e -2214 1740
2528 e -1998 1738
2529 e -2529 2528
2530 e -1963 1778
2531 e -2531 2529
2532 a 2530 2532
2533 e -2221 1740
2534 e -2005 1738
2535 e -2535 2534
2536 e -1963 1785
2537 e -2537 2535
2538 a 2536 2538
2539 e -2441 -1740
2540 e -1998 -1771
2541 e -2541 2540
2542 e -1991 -1778
2543 e -2543 2541
2544 a 2542 2544
2545 e -2448 -1740
2546 e -2005 -1771
2547 e -2547 2546
2548 e -1991 -1785
2549 e -2549 2547
2550 a 2548 2550
2551 e -2455 -1740
2552 e -2005 -1778
2553 e -2553 2552
2554 e -1998 -1785
2555 e -2555 2553
2556 a 2554 2556
2557 e -2441 -1738
2558 e -2214 -1771
2559 e -2559 2558
2560 e -2207 -1778
2561 e -2561 2559
2562 a 2560 2562
2563 e -2448 -1738
2564 e -2221 -1771
2565 e -2565 2564
2566 e -2207 -1785
2567 e -2567 2565
2568 a 2566 2568
2569 e -2455 -1738
2570 e -2221 -1778
2571 e -2571 2570
2572 e -2214 -1785
2573 e -2573 2571
2574 a 2572 2574
2575 e -2455 1771
2576 e -2448 1778
2577 e -2577 2576
2578 e -2441 1785
2579 e -2579 2577
2580 a 2578 2580
2581 e -2441 -1963
2582 e -2214 -1991
2583 e -2583 2582
2584 e -2207 -1998
2585 e -2585 2583
2586 a 2584 2586
2587 e -2448 -1963
2588 e -2221 -1991
2589 e -2589 2588
2590 e -2207 -2005
2591 e -2591 2589
2592 a 2590 2592
2593 e -2455 -1963
2594 e -2221 -1998
2595 e -2595 2594
2596 e -2214 -2005
2597 e -2597 2595
2598 a 2596 2598
2599 e -2455 1991
2600 e -2448 1998
2601 e -2601 2600
2602 e -2441 2005
2603 e -2603 2601
2604 a 2602 2604
2605 e -2455 2207
2606 e -2448 2214
2607 e -2607 2606
2608 e -2441 2221
2609 e -2609 2607
2610 a 2608 2610
2611 e -1970 19
2612 e -1747 16
2613 e -2613 2612
2614 e -1749 14
2615 e -2615 2613
2616 a 2614 2616
2617 e -1991 19
2618 e -1771 16
2619 e -2619 2618
2620 e -1749 41
2621 e -2621 2619
2622 a 2620 2622
2623 e -2012 -19
2624 e -1792 -16
2625 e -2625 2624
2626 e -1749 -62
2627 e -2627 2625
2628 a 2626 2628
2629 e -2019 -19
2630 e -1799 -16
2631 e -2631 2630
2632 e -1749 -69
2633 e -2633 2631
2634 a 2632 2634
2635 e -2207 19
2636 e -1771 14
2637 e -2637 2636
2638 e -1747 41
2639 e -2639 2637
2640 a 2638 2640
2641 e -2228 -19
2642 e -1792 -14
2643 e -2643 2642
2644 e -1747 -62
2645 e -2645 2643
2646 a 2644 2646
2647 e -2235 -19
2648 e -1799 -14
2649 e -2649 2648
2650 e -1747 -69
2651 e -2651 2649
2652 a 2650 2652
2653 e -2441 -19
2654 e -1792 -41
2655 e -2655 2654
2656 e -1771 -62
2657 e -2657 2655
2658 a 2656 2658
2659 e -2448 -19
2660 e -1799 -41
2661 e -2661 2660
2662 e -1771 -69
2663 e -2663 2661
2664 a 2662 2664
2666 e -2666 19
2667 e -1799 62
2668 e -2668 2667
2669 e -1792 69
2670 e -2670 2668
2671 a 2669 2671
2672 e -2207 16
2673 e -1991 14
2674 e -2674 2673
2675 e -1970 41
2676 e -2676 2674
2677 a 2675 2677
2678 e -2228 -16
2679 e -2012 -14
2680 e -2680 2679
2681 e -1970 -62
2682 e -2682 2680
2683 a 2681 2683
2684 e -2235 -16
2685 e -2019 -14
2686 e -2686 2685
2687 e -1970 -69
2688 e -2688 2686
2689 a 2687 2689
2690 e -2441 -16
2691 e -2012 -41
2692 e -2692 2691
2693 e -1991 -62
2694 e -2694 2692
2695 a 2693 2695
2696 e -2448 -16
2697 e -2019 -41
2698 e -2698 2697
2699 e -1991 -69
2700 e -2700 2698
2701 a 2699 2701
2702 e -2666 16
2703 e -2019 62
2704 e -2704 2703
2705 e -2012 69
2706 e -2706 2704
2707 a 2705 2707
2708 e -2441 -14
2709 e -2228 -41
2710 e -2710 2709
2711 e -2207 -62
2712 e -2712 2710
2713 a 2711 2713
2714 e -2448 -14
2715 e -2235 -41
2716 e -2716 2715
2717 e -2207 -69
2718 e -2718 2716
2719 a 2717 2719
2720 e -2666 14
2721 e -2235 62
2722 e -2722 2721
2723 e -2228 69
2724 e -2724 2722
2725 a 2723 2725
2726 e -2666 41
2727 e -2448 62
2728 e -2728 2727
2729 e -2441 69
2730 e -2730 2728
2731 a 2729 2731
2732 e -2207 -1749
2733 e -1991 -1747
2734 e -2734 2733
2735 e -1970 -1771
2736 e -2736 2734
2737 a 2735 2737
2738 e -2228 1749
2739 e -2012 1747
2740 e -2740 2739
2741 e -1970 1792
2742 e -2742 2740
2743 a 2741 2743
2744 e -2235 1749
2745 e -2019 1747
2746 e -2746 2745
2747 e -1970 1799
2748 e -2748 2746
2749 a 2747 2749
2750 e -2441 1749
2751 e -2012 1771
2752 e -2752 2751
2753 e -1991 1792
2754 e -2754 2752
2755 a 2753 2755
2756 e -2448 1749
2757 e -2019 1771
2758 e -2758 2757
2759 e -1991 1799
2760 e -2760 2758
2761 a 2759 2761
2762 e -2666 -1749
2763 e -2019 -1792
2764 e -2764 2763
2765 e -2012 -1799
2766 e -2766 2764
2767 a 2765 2767
2768 e -2441 1747
2769 e -2228 1771
2770 e -2770 2769
2771 e -2207 1792
2772 e -2772 2770
2773 a 2771 2773
2774 e -2448 1747
2775 e -2235 1771
2776 e -2776 2775
2777 e -2207 1799
2778 e -2778 2776
2779 a 2777 2779
2780 e -2666 -1747
2781 e -2235 -1792
2782 e -2782 2781
2783 e -2228 -1799
2784 e -2784 2782
2785 a 2783 2785
2786 e -2666 -1771
2787 e -2448 -1792
2788 e -2788 2787
2789 e -2441 -1799
2790 e -2790 2788
2791 a 2789 2791
2792 e -2441 1970
2793 e -2228 1991
2794 e -2794 2793
2795 e -2207 2012
2796 e -2796 2794
2797 a 2795 2797
2798 e -2448 1970
2799 e -2235 1991
2800 e -2800 2799
2801 e -2207 2019
2802 e -2802 2800
2803 a 2801 2803
2804 e -2666 -1970
2805 e -2235 -2012
2806 e -2806 2805
2807 e -2228 -2019
2808 e -2808 2806
2809 a 2807 2809
2810 e -2666 -1991
2811 e -2448 -2012
2812 e -2812 2811
2813 e -2441 -2019
2814 e -2814 2812
2815 a 2813 2815
2816 e -2666 -2207
2817 e -2448 -2228
2818 e -2818 2817
2819 e -2441 -2235
2820 e -2820 2818
2821 a 2819 2821
2822 e -1977 28
2823 e -1755 25
2824 e -2824 2823
2825 e -1757 23
2826 e -2826 2824
2827 a 2825 2827
2828 e -1998 28
2829 e -1778 25
2830 e -2830 2829
2831 e -1757 48
2832 e -2832 2830
2833 a 2831 2833
2834 e -2012 28
2835 e -1792 25
2836 e -2836 2835
2837 e -1757 62
2838 e -2838 2836
2839 a 2837 2839
2840 e -2026 -28
2841 e -1806 -25
2842 e -2842 2841
2843 e -1757 -76
2844 e -2844 2842
2845 a 2843 2845
2846 e -2214 28
2847 e -1778 23
2848 e -2848 2847
2849 e -1755 48
2850 e -2850 2848
2851 a 2849 2851
2852 e -2228 28
2853 e -1792 23
2854 e -2854 2853
2855 e -1755 62
2856 e -2856 2854
2857 a 2855 2857
2858 e -2242 -28
2859 e -1806 -23
2860 e -2860 2859
2861 e -1755 -76
2862 e -2862 2860
2863 a 2861 2863
2864 e -2441 28
2865 e -1792 48
2866 e -2866 2865
2867 e -1778 62
2868 e -2868 2866
2869 a 2867 2869
2870 e -2455 -28
2871 e -1806 -48
2872 e -2872 2871
2873 e -1778 -76
2874 e -2874 2872
2875 a 2873 2875
2876 e -2666 -28
2877 e -1806 -62
2878 e -2878 2877
2879 e -1792 -76
2880 e -2880 2878
2881 a 2879 2881
2882 e -2214 25
2883 e -1998 23
2884 e -2884 2883
2885 e -1977 48
2886 e -2886 2884
2887 a 2885 2887
2888 e -2228 25
2889 e -2012 23
2890 e -2890 2889
2891 e -1977 62
2892 e -2892 2890
2893 a 2891 2893
2894 e -2242 -25
2895 e -2026 -23
2896 e -2896 2895
2897 e -1977 -76
2898 e -2898 2896
2899 a 2897 2899
2900 e -2441 25
2901 e -2012 48
2902 e -2902 2901
2903 e -1998 62
2904 e -2904 2902
2905 a 2903 2905
2906 e -2455 -25
2907 e -2026 -48
2908 e -2908 2907
2909 e -1998 -76
2910 e -2910 2908
2911 a 2909 2911
2912 e -2666 -25
2913 e -2026 -62
2914 e -2914 2913
2915 e -2012 -76
2916 e -2916 2914
2917 a 2915 2917
2918 e -2441 23
2919 e -2228 48
2920 e -2920 2919
2921 e -2214 62
2922 e -2922 2920
2923 a 2921 2923
2924 e -2455 -23
2925 e -2242 -48
2926 e -2926 2925
2927 e -2214 -76
2928 e -2928 2926
2929 a 2927 2929
2930 e -2666 -23
2931 e -2242 -62
2932 e -2932 2931
2933 e -2228 -76
2934 e -2934 2932
2935 a 2933 2935
2936 e -2666 -48
2937 e -2455 -62
2938 e -2938 2937
2939 e -2441 -76
2940 e -2940 2938
2941 a 2939 2941
2942 e -2214 -1757
2943 e -1998 -1755
2944 e -2944 2943
2945 e -1977 -1778
2946 e -2946 2944
2947 a 2945 2947
2948 e -2228 -1757
2949 e -2012 -1755
2950 e -2950 2949
2951 e -1977 -1792
2952 e -2952 2950
2953 a 2951 2953
2954 e -2242 1757
2955 e -2026 1755
2956 e -2956 2955
2957 e -1977 1806
2958 e -2958 2956
2959 a 2957 2959
2960 e -2441 -1757
2961 e -2012 -1778
2962 e -2962 2961
2963 e -1998 -1792
2964 e -2964 2962
2965 a 2963 2965
2966 e -2455 1757
2967 e -2026 1778
2968 e -2968 2967
2969 e -1998 1806
2970 e -2970 2968
2971 a 2969 2971
2972 e -2666 1757
2973 e -2026 1792
2974 e -2974 2973
2975 e -2012 1806
2976 e -2976 2974
2977 a 2975 2977
2978 e -2441 -1755
2979 e -2228 -1778
2980 e -2980 2979
2981 e -2214 -1792
2982 e -2982 2980
2983 a 2981 2983
2984 e -2455 1755
2985 e -2242 1778
2986 e -2986 2985
2987 e -2214 1806
2988 e -2988 2986
2989 a 2987 2989
2990 e -2666 1755
2991 e -2242 1792
2992 e -2992 2991
2993 e -2228 1806
2994 e -2994 2992
2995 a 2993 2995
2996 e -2666 1778
2997 e -2455 1792
2998 e -2998 2997
2999 e -2441 1806
3000 e -3000 2998
3001 a 2999 3001
3002 e -2441 -1977
3003 e -2228 -1998
3004 e -3004 3003
3005 e -2214 -2012
3006 e -3006 3004
3007 a 3005 3007
3008 e -2455 1977
3009 e -2242 1998
3010 e -3010 3009
3011 e -2214 2026
3012 e -3012 3010
3013 a 3011 3013
3014 e -2666 1977
3015 e -2242 2012
3016 e -3016 3015
3017 e -2228 2026
3018 e -3018 3016
3019 a 3017 3019
3020 e -2666 1998
3021 e -2455 2012
3022 e -3022 3021
3023 e -2441 2026
3024 e -3024 3022
3025 a 3023 3025
3026 e -2666 2214
3027 e -2455 2228
3028 e -3028 3027
3029 e -2441 2242
3030 e -3030 3028
3031 a 3029 3031
3032 e -1984 37
3033 e -1763 34
3034 e -3034 3033
3035 e -1765 32
3036 e -3036 3034
3037 a 3035 3037
3038 e -2005 37
3039 e -1785 34
3040 e -3040 3039
3041 e -1765 55
3042 e -3042 3040
3043 a 3041 3043
3044 e -2019 37
3045 e -1799 34
3046 e -3046 3045
3047 e -1765 69
3048 e -3048 3046
3049 a 3047 3049
3050 e -2026 37
3051 e -1806 34
3052 e -3052 3051
3053 e -1765 76
3054 e -3054 3052
3055 a 3053 3055
3056 e -2221 37
3057 e -1785 32
3058 e -3058 3057
3059 e -1763 55
3060 e -3060 3058
3061 a 3059 3061
3062 e -2235 37
3063 e -1799 32
3064 e -3064 3063
3065 e -1763 69
3066 e -3066 3064
3067 a 3065 3067
3068 e -2242 37
3069 e -1806 32
3070 e -3070 3069
3071 e -1763 76
3072 e -3072 3070
3073 a 3071 3073
3074 e -2448 37
3075 e -1799 55
3076 e -3076 3075
3077 e -1785 69
3078 e -3078 3076
3079 a 3077 3079
3080 e -2455 37
3081 e -1806 55
3082 e -3082 3081
3083 e -1785 76
3084 e -3084 3082
3085 a 3083 3085
3086 e -2666 37
3087 e -1806 69
3088 e -3088 3087
3089 e -1799 76
3090 e -3090 3088
3091 a 3089 3091
3092 e -2221 34
3093 e -2005 32
3094 e -3094 3093
3095 e -1984 55
3096 e -3096 3094
3097 a 3095 3097
3098 e -2235 34
3099 e -2019 32
3100 e -3100 3099
3101 e -1984 69
3102 e -3102 3100
3103 a 3101 3103
3104 e -2242 34
3105 e -2026 32
3106 e -3106 3105
3107 e -1984 76
3108 e -3108 3106
3109 a 3107 3109
3110 e -2448 34
3111 e -2019 55
3112 e -3112 3111
3113 e -2005 69
3114 e -3114 3112
3115 a 3113 3115
3116 e -2455 34
3117 e -2026 55
3118 e -3118 3117
3119 e -2005 76
3120 e -3120 3118
3121 a 3119 3121
3122 e -2666 34
3123 e -2026 69
3124 e -3124 3123
3125 e -2019 76
3126 e -3126 3124
3127 a 3125 3127
3128 e -2448 32
3129 e -2235 55
3130 e -3130 3129
3131 e -2221 69
3132 e -3132 3130
3133 a 3131 3133
3134 e -2455 32
3135 e -2242 55
3136 e -3136 3135
3137 e -2221 76
3138 e -3138 3136
3139 a 3137 3139
3140 e -2666 32
3141 e -2242 69
3142 e -3142 3141
3143 e -2235 76
3144 e -3144 3142
3145 a 3143 3145
3146 e -2666 55
3147 e -2455 69
3148 e -3148 3147
3149 e -2448 76
3150 e -3150 3148
3151 a 3149 3151
3152 e -2221 -1765
3153 e -2005 -1763
3154 e -3154 3153
3155 e -1984 -1785
3156 e -3156 3154
3157 a 3155 3157
3158 e -2235 -1765
3159 e -2019 -1763
3160 e -3160 3159
3161 e -1984 -1799
3162 e -3162 3160
3163 a 3161 3163
3164 e -2242 -1765
3165 e -2026 -1763
3166 e -3166 3165
3167 e -1984 -1806
3168 e -3168 3166
3169 a 3167 3169
3170 e -2448 -1765
3171 e -2019 -1785
3172 e -3172 3171
3173 e -2005 -1799
3174 e -3174 3172
3175 a 3173 3175
3176 e -2455 -1765
3177 e -2026 -1785
3178 e -3178 3177
3179 e -2005 -1806
3180 e -3180 3178
3181 a 3179 3181
3182 e -2666 -1765
3183 e -2026 -1799
3184 e -3184 3183
3185 e -2019 -1806
3186 e -3186 3184
3187 a 3185 3187
3188 e -2448 -1763
3189 e -2235 -1785
3190 e -3190 3189
3191 e -2221 -1799
3192 e -3192 3190
3193 a 3191 3193
3194 e -2455 -1763
3195 e -2242 -1785
3196 e -3196 3195
3197 e -2221 -1806
3198 e -3198 3196
3199 a 3197 3199
3200 e -2666 -1763
3201 e -2242 -1799
3202 e -3202 3201
3203 e -2235 -1806
3204 e -3204 3202
3205 a 3203 3205
3206 e -2666 -1785
3207 e -2455 -1799
3208 e -3208 3207
3209 e -2448 -1806
3210 e -3210 3208
3211 a 3209 3211
3212 e -2448 -1984
3213 e -2235 -2005
3214 e -3214 3213
3215 e -2221 -2019
3216 e -3216 3214
3217 a 3215 3217
3218 e -2455 -1984
3219 e -2242 -2005
3220 e -3220 3219
3221 e -2221 -2026
3222 e -3222 3220
3223 a 3221 3223
3224 e -2666 -1984
3225 e -2242 -2019
3226 e -3226 3225
3227 e -2235 -2026
3228 e -3228 3226
3229 a 3227 3229
3230 e -2666 -2005
3231 e -2455 -2019
3232 e -3232 3231
3233 e -2448 -2026
3234 e -3234 3232
3235 a 3233 3235
3236 e -2666 -2221
3237 e -2455 -2235
3238 e -3238 3237
3239 e -2448 -2242
3240 e -3240 3238
3241 a 3239 3241
3243 e -3243 -2
3244 e -1740 -238
3245 e -3245 3244
3246 e -1743 -235
3247 e -3247 3245
3248 a 3246 3248
3250 e -3250 -2
3251 e -1749 -238
3252 e -3252 3251
3253 e -1743 -244
3254 e -3254 3252
3255 a 3253 3255
3257 e -3257 -2
3258 e -1757 -238
3259 e -3259 3258
3260 e -1743 -252
3261 e -3261 3259
3262 a 3260 3262
3264 e -3264 -2
3265 e -1765 -238
3266 e -3266 3265
3267 e -1743 -260
3268 e -3268 3266
3269 a 3267 3269
3271 e -3271 -2
3272 e -1749 -235
3273 e -3273 3272
3274 e -1740 -244
3275 e -3275 3273
3276 a 3274 3276
3278 e -3278 -2
3279 e -1757 -235
3280 e -3280 3279
3281 e -1740 -252
3282 e -3282 3280
3283 a 3281 3283
3285 e -3285 -2
3286 e -1765 -235
3287 e -3287 3286
3288 e -1740 -260
3289 e -3289 3287
3290 a 3288 3290
3292 e -3292 -2
3293 e -1757 -244
3294 e -3294 3293
3295 e -1749 -252
3296 e -3296 3294
3297 a 3295 3297
3299 e -3299 -2
3300 e -1765 -244
3301 e -3301 3300
3302 e -1749 -260
3303 e -3303 3301
3304 a 3302 3304
3306 e -3306 -2
3307 e -1765 -252
3308 e -3308 3307
3309 e -1757 -260
3310 e -3310 3308
3311 a 3309 3311
3312 e -3271 -238
3313 e -3250 -235
3314 e -3314 3313
3315 e -3243 -244
3316 e -3316 3314
3317 a 3315 3317
3318 e -3278 -238
3319 e -3257 -235
3320 e -3320 3319
3321 e -3243 -252
3322 e -3322 3320
3323 a 3321 3323
3324 e -3285 -238
3325 e -3264 -235
3326 e -3326 3325
3327 e -3243 -260
3328 e -3328 3326
3329 a 3327 3329
3330 e -3292 -238
3331 e -3257 -244
3332 e -3332 3331
3333 e -3250 -252
3334 e -3334 3332
3335 a 3333 3335
3336 e -3299 -238
3337 e -3264 -244
3338 e -3338 3337
3339 e -3250 -260
3340 e -3340 3338
3341 a 3339 3341
3342 e -3306 -238
3343 e -3264 -252
3344 e -3344 3343
3345 e -3257 -260
3346 e -3346 3344
3347 a 3345 3347
3348 e -3292 -235
3349 e -3278 -244
3350 e -3350 3349
3351 e -3271 -252
3352 e -3352 3350
3353 a 3351 3353
3354 e -3299 -235
3355 e -3285 -244
3356 e -3356 3355
3357 e -3271 -260
3358 e -3358 3356
3359 a 3357 3359
3360 e -3306 -235
3361 e -3285 -252
3362 e -3362 3361
3363 e -3278 -260
3364 e -3364 3362
3365 a 3363 3365
3366 e -3306 -244
3367 e -3299 -252
3368 e -3368 3367
3369 e -3292 -260
3370 e -3370 3368
3371 a 3369 3371
3372 e -3271 -1743
3373 e -3250 -1740
3374 e -3374 3373
3375 e -3243 -1749
3376 e -3376 3374
3377 a 3375 3377
3378 e -3278 -1743
3379 e -3257 -1740
3380 e -3380 3379
3381 e -3243 -1757
3382 e -3382 3380
3383 a 3381 3383
3384 e -3285 -1743
3385 e -3264 -1740
3386 e -3386 3385
3387 e -3243 -1765
3388 e -3388 3386
3389 a 3387 3389
3390 e -3292 -1743
3391 e -3257 -1749
3392 e -3392 3391
3393 e -3250 -1757
3394 e -3394 3392
3395 a 3393 3395
3396 e -3299 -1743
3397 e -3264 -1749
3398 e -3398 3397
3399 e -3250 -1765
3400 e -3400 3398
3401 a 3399 3401
3402 e -3306 -1743
3403 e -3264 -1757
3404 e -3404 3403
3405 e -3257 -1765
3406 e -3406 3404
3407 a 3405 3407
3408 e -3292 -1740
3409 e -3278 -1749
3410 e -3410 3409
3411 e -3271 -1757
3412 e -3412 3410
3413 a 3411 3413
3414 e -3299 -1740
3415 e -3285 -1749
3416 e -3416 3415
3417 e -3271 -1765
3418 e -3418 3416
3419 a 3417 3419
3420 e -3306 -1740
3421 e -3285 -1757
3422 e -3422 3421
3423 e -3278 -1765
3424 e -3424 3422
3425 a 3423 3425
3426 e -3306 -1749
3427 e -3299 -1757
3428 e -3428 3427
3429 e -3292 -1765
3430 e -3430 3428
3431 a 3429 3431
3432 e -3292 -3243
3433 e -3278 -3250
3434 e -3434 3433
3435 e -3271 -3257
3436 e -3436 3434
3437 a 3435 3437
3438 e -3299 -3243
3439 e -3285 -3250
3440 e -3440 3439
3441 e -3271 -3264
3442 e -3442 3440
3443 a 3441 3443
3444 e -3306 -3243
3445 e -3285 -3257
3446 e -3446 3445
3447 e -3278 -3264
3448 e -3448 3446
3449 a 3447 3449
3450 e -3306 -3250
3451 e -3299 -3257
3452 e -3452 3451
3453 e -3292 -3264
3454 e -3454 3452
3455 a 3453 3455
3456 e -3306 -3271
3457 e -3299 -3278
3458 e -3458 3457
3459 e -3292 -3285
3460 e -3460 3458
3461 a 3459 3461
3462 e -3243 5
3463 e -1738 238
3464 e -3464 3463
3465 e -1743 233
3466 e -3466 3464
3467 a 3465 3467
3468 e -3250 5
3469 e -1747 238
3470 e -3470 3469
3471 e -1743 242
3472 e -3472 3470
3473 a 3471 3473
3474 e -3257 5
3475 e -1755 238
3476 e -3476 3475
3477 e -1743 250
3478 e -3478 3476
3479 a 3477 3479
3480 e -3264 5
3481 e -1763 238
3482 e -3482 3481
3483 e -1743 258
3484 e -3484 3482
3485 a 3483 3485
3487 e -3487 -5
3488 e -1747 -233
3489 e -3489 3488
3490 e -1738 -242
3491 e -3491 3489
3492 a 3490 3492
3494 e -3494 -5
3495 e -1755 -233
3496 e -3496 3495
3497 e -1738 -250
3498 e -3498 3496
3499 a 3497 3499
3501 e -3501 -5
3502 e -1763 -233
3503 e -3503 3502
3504 e -1738 -258
3505 e -3505 3503
3506 a 3504 3506
3508 e -3508 -5
3509 e -1755 -242
3510 e -3510 3509
3511 e -1747 -250
3512 e -3512 3510
3513 a 3511 3513
3515 e -3515 -5
3516 e -1763 -242
3517 e -3517 3516
3518 e -1747 -258
3519 e -3519 3517
3520 a 3518 3520
3522 e -3522 -5
3523 e -1763 -250
3524 e -3524 3523
3525 e -1755 -258
3526 e -3526 3524
3527 a 3525 3527
3528 e -3487 238
3529 e -3250 233
3530 e -3530 3529
3531 e -3243 242
3532 e -3532 3530
3533 a 3531 3533
3534 e -3494 238
3535 e -3257 233
3536 e -3536 3535
3537 e -3243 250
3538 e -3538 3536
3539 a 3537 3539
3540 e -3501 238
3541 e -3264 233
3542 e -3542 3541
3543 e -3243 258
3544 e -3544 3542
3545 a 3543 3545
3546 e -3508 238
3547 e -3257 242
3548 e -3548 3547
3549 e -3250 250
3550 e -3550 3548
3551 a 3549 3551
3552 e -3515 238
3553 e -3264 242
3554 e -3554 3553
3555 e -3250 258
3556 e -3556 3554
3557 a 3555 3557
3558 e -3522 238
3559 e -3264 250
3560 e -3560 3559
3561 e -3257 258
3562 e -3562 3560
3563 a 3561 3563
3564 e -3508 -233
3565 e -3494 -242
3566 e -3566 3565
3567 e -3487 -250
3568 e -3568 3566
3569 a 3567 3569
3570 e -3515 -233
3571 e -3501 -242
3572 e -3572 3571
3573 e -3487 -258
3574 e -3574 3572
3575 a 3573 3575
3576 e -3522 -233
3577 e -3501 -250
3578 e -3578 3577
3579 e -3494 -258
3580 e -3580 3578
3581 a 3579 3581
3582 e -3522 -242
3583 e -3515 -250
3584 e -3584 3583
3585 e -3508 -258
3586 e -3586 3584
3587 a 3585 3587
3588 e -3487 1743
3589 e -3250 1738
3590 e -3590 3589
3591 e -3243 1747
3592 e -3592 3590
3593 a 3591 3593
3594 e -3494 1743
3595 e -3257 1738
3596 e -3596 3595
3597 e -3243 1755
3598 e -3598 3596
3599 a 3597 3599
3600 e -3501 1743
3601 e -3264 1738
3602 e -3602 3601
3603 e -3243 1763
3604 e -3604 3602
3605 a 3603 3605
3606 e -3508 1743
3607 e -3257 1747
3608 e -3608 3607
3609 e -3250 1755
3610 e -3610 3608
3611 a 3609 3611
3612 e -3515 1743
3613 e -3264 1747
3614 e -3614 3613
3615 e -3250 1763
3616 e -3616 3614
3617 a 3615 3617
3618 e -3522 1743
3619 e -3264 1755
3620 e -3620 3619
3621 e -3257 1763
3622 e -3622 3620
3623 a 3621 3623
3624 e -3508 -1738
3625 e -3494 -1747
3626 e -3626 3625
3627 e -3487 -1755
3628 e -3628 3626
3629 a 3627 3629
3630 e -3515 -1738
3631 e -3501 -1747
3632 e -3632 3631
3633 e -3487 -1763
3634 e -3634 3632
3635 a 3633 3635
3636 e -3522 -1738
3637 e -3501 -1755
3638 e -3638 3637
3639 e -3494 -1763
3640 e -3640 3638
3641 a 3639 3641
3642 e -3522 -1747
3643 e -3515 -1755
3644 e -3644 3643
3645 e -3508 -1763
3646 e -3646 3644
3647 a 3645 3647
3648 e -3508 3243
3649 e -3494 3250
3650 e -3650 3649
3651 e -3487 3257
3652 e -3652 3650
3653 a 3651 3653
3654 e -3515 3243
3655 e -3501 3250
3656 e -3656 3655
3657 e -3487 3264
3658 e -3658 3656
3659 a 3657 3659
3660 e -3522 3243
3661 e -3501 3257
3662 e -3662 3661
3663 e -3494 3264
3664 e -3664 3662
3665 a 3663 3665
3666 e -3522 3250
3667 e -3515 3257
3668 e -3668 3667
3669 e -3508 3264
3670 e -3670 3668
3671 a 3669 3671
3672 e -3522 -3487
3673 e -3515 -3494
3674 e -3674 3673
3675 e -3508 -3501
3676 e -3676 3674
3677 a 3675 3677
3678 e -3243 -9
3679 e -1738 -235
3680 e -3680 3679
3681 e -1740 -233
3682 e -3682 3680
3683 a 3681 3683
3684 e -3271 9
3685 e -1771 235
3686 e -3686 3685
3687 e -1740 266
3688 e -3688 3686
3689 a 3687 3689
3690 e -3278 9
3691 e -1778 235
3692 e -3692 3691
3693 e -1740 273
3694 e -3694 3692
3695 a 3693 3695
3696 e -3285 9
3697 e -1785 235
3698 e -3698 3697
3699 e -1740 280
3700 e -3700 3698
3701 a 3699 3701
3702 e -3487 9
3703 e -1771 233
3704 e -3704 3703
3705 e -1738 266
3706 e -3706 3704
3707 a 3705 3707
3708 e -3494 9
3709 e -1778 233
3710 e -3710 3709
3711 e -1738 273
3712 e -3712 3710
3713 a 3711 3713
3714 e -3501 9
3715 e -1785 233
3716 e -3716 3715
3717 e -1738 280
3718 e -3718 3716
3719 a 3717 3719
3721 e -3721 -9
3722 e -1778 -266
3723 e -3723 3722
3724 e -1771 -273
3725 e -3725 3723
3726 a 3724 3726
3728 e -3728 -9
3729 e -1785 -266
3730 e -3730 3729
3731 e -1771 -280
3732 e -3732 3730
3733 a 3731 3733
3735 e -3735 -9
3736 e -1785 -273
3737 e -3737 3736
3738 e -1778 -280
3739 e -3739 3737
3740 a 3738 3740
3741 e -3487 -235
3742 e -3271 -233
3743 e -3743 3742
3744 e -3243 -266
3745 e -3745 3743
3746 a 3744 3746
3747 e -3494 -235
3748 e -3278 -233
3749 e -3749 3748
3750 e -3243 -273
3751 e -3751 3749
3752 a 3750 3752
3753 e -3501 -235
3754 e -3285 -233
3755 e -3755 3754
3756 e -3243 -280
3757 e -3757 3755
3758 a 3756 3758
3759 e -3721 235
3760 e -3278 266
3761 e -3761 3760
3762 e -3271 273
3763 e -3763 3761
3764 a 3762 3764
3765 e -3728 235
3766 e -3285 266
3767 e -3767 3766
3768 e -3271 280
3769 e -3769 3767
3770 a 3768 3770
3771 e -3735 235
3772 e -3285 273
3773 e -3773 3772
3774 e -3278 280
3775 e -3775 3773
3776 a 3774 3776
3777 e -3721 233
3778 e -3494 266
3779 e -3779 3778
3780 e -3487 273
3781 e -3781 3779
3782 a 3780 3782
3783 e -3728 233
3784 e -3501 266
3785 e -3785 3784
3786 e -3487 280
3787 e -3787 3785
3788 a 3786 3788
3789 e -3735 233
3790 e -3501 273
3791 e -3791 3790
3792 e -3494 280
3793 e -3793 3791
3794 a 3792 3794
3795 e -3735 -266
3796 e -3728 -273
3797 e -3797 3796
3798 e -3721 -280
3799 e -3799 3797
3800 a 3798 3800
3801 e -3487 -1740
3802 e -3271 -1738
3803 e -3803 3802
3804 e -3243 -1771
3805 e -3805 3803
3806 a 3804 3806
3807 e -3494 -1740
3808 e -3278 -1738
3809 e -3809 3808
3810 e -3243 -1778
3811 e -3811 3809
3812 a 3810 3812
3813 e -3501 -1740
3814 e -3285 -1738
3815 e -3815 3814
3816 e -3243 -1785
3817 e -3817 3815
3818 a 3816 3818
3819 e -3721 1740
3820 e -3278 1771
3821 e -3821 3820
3822 e -3271 1778
3823 e -3823 3821
3824 a 3822 3824
3825 e -3728 1740
3826 e -3285 1771
3827 e -3827 3826
3828 e -3271 1785
3829 e -3829 3827
3830 a 3828 3830
3831 e -3735 1740
3832 e -3285 1778
3833 e -3833 3832
3834 e -3278 1785
3835 e -3835 3833
3836 a 3834 3836
3837 e -3721 1738
3838 e -3494 1771
3839 e -3839 3838
3840 e -3487 1778
3841 e -3841 3839
3842 a 3840 3842
3843 e -3728 1738
3844 e -3501 1771
3845 e -3845 3844
3846 e -3487 1785
3847 e -3847 3845
3848 a 3846 3848
3849 e -3735 1738
3850 e -3501 1778
3851 e -3851 3850
3852 e -3494 1785
3853 e -3853 3851
3854 a 3852 3854
3855 e -3735 -1771
3856 e -3728 -1778
3857 e -3857 3856
3858 e -3721 -1785
3859 e -3859 3857
3860 a 3858 3860
3861 e -3721 -3243
3862 e -3494 -3271
3863 e -3863 3862
3864 e -3487 -3278
3865 e -3865 3863
3866 a 3864 3866
3867 e -3728 -3243
3868 e -3501 -3271
3869 e -3869 3868
3870 e -3487 -3285
3871 e -3871 3869
3872 a 3870 3872
3873 e -3735 -3243
3874 e -3501 -3278
3875 e -3875 3874
3876 e -3494 -3285
3877 e -3877 3875
3878 a 3876 3878
3879 e -3735 3271
3880 e -3728 3278
3881 e -3881 3880
3882 e -3721 3285
3883 e -3883 3881
3884 a 3882 3884
3885 e -3735 3487
3886 e -3728 3494
3887 e -3887 3886
3888 e -3721 3501
3889 e -3889 3887
3890 a 3888 3890
3891 e -3250 -19
3892 e -1747 -244
3893 e -3893 3892
3894 e -1749 -242
3895 e -3895 3893
3896 a 3894 3896
3897 e -3271 -19
3898 e -1771 -244
3899 e -3899 3898
3900 e -1749 -266
3901 e -3901 3899
3902 a 3900 3902
3903 e -3292 19
3904 e -1792 244
3905 e -3905 3904
3906 e -1749 287
3907 e -3907 3905
3908 a 3906 3908
3909 e -3299 19
3910 e -1799 244
3911 e -3911 3910
3912 e -1749 294
3913 e -3913 3911
3914 a 3912 3914
3915 e -3487 -19
3916 e -1771 -242
3917 e -3917 3916
3918 e -1747 -266
3919 e -3919 3917
3920 a 3918 3920
3921 e -3508 19
3922 e -1792 242
3923 e -3923 3922
3924 e -1747 287
3925 e -3925 3923
3926 a 3924 3926
3927 e -3515 19
3928 e -1799 242
3929 e -3929 3928
3930 e -1747 294
3931 e -3931 3929
3932 a 3930 3932
3933 e -3721 19
3934 e -1792 266
3935 e -3935 3934
3936 e -1771 287
3937 e -3937 3935
3938 a 3936 3938
3939 e -3728 19
3940 e -1799 266
3941 e -3941 3940
3942 e -1771 294
3943 e -3943 3941
3944 a 3942 3944
3946 e -3946 -19
3947 e -1799 -287
3948 e -3948 3947
3949 e -1792 -294
3950 e -3950 3948
3951 a 3949 3951
3952 e -3487 244
3953 e -3271 242
3954 e -3954 3953
3955 e -3250 266
3956 e -3956 3954
3957 a 3955 3957
3958 e -3508 -244
3959 e -3292 -242
3960 e -3960 3959
3961 e -3250 -287
3962 e -3962 3960
3963 a 3961 3963
3964 e -3515 -244
3965 e -3299 -242
3966 e -3966 3965
3967 e -3250 -294
3968 e -3968 3966
3969 a 3967 3969
3970 e -3721 -244
3971 e -3292 -266
3972 e -3972 3971
3973 e -3271 -287
3974 e -3974 3972
3975 a 3973 3975
3976 e -3728 -244
3977 e -3299 -266
3978 e -3978 3977
3979 e -3271 -294
3980 e -3980 3978
3981 a 3979 3981
3982 e -3946 244
3983 e -3299 287
3984 e -3984 3983
3985 e -3292 294
3986 e -3986 3984
3987 a 3985 3987
3988 e -3721 -242
3989 e -3508 -266
3990 e -3990 3989
3991 e -3487 -287
3992 e -3992 3990
3993 a 3991 3993
3994 e -3728 -242
3995 e -3515 -266
3996 e -3996 3995
3997 e -3487 -294
3998 e -3998 3996
3999 a 3997 3999
4000 e -3946 242
4001 e -3515 287
4002 e -4002 4001
4003 e -3508 294
4004 e -4004 4002
4005 a 4003 4005
4006 e -3946 266
4007 e -3728 287
4008 e -4008 4007
4009 e -3721 294
4010 e -4010 4008
4011 a 4009 4011
4012 e -3487 1749
4013 e -3271 1747
4014 e -4014 4013
4015 e -3250 1771
4016 e -4016 4014
4017 a 4015 4017
4018 e -3508 -1749
4019 e -3292 -1747
4020 e -4020 4019
4021 e -3250 -1792
4022 e -4022 4020
4023 a 4021 4023
4024 e -3515 -1749
4025 e -3299 -1747
4026 e -4026 4025
4027 e -3250 -1799
4028 e -4028 4026
4029 a 4027 4029
4030 e -3721 -1749
4031 e -3292 -1771
4032 e -4032 4031
4033 e -3271 -1792
4034 e -4034 4032
4035 a 4033 4035
4036 e -3728 -1749
4037 e -3299 -1771
4038 e -4038 4037
4039 e -3271 -1799
4040 e -4040 4038
4041 a 4039 4041
4042 e -3946 1749
4043 e -3299 1792
4044 e -4044 4043
4045 e -3292 1799
4046 e -4046 4044
4047 a 4045 4047
4048 e -3721 -1747
4049 e -3508 -1771
4050 e -4050 4049
4051 e -3487 -1792
4052 e -4052 4050
4053 a 4051 4053
4054 e -3728 -1747
4055 e -3515 -1771
4056 e -4056 4055
4057 e -3487 -1799
4058 e -4058 4056
4059 a 4057 4059
4060 e -3946 1747
4061 e -3515 1792
4062 e -4062 4061
4063 e -3508 1799
4064 e -4064 4062
4065 a 4063 4065
4066 e -3946 1771
4067 e -3728 1792
4068 e -4068 4067
4069 e -3721 1799
4070 e -4070 4068
4071 a 4069 4071
4072 e -3721 3250
4073 e -3508 3271
4074 e -4074 4073
4075 e -3487 3292
4076 e -4076 4074
4077 a 4075 4077
4078 e -3728 3250
4079 e -3515 3271
4080 e -4080 4079
4081 e -3487 3299
4082 e -4082 4080
4083 a 4081 4083
4084 e -3946 -3250
4085 e -3515 -3292
4086 e -4086 4085
4087 e -3508 -3299
4088 e -4088 4086
4089 a 4087 4089
4090 e -3946 -3271
4091 e -3728 -3292
4092 e -4092 4091
4093 e -3721 -3299
4094 e -4094 4092
4095 a 4093 4095
4096 e -3946 -3487
4097 e -3728 -3508
4098 e -4098 4097
4099 e -3721 -3515
4100 e -4100 4098
4101 a 4099 4101
4102 e -3257 -28
4103 e -1755 -252
4104 e -4104 4103
4105 e -1757 -250
4106 e -4106 4104
4107 a 4105 4107
4108 e -3278 -28
4109 e -1778 -252
4110 e -4110 4109
4111 e -1757 -273
4112 e -4112 4110
4113 a 4111 4113
4114 e -3292 -28
4115 e -1792 -252
4116 e -4116 4115
4117 e -1757 -287
4118 e -4118 4116
4119 a 4117 4119
4120 e -3306 28
4121 e -1806 252
4122 e -4122 4121
4123 e -1757 301
4124 e -4124 4122
4125 a 4123 4125
4126 e -3494 -28
4127 e -1778 -250
4128 e -4128 4127
4129 e -1755 -273
4130 e -4130 4128
4131 a 4129 4131
4132 e -3508 -28
4133 e -1792 -250
4134 e -4134 4133
4135 e -1755 -287
4136 e -4136 4134
4137 a 4135 4137
4138 e -3522 28
4139 e -1806 250
4140 e -4140 4139
4141 e -1755 301
4142 e -4142 4140
4143 a 4141 4143
4144 e -3721 -28
4145 e -1792 -273
4146 e -4146 4145
4147 e -1778 -287
4148 e -4148 4146
4149 a 4147 4149
4150 e -3735 28
4151 e -1806 273
4152 e -4152 4151
4153 e -1778 301
4154 e -4154 4152
4155 a 4153 4155
4156 e -3946 28
4157 e -1806 287
4158 e -4158 4157
4159 e -1792 301
4160 e -4160 4158
4161 a 4159 4161
4162 e -3494 252
4163 e -3278 250
4164 e -4164 4163
4165 e -3257 273
4166 e -4166 4164
4167 a 4165 4167
4168 e -3508 252
4169 e -3292 250
4170 e -4170 4169
4171 e -3257 287
4172 e -4172 4170
4173 a 4171 4173
4174 e -3522 -252
4175 e -3306 -250
4176 e -4176 4175
4177 e -3257 -301
4178 e -4178 4176
4179 a 4177 4179
4180 e -3721 252
4181 e -3292 273
4182 e -4182 4181
4183 e -3278 287
4184 e -4184 4182
4185 a 4183 4185
4186 e -3735 -252
4187 e -3306 -273
4188 e -4188 4187
4189 e -3278 -301
4190 e -4190 4188
4191 a 4189 4191
4192 e -3946 -252
4193 e -3306 -287
4194 e -4194 4193
4195 e -3292 -301
4196 e -4196 4194
4197 a 4195 4197
4198 e -3721 250
4199 e -3508 273
4200 e -4200 4199
4201 e -3494 287
4202 e -4202 4200
4203 a 4201 4203
4204 e -3735 -250
4205 e -3522 -273
4206 e -4206 4205
4207 e -3494 -301
4208 e -4208 4206
4209 a 4207 4209
4210 e -3946 -250
4211 e -3522 -287
4212 e -4212 4211
4213 e -3508 -301
4214 e -4214 4212
4215 a 4213 4215
4216 e -3946 -273
4217 e -3735 -287
4218 e -4218 4217
4219 e -3721 -301
4220 e -4220 4218
4221 a 4219 4221
4222 e -3494 1757
4223 e -3278 1755
4224 e -4224 4223
4225 e -3257 1778
4226 e -4226 4224
4227 a 4225 4227
4228 e -3508 1757
4229 e -3292 1755
4230 e -4230 4229
4231 e -3257 1792
4232 e -4232 4230
4233 a 4231 4233
4234 e -3522 -1757
4235 e -3306 -1755
4236 e -4236 4235
4237 e -3257 -1806
4238 e -4238 4236
4239 a 4237 4239
4240 e -3721 1757
4241 e -3292 1778
4242 e -4242 4241
4243 e -3278 1792
4244 e -4244 4242
4245 a 4243 4245
4246 e -3735 -1757
4247 e -3306 -1778
4248 e -4248 4247
4249 e -3278 -1806
4250 e -4250 4248
4251 a 4249 4251
4252 e -3946 -1757
4253 e -3306 -1792
4254 e -4254 4253
4255 e -3292 -1806
4256 e -4256 4254
4257 a 4255 4257
4258 e -3721 1755
4259 e -3508 1778
4260 e -4260 4259
4261 e -3494 1792
4262 e -4262 4260
4263 a 4261 4263
4264 e -3735 -1755
4265 e -3522 -1778
4266 e -4266 4265
4267 e -3494 -1806
4268 e -4268 4266
4269 a 4267 4269
4270 e -3946 -1755
4271 e -3522 -1792
4272 e -4272 4271
4273 e -3508 -1806
4274 e -4274 4272
4275 a 4273 4275
4276 e -3946 -1778
4277 e -3735 -1792
4278 e -4278 4277
4279 e -3721 -1806
4280 e -4280 4278
4281 a 4279 4281
4282 e -3721 -3257
4283 e -3508 -3278
4284 e -4284 4283
4285 e -3494 -3292
4286 e -4286 4284
4287 a 4285 4287
4288 e -3735 3257
4289 e -3522 3278
4290 e -4290 4289
4291 e -3494 3306
4292 e -4292 4290
4293 a 4291 4293
4294 e -3946 3257
4295 e -3522 3292
4296 e -4296 4295
4297 e -3508 3306
4298 e -4298 4296
4299 a 4297 4299
4300 e -3946 3278
4301 e -3735 3292
4302 e -4302 4301
4303 e -3721 3306
4304 e -4304 4302
4305 a 4303 4305
4306 e -3946 3494
4307 e -3735 3508
4308 e -4308 4307
4309 e -3721 3522
4310 e -4310 4308
4311 a 4309 4311
4312 e -3264 -37
4313 e -1763 -260
4314 e -4314 4313
4315 e -1765 -258
4316 e -4316 4314
4317 a 4315 4317
4318 e -3285 -37
4319 e -1785 -260
4320 e -4320 4319
4321 e -1765 -280
4322 e -4322 4320
4323 a 4321 4323
4324 e -3299 -37
4325 e -1799 -260
4326 e -4326 4325
4327 e -1765 -294
4328 e -4328 4326
4329 a 4327 4329
4330 e -3306 -37
4331 e -1806 -260
4332 e -4332 4331
4333 e -1765 -301
4334 e -4334 4332
4335 a 4333 4335
4336 e -3501 -37
4337 e -1785 -258
4338 e -4338 4337
4339 e -1763 -280
4340 e -4340 4338
4341 a 4339 4341
4342 e -3515 -37
4343 e -1799 -258
4344 e -4344 4343
4345 e -1763 -294
4346 e -4346 4344
4347 a 4345 4347
4348 e -3522 -37
4349 e -1806 -258
4350 e -4350 4349
4351 e -1763 -301
4352 e -4352 4350
4353 a 4351 4353
4354 e -3728 -37
4355 e -1799 -280
4356 e -4356 4355
4357 e -1785 -294
4358 e -4358 4356
4359 a 4357 4359
4360 e -3735 -37
4361 e -1806 -280
4362 e -4362 4361
4363 e -1785 -301
4364 e -4364 4362
4365 a 4363 4365
4366 e -3946 -37
4367 e -1806 -294
4368 e -4368 4367
4369 e -1799 -301
4370 e -4370 4368
4371 a 4369 4371
4372 e -3501 260
4373 e -3285 258
4374 e -4374 4373
4375 e -3264 280
4376 e -4376 4374
4377 a 4375 4377
4378 e -3515 260
4379 e -3299 258
4380 e -4380 4379
4381 e -3264 294
4382 e -4382 4380
4383 a 4381 4383
4384 e -3522 260
4385 e -3306 258
4386 e -4386 4385
4387 e -3264 301
4388 e -4388 4386
4389 a 4387 4389
4390 e -3728 260
4391 e -3299 280
4392 e -4392 4391
4393 e -3285 294
4394 e -4394 4392
4395 a 4393 4395
4396 e -3735 260
4397 e -3306 280
4398 e -4398 4397
4399 e -3285 301
4400 e -4400 4398
4401 a 4399 4401
4402 e -3946 260
4403 e -3306 294
4404 e -4404 4403
4405 e -3299 301
4406 e -4406 4404
4407 a 4405 4407
4408 e -3728 258
4409 e -3515 280
4410 e -4410 4409
4411 e -3501 294
4412 e -4412 4410
4413 a 4411 4413
4414 e -3735 258
4415 e -3522 280
4416 e -4416 4415
4417 e -3501 301
4418 e -4418 4416
4419 a 4417 4419
4420 e -3946 258
4421 e -3522 294
4422 e -4422 4421
4423 e -3515 301
4424 e -4424 4422
4425 a 4423 4425
4426 e -3946 280
4427 e -3735 294
4428 e -4428 4427
4429 e -3728 301
4430 e -4430 4428
4431 a 4429 4431
4432 e -3501 1765
4433 e -3285 1763
4434 e -4434 4433
4435 e -3264 1785
4436 e -4436 4434
4437 a 4435 4437
4438 e -3515 1765
4439 e -3299 1763
4440 e -4440 4439
4441 e -3264 1799
4442 e -4442 4440
4443 a 4441 4443
4444 e -3522 1765
4445 e -3306 1763
4446 e -4446 4445
4447 e -3264 1806
4448 e -4448 4446
4449 a 4447 4449
4450 e -3728 1765
4451 e -3299 1785
4452 e -4452 4451
4453 e -3285 1799
4454 e -4454 4452
4455 a 4453 4455
4456 e -3735 1765
4457 e -3306 1785
4458 e -4458 4457
4459 e -3285 1806
4460 e -4460 4458
4461 a 4459 4461
4462 e -3946 1765
4463 e -3306 1799
4464 e -4464 4463
4465 e -3299 1806
4466 e -4466 4464
4467 a 4465 4467
4468 e -3728 1763
4469 e -3515 1785
4470 e -4470 4469
4471 e -3501 1799
4472 e -4472 4470
4473 a 4471 4473
4474 e -3735 1763
4475 e -3522 1785
4476 e -4476 4475
4477 e -3501 1806
4478 e -4478 4476
4479 a 4477 4479
4480 e -3946 1763
4481 e -3522 1799
4482 e -4482 4481
4483 e -3515 1806
4484 e -4484 4482
4485 a 4483 4485
4486 e -3946 1785
4487 e -3735 1799
4488 e -4488 4487
4489 e -3728 1806
4490 e -4490 4488
4491 a 4489 4491
4492 e -3728 -3264
4493 e -3515 -3285
4494 e -4494 4493
4495 e -3501 -3299
4496 e -4496 4494
4497 a 4495 4497
4498 e -3735 -3264
4499 e -3522 -3285
4500 e -4500 4499
4501 e -3501 -3306
4502 e -4502 4500
4503 a 4501 4503
4504 e -3946 -3264
4505 e -3522 -3299
4506 e -4506 4505
4507 e -3515 -3306
4508 e -4508 4506
4509 a 4507 4509
4510 e -3946 -3285
4511 e -3735 -3299
4512 e -4512 4511
4513 e -3728 -3306
4514 e -4514 4512
4515 a 4513 4515
4516 e -3946 -3501
4517 e -3735 -3515
4518 e -4518 4517
4519 e -3728 -3522
4520 e -4520 4518
4521 a 4519 4521
4522 e -3243 -10
4523 e -1963 -238
4524 e -4524 4523
4525 e -1743 -458
4526 e -4526 4524
4527 a 4525 4527
4528 e -3250 -10
4529 e -1970 -238
4530 e -4530 4529
4531 e -1743 -465
4532 e -4532 4530
4533 a 4531 4533
4534 e -3257 -10
4535 e -1977 -238
4536 e -4536 4535
4537 e -1743 -472
4538 e -4538 4536
4539 a 4537 4539
4540 e -3264 -10
4541 e -1984 -238
4542 e -4542 4541
4543 e -1743 -479
4544 e -4544 4542
4545 a 4543 4545
4547 e -4547 -10
4548 e -1970 -458
4549 e -4549 4548
4550 e -1963 -465
4551 e -4551 4549
4552 a 4550 4552
4554 e -4554 -10
4555 e -1977 -458
4556 e -4556 4555
4557 e -1963 -472
4558 e -4558 4556
4559 a 4557 4559
4561 e -4561 -10
4562 e -1984 -458
4563 e -4563 4562
4564 e -1963 -479
4565 e -4565 4563
4566 a 4564 4566
4568 e -4568 -10
4569 e -1977 -465
4570 e -4570 4569
4571 e -1970 -472
4572 e -4572 4570
4573 a 4571 4573
4575 e -4575 -10
4576 e -1984 -465
4577 e -4577 4576
4578 e -1970 -479
4579 e -4579 4577
4580 a 4578 4580
4582 e -4582 -10
4583 e -1984 -472
4584 e -4584 4583
4585 e -1977 -479
4586 e -4586 4584
4587 a 4585 4587
4588 e -4547 -238
4589 e -3250 -458
4590 e -4590 4589
4591 e -3243 -465
4592 e -4592 4590
4593 a 4591 4593
4594 e -4554 -238
4595 e -3257 -458
4596 e -4596 4595
4597 e -3243 -472
4598 e -4598 4596
4599 a 4597 4599
4600 e -4561 -238
4601 e -3264 -458
4602 e -4602 4601
4603 e -3243 -479
4604 e -4604 4602
4605 a 4603 4605
4606 e -4568 -238
4607 e -3257 -465
4608 e -4608 4607
4609 e -3250 -472
4610 e -4610 4608
4611 a 4609 4611
4612 e -4575 -238
4613 e -3264 -465
4614 e -4614 4613
4615 e -3250 -479
4616 e -4616 4614
4617 a 4615 4617
4618 e -4582 -238
4619 e -3264 -472
4620 e -4620 4619
4621 e -3257 -479
4622 e -4622 4620
4623 a 4621 4623
4624 e -4568 -458
4625 e -4554 -465
4626 e -4626 4625
4627 e -4547 -472
4628 e -4628 4626
4629 a 4627 4629
4630 e -4575 -458
4631 e -4561 -465
4632 e -4632 4631
4633 e -4547 -479
4634 e -4634 4632
4635 a 4633 4635
4636 e -4582 -458
4637 e -4561 -472
4638 e -4638 4637
4639 e -4554 -479
4640 e -4640 4638
4641 a 4639 4641
4642 e -4582 -465
4643 e -4575 -472
4644 e -4644 4643
4645 e -4568 -479
4646 e -4646 4644
4647 a 4645 4647
4648 e -4547 -1743
4649 e -3250 -1963
4650 e -4650 4649
4651 e -3243 -1970
4652 e -4652 4650
4653 a 4651 4653
4654 e -4554 -1743
4655 e -3257 -1963
4656 e -4656 4655
4657 e -3243 -1977
4658 e -4658 4656
4659 a 4657 4659
4660 e -4561 -1743
4661 e -3264 -1963
4662 e -4662 4661
4663 e -3243 -1984
4664 e -4664 4662
4665 a 4663 4665
4666 e -4568 -1743
4667 e -3257 -1970
4668 e -4668 4667
4669 e -3250 -1977
4670 e -4670 4668
4671 a 4669 4671
4672 e -4575 -1743
4673 e -3264 -1970
4674 e -4674 4673
4675 e -3250 -1984
4676 e -4676 4674
4677 a 4675 4677
4678 e -4582 -1743
4679 e -3264 -1977
4680 e -4680 4679
4681 e -3257 -1984
4682 e -4682 4680
4683 a 4681 4683
4684 e -4568 -1963
4685 e -4554 -1970
4686 e -4686 4685
4687 e -4547 -1977
4688 e -4688 4686
4689 a 4687 4689
4690 e -4575 -1963
4691 e -4561 -1970
4692 e -4692 4691
4693 e -4547 -1984
4694 e -4694 4692
4695 a 4693 4695
4696 e -4582 -1963
4697 e -4561 -1977
4698 e -4698 4697
4699 e -4554 -1984
4700 e -4700 4698
4701 a 4699 4701
4702 e -4582 -1970
4703 e -4575 -1977
4704 e -4704 4703
4705 e -4568 -1984
4706 e -4706 4704
4707 a 4705 4707
4708 e -4568 -3243
4709 e -4554 -3250
4710 e -4710 4709
4711 e -4547 -3257
4712 e -4712 4710
4713 a 4711 4713
4714 e -4575 -3243
4715 e -4561 -3250
4716 e -4716 4715
4717 e -4547 -3264
4718 e -4718 4716
4719 a 4717 4719
4720 e -4582 -3243
4721 e -4561 -3257
4722 e -4722 4721
4723 e -4554 -3264
4724 e -4724 4722
4725 a 4723 4725
4726 e -4582 -3250
4727 e -4575 -3257
4728 e -4728 4727
4729 e -4568 -3264
4730 e -4730 4728
4731 a 4729 4731
4732 e -4582 -4547
4733 e -4575 -4554
4734 e -4734 4733
4735 e -4568 -4561
4736 e -4736 4734
4737 a 4735 4737
4738 e -3243 6
4739 e -1963 235
4740 e -4740 4739
4741 e -1740 458
4742 e -4742 4740
4743 a 4741 4743
4744 e -3271 -6
4745 e -1991 -235
4746 e -4746 4745
4747 e -1740 -486
4748 e -4748 4746
4749 a 4747 4749
4750 e -3278 -6
4751 e -1998 -235
4752 e -4752 4751
4753 e -1740 -493
4754 e -4754 4752
4755 a 4753 4755
4756 e -3285 -6
4757 e -2005 -235
4758 e -4758 4757
4759 e -1740 -500
4760 e -4760 4758
4761 a 4759 4761
4762 e -4547 6
4763 e -1991 458
4764 e -4764 4763
4765 e -1963 486
4766 e -4766 4764
4767 a 4765 4767
4768 e -4554 6
4769 e -1998 458
4770 e -4770 4769
4771 e -1963 493
4772 e -4772 4770
4773 a 4771 4773
4774 e -4561 6
4775 e -2005 458
4776 e -4776 4775
4777 e -1963 500
4778 e -4778 4776
4779 a 4777 4779
4781 e -4781 -6
4782 e -1998 -486
4783 e -4783 4782
4784 e -1991 -493
4785 e -4785 4783
4786 a 4784 4786
4788 e -4788 -6
4789 e -2005 -486
4790 e -4790 4789
4791 e -1991 -500
4792 e -4792 4790
4793 a 4791 4793
4795 e -4795 -6
4796 e -2005 -493
4797 e -4797 4796
4798 e -1998 -500
4799 e -4799 4797
4800 a 4798 4800
4801 e -4547 235
4802 e -3271 458
4803 e -4803 4802
4804 e -3243 486
4805 e -4805 4803
4806 a 4804 4806
4807 e -4554 235
4808 e -3278 458
4809 e -4809 4808
4810 e -3243 493
4811 e -4811 4809
4812 a 4810 4812
4813 e -4561 235
4814 e -3285 458
4815 e -4815 4814
4816 e -3243 500
4817 e -4817 4815
4818 a 4816 4818
4819 e -4781 -235
4820 e -3278 -486
4821 e -4821 4820
4822 e -3271 -493
4823 e -4823 4821
4824 a 4822 4824
4825 e -4788 -235
4826 e -3285 -486
4827 e -4827 4826
4828 e -3271 -500
4829 e -4829 4827
4830 a 4828 4830
4831 e -4795 -235
4832 e -3285 -493
4833 e -4833 4832
4834 e -3278 -500
4835 e -4835 4833
4836 a 4834 4836
4837 e -4781 458
4838 e -4554 486
4839 e -4839 4838
4840 e -4547 493
4841 e -4841 4839
4842 a 4840 4842
4843 e -4788 458
4844 e -4561 486
4845 e -4845 4844
4846 e -4547 500
4847 e -4847 4845
4848 a 4846 4848
4849 e -4795 458
4850 e -4561 493
4851 e -4851 4850
4852 e -4554 500
4853 e -4853 4851
4854 a 4852 4854
4855 e -4795 -486
4856 e -4788 -493
4857 e -4857 4856
4858 e -4781 -500
4859 e -4859 4857
4860 a 4858 4860
4861 e -4547 1740
4862 e -3271 1963
4863 e -4863 4862
4864 e -3243 1991
4865 e -4865 4863
4866 a 4864 4866
4867 e -4554 1740
4868 e -3278 1963
4869 e -4869 4868
4870 e -3243 1998
4871 e -4871 4869
4872 a 4870 4872
4873 e -4561 1740
4874 e -3285 1963
4875 e -4875 4874
4876 e -3243 2005
4877 e -4877 4875
4878 a 4876 4878
4879 e -4781 -1740
4880 e -3278 -1991
4881 e -4881 4880
4882 e -3271 -1998
4883 e -4883 4881
4884 a 4882 4884
4885 e -4788 -1740
4886 e -3285 -1991
4887 e -4887 4886
4888 e -3271 -2005
4889 e -4889 4887
4890 a 4888 4890
4891 e -4795 -1740
4892 e -3285 -1998
4893 e -4893 4892
4894 e -3278 -2005
4895 e -4895 4893
4896 a 4894 4896
4897 e -4781 1963
4898 e -4554 1991
4899 e -4899 4898
4900 e -4547 1998
4901 e -4901 4899
4902 a 4900 4902
4903 e -4788 1963
4904 e -4561 1991
4905 e -4905 4904
4906 e -4547 2005
4907 e -4907 4905
4908 a 4906 4908
4909 e -4795 1963
4910 e -4561 1998
4911 e -4911 4910
4912 e -4554 2005
4913 e -4913 4911
4914 a 4912 4914
4915 e -4795 -1991
4916 e -4788 -1998
4917 e -4917 4916
4918 e -4781 -2005
4919 e -4919 4917
4920 a 4918 4920
4921 e -4781 3243
4922 e -4554 3271
4923 e -4923 4922
4924 e -4547 3278
4925 e -4925 4923
4926 a 4924 4926
4927 e -4788 3243
4928 e -4561 3271
4929 e -4929 4928
4930 e -4547 3285
4931 e -4931 4929
4932 a 4930 4932
4933 e -4795 3243
4934 e -4561 3278
4935 e -4935 4934
4936 e -4554 3285
4937 e -4937 4935
4938 a 4936 4938
4939 e -4795 -3271
4940 e -4788 -3278
4941 e -4941 4940
4942 e -4781 -3285
4943 e -4943 4941
4944 a 4942 4944
4945 e -4795 4547
4946 e -4788 4554
4947 e -4947 4946
4948 e -4781 4561
4949 e -4949 4947
4950 a 4948 4950
4951 e -3250 16
4952 e -1970 244
4953 e -4953 4952
4954 e -1749 465
4955 e -4955 4953
4956 a 4954 4956
4957 e -3271 16
4958 e -1991 244
4959 e -4959 4958
4960 e -1749 486
4961 e -4961 4959
4962 a 4960 4962
4963 e -3292 -16
4964 e -2012 -244
4965 e -4965 4964
4966 e -1749 -507
4967 e -4967 4965
4968 a 4966 4968
4969 e -3299 -16
4970 e -2019 -244
4971 e -4971 4970
4972 e -1749 -514
4973 e -4973 4971
4974 a 4972 4974
4975 e -4547 -16
4976 e -1991 -465
4977 e -4977 4976
4978 e -1970 -486
4979 e -4979 4977
4980 a 4978 4980
4981 e -4568 16
4982 e -2012 465
4983 e -4983 4982
4984 e -1970 507
4985 e -4985 4983
4986 a 4984 4986
4987 e -4575 16
4988 e -2019 465
4989 e -4989 4988
4990 e -1970 514
4991 e -4991 4989
4992 a 4990 4992
4993 e -4781 16
4994 e -2012 486
4995 e -4995 4994
4996 e -1991 507
4997 e -4997 4995
4998 a 4996 4998
4999 e -4788 16
5000 e -2019 486
5001 e -5001 5000
5002 e -1991 514
5003 e -5003 5001
5004 a 5002 5004
5006 e -5006 -16
5007 e -2019 -507
5008 e -5008 5007
5009 e -2012 -514
5010 e -5010 5008
5011 a 5009 5011
5012 e -4547 -244
5013 e -3271 -465
5014 e -5014 5013
5015 e -3250 -486
5016 e -5016 5014
5017 a 5015 5017
5018 e -4568 244
5019 e -3292 465
5020 e -5020 5019
5021 e -3250 507
5022 e -5022 5020
5023 a 5021 5023
5024 e -4575 244
5025 e -3299 465
5026 e -5026 5025
5027 e -3250 514
5028 e -5028 5026
5029 a 5027 5029
5030 e -4781 244
5031 e -3292 486
5032 e -5032 5031
5033 e -3271 507
5034 e -5034 5032
5035 a 5033 5035
5036 e -4788 244
5037 e -3299 486
5038 e -5038 5037
5039 e -3271 514
5040 e -5040 5038
5041 a 5039 5041
5042 e -5006 -244
5043 e -3299 -507
5044 e -5044 5043
5045 e -3292 -514
5046 e -5046 5044
5047 a 5045 5047
5048 e -4781 -465
5049 e -4568 -486
5050 e -5050 5049
5051 e -4547 -507
5052 e -5052 5050
5053 a 5051 5053
5054 e -4788 -465
5055 e -4575 -486
5056 e -5056 5055
5057 e -4547 -514
5058 e -5058 5056
5059 a 5057 5059
5060 e -5006 465
5061 e -4575 507
5062 e -5062 5061
5063 e -4568 514
5064 e -5064 5062
5065 a 5063 5065
5066 e -5006 486
5067 e -4788 507
5068 e -5068 5067
5069 e -4781 514
5070 e -5070 5068
5071 a 5069 5071
5072 e -4547 -1749
5073 e -3271 -1970
5074 e -5074 5073
5075 e -3250 -1991
5076 e -5076 5074
5077 a 5075 5077
5078 e -4568 1749
5079 e -3292 1970
5080 e -5080 5079
5081 e -3250 2012
5082 e -5082 5080
5083 a 5081 5083
5084 e -4575 1749
5085 e -3299 1970
5086 e -5086 5085
5087 e -3250 2019
5088 e -5088 5086
5089 a 5087 5089
5090 e -4781 1749
5091 e -3292 1991
5092 e -5092 5091
5093 e -3271 2012
5094 e -5094 5092
5095 a 5093 5095
5096 e -4788 1749
5097 e -3299 1991
5098 e -5098 5097
5099 e -3271 2019
5100 e -5100 5098
5101 a 5099 5101
5102 e -5006 -1749
5103 e -3299 -2012
5104 e -5104 5103
5105 e -3292 -2019
5106 e -5106 5104
5107 a 5105 5107
5108 e -4781 -1970
5109 e -4568 -1991
5110 e -5110 5109
5111 e -4547 -2012
5112 e -5112 5110
5113 a 5111 5113
5114 e -4788 -1970
5115 e -4575 -1991
5116 e -5116 5115
5117 e -4547 -2019
5118 e -5118 5116
5119 a 5117 5119
5120 e -5006 1970
5121 e -4575 2012
5122 e -5122 5121
5123 e -4568 2019
5124 e -5124 5122
5125 a 5123 5125
5126 e -5006 1991
5127 e -4788 2012
5128 e -5128 5127
5129 e -4781 2019
5130 e -5130 5128
5131 a 5129 5131
5132 e -4781 -3250
5133 e -4568 -3271
5134 e -5134 5133
5135 e -4547 -3292
5136 e -5136 5134
5137 a 5135 5137
5138 e -4788 -3250
5139 e -4575 -3271
5140 e -5140 5139
5141 e -4547 -3299
5142 e -5142 5140
5143 a 5141 5143
5144 e -5006 3250
5145 e -4575 3292
5146 e -5146 5145
5147 e -4568 3299
5148 e -5148 5146
5149 a 5147 5149
5150 e -5006 3271
5151 e -4788 3292
5152 e -5152 5151
5153 e -4781 3299
5154 e -5154 5152
5155 a 5153 5155
5156 e -5006 -4547
5157 e -4788 -4568
5158 e -5158 5157
5159 e -4781 -4575
5160 e -5160 5158
5161 a 5159 5161
5162 e -3257 25
5163 e -1977 252
5164 e -5164 5163
5165 e -1757 472
5166 e -5166 5164
5167 a 5165 5167
5168 e -3278 25
5169 e -1998 252
5170 e -5170 5169
5171 e -1757 493
5172 e -5172 5170
5173 a 5171 5173
5174 e -3292 25
5175 e -2012 252
5176 e -5176 5175
5177 e -1757 507
5178 e -5178 5176
5179 a 5177 5179
5180 e -3306 -25
5181 e -2026 -252
5182 e -5182 5181
5183 e -1757 -521
5184 e -5184 5182
5185 a 5183 5185
5186 e -4554 -25
5187 e -1998 -472
5188 e -5188 5187
5189 e -1977 -493
5190 e -5190 5188
5191 a 5189 5191
5192 e -4568 -25
5193 e -2012 -472
5194 e -5194 5193
5195 e -1977 -507
5196 e -5196 5194
5197 a 5195 5197
5198 e -4582 25
5199 e -2026 472
5200 e -5200 5199
5201 e -1977 521
5202 e -5202 5200
5203 a 5201 5203
5204 e -4781 -25
5205 e -2012 -493
5206 e -5206 5205
5207 e -1998 -507
5208 e -5208 5206
5209 a 5207 5209
5210 e -4795 25
5211 e -2026 493
5212 e -5212 5211
5213 e -1998 521
5214 e -5214 5212
5215 a 5213 5215
5216 e -5006 25
5217 e -2026 507
5218 e -5218 5217
5219 e -2012 521
5220 e -5220 5218
5221 a 5219 5221
5222 e -4554 -252
5223 e -3278 -472
5224 e -5224 5223
5225 e -3257 -493
5226 e -5226 5224
5227 a 5225 5227
5228 e -4568 -252
5229 e -3292 -472
5230 e -5230 5229
5231 e -3257 -507
5232 e -5232 5230
5233 a 5231 5233
5234 e -4582 252
5235 e -3306 472
5236 e -5236 5235
5237 e -3257 521
5238 e -5238 5236
5239 a 5237 5239
5240 e -4781 -252
5241 e -3292 -493
5242 e -5242 5241
5243 e -3278 -507
5244 e -5244 5242
5245 a 5243 5245
5246 e -4795 252
5247 e -3306 493
5248 e -5248 5247
5249 e -3278 521
5250 e -5250 5248
5251 a 5249 5251
5252 e -5006 252
5253 e -3306 507
5254 e -5254 5253
5255 e -3292 521
5256 e -5256 5254
5257 a 5255 5257
5258 e -4781 472
5259 e -4568 493
5260 e -5260 5259
5261 e -4554 507
5262 e -5262 5260
5263 a 5261 5263
5264 e -4795 -472
5265 e -4582 -493
5266 e -5266 5265
5267 e -4554 -521
5268 e -5268 5266
5269 a 5267 5269
5270 e -5006 -472
5271 e -4582 -507
5272 e -5272 5271
5273 e -4568 -521
5274 e -5274 5272
5275 a 5273 5275
5276 e -5006 -493
5277 e -4795 -507
5278 e -5278 5277
5279 e -4781 -521
5280 e -5280 5278
5281 a 5279 5281
5282 e -4554 -1757
5283 e -3278 -1977
5284 e -5284 5283
5285 e -3257 -1998
5286 e -5286 5284
5287 a 5285 5287
5288 e -4568 -1757
5289 e -3292 -1977
5290 e -5290 5289
5291 e -3257 -2012
5292 e -5292 5290
5293 a 5291 5293
5294 e -4582 1757
5295 e -3306 1977
5296 e -5296 5295
5297 e -3257 2026
5298 e -5298 5296
5299 a 5297 5299
5300 e -4781 -1757
5301 e -3292 -1998
5302 e -5302 5301
5303 e -3278 -2012
5304 e -5304 5302
5305 a 5303 5305
5306 e -4795 1757
5307 e -3306 1998
5308 e -5308 5307
5309 e -3278 2026
5310 e -5310 5308
5311 a 5309 5311
5312 e -5006 1757
5313 e -3306 2012
5314 e -5314 5313
5315 e -3292 2026
5316 e -5316 5314
5317 a 5315 5317
5318 e -4781 1977
5319 e -4568 1998
5320 e -5320 5319
5321 e -4554 2012
5322 e -5322 5320
5323 a 5321 5323
5324 e -4795 -1977
5325 e -4582 -1998
5326 e -5326 5325
5327 e -4554 -2026
5328 e -5328 5326
5329 a 5327 5329
5330 e -5006 -1977
5331 e -4582 -2012
5332 e -5332 5331
5333 e -4568 -2026
5334 e -5334 5332
5335 a 5333 5335
5336 e -5006 -1998
5337 e -4795 -2012
5338 e -5338 5337
5339 e -4781 -2026
5340 e -5340 5338
5341 a 5339 5341
5342 e -4781 3257
5343 e -4568 3278
5344 e -5344 5343
5345 e -4554 3292
5346 e -5346 5344
5347 a 5345 5347
5348 e -4795 -3257
5349 e -4582 -3278
5350 e -5350 5349
5351 e -4554 -3306
5352 e -5352 5350
5353 a 5351 5353
5354 e -5006 -3257
5355 e -4582 -3292
5356 e -5356 5355
5357 e -4568 -3306
5358 e -5358 5356
5359 a 5357 5359
5360 e -5006 -3278
5361 e -4795 -3292
5362 e -5362 5361
5363 e -4781 -3306
5364 e -5364 5362
5365 a 5363 5365
5366 e -5006 4554
5367 e -4795 4568
5368 e -5368 5367
5369 e -4781 4582
5370 e -5370 5368
5371 a 5369 5371
5372 e -3264 34
5373 e -1984 260
5374 e -5374 5373
5375 e -1765 479
5376 e -5376 5374
5377 a 5375 5377
5378 e -3285 34
5379 e -2005 260
5380 e -5380 5379
5381 e -1765 500
5382 e -5382 5380
5383 a 5381 5383
5384 e -3299 34
5385 e -2019 260
5386 e -5386 5385
5387 e -1765 514
5388 e -5388 5386
5389 a 5387 5389
5390 e -3306 34
5391 e -2026 260
5392 e -5392 5391
5393 e -1765 521
5394 e -5394 5392
5395 a 5393 5395
5396 e -4561 -34
5397 e -2005 -479
5398 e -5398 5397
5399 e -1984 -500
5400 e -5400 5398
5401 a 5399 5401
5402 e -4575 -34
5403 e -2019 -479
5404 e -5404 5403
5405 e -1984 -514
5406 e -5406 5404
5407 a 5405 5407
5408 e -4582 -34
5409 e -2026 -479
5410 e -5410 5409
5411 e -1984 -521
5412 e -5412 5410
5413 a 5411 5413
5414 e -4788 -34
5415 e -2019 -500
5416 e -5416 5415
5417 e -2005 -514
5418 e -5418 5416
5419 a 5417 5419
5420 e -4795 -34
5421 e -2026 -500
5422 e -5422 5421
5423 e -2005 -521
5424 e -5424 5422
5425 a 5423 5425
5426 e -5006 -34
5427 e -2026 -514
5428 e -5428 5427
5429 e -2019 -521
5430 e -5430 5428
5431 a 5429 5431
5432 e -4561 -260
5433 e -3285 -479
5434 e -5434 5433
5435 e -3264 -500
5436 e -5436 5434
5437 a 5435 5437
5438 e -4575 -260
5439 e -3299 -479
5440 e -5440 5439
5441 e -3264 -514
5442 e -5442 5440
5443 a 5441 5443
5444 e -4582 -260
5445 e -3306 -479
5446 e -5446 5445
5447 e -3264 -521
5448 e -5448 5446
5449 a 5447 5449
5450 e -4788 -260
5451 e -3299 -500
5452 e -5452 5451
5453 e -3285 -514
5454 e -5454 5452
5455 a 5453 5455
5456 e -4795 -260
5457 e -3306 -500
5458 e -5458 5457
5459 e -3285 -521
5460 e -5460 5458
5461 a 5459 5461
5462 e -5006 -260
5463 e -3306 -514
5464 e -5464 5463
5465 e -3299 -521
5466 e -5466 5464
5467 a 5465 5467
5468 e -4788 479
5469 e -4575 500
5470 e -5470 5469
5471 e -4561 514
5472 e -5472 5470
5473 a 5471 5473
5474 e -4795 479
5475 e -4582 500
5476 e -5476 5475
5477 e -4561 521
5478 e -5478 5476
5479 a 5477 5479
5480 e -5006 479
5481 e -4582 514
5482 e -5482 5481
5483 e -4575 521
5484 e -5484 5482
5485 a 5483 5485
5486 e -5006 500
5487 e -4795 514
5488 e -5488 5487
5489 e -4788 521
5490 e -5490 5488
5491 a 5489 5491
5492 e -4561 -1765
5493 e -3285 -1984
5494 e -5494 5493
5495 e -3264 -2005
5496 e -5496 5494
5497 a 5495 5497
5498 e -4575 -1765
5499 e -3299 -1984
5500 e -5500 5499
5501 e -3264 -2019
5502 e -5502 5500
5503 a 5501 5503
5504 e -4582 -1765
5505 e -3306 -1984
5506 e -5506 5505
5507 e -3264 -2026
5508 e -5508 5506
5509 a 5507 5509
5510 e -4788 -1765
5511 e -3299 -2005
5512 e -5512 5511
5513 e -3285 -2019
5514 e -5514 5512
5515 a 5513 5515
5516 e -4795 -1765
5517 e -3306 -2005
5518 e -5518 5517
5519 e -3285 -2026
5520 e -5520 5518
5521 a 5519 5521
5522 e -5006 -1765
5523 e -3306 -2019
5524 e -5524 5523
5525 e -3299 -2026
5526 e -5526 5524
5527 a 5525 5527
5528 e -4788 1984
5529 e -4575 2005
5530 e -5530 5529
5531 e -4561 2019
5532 e -5532 5530
5533 a 5531 5533
5534 e -4795 1984
5535 e -4582 2005
5536 e -5536 5535
5537 e -4561 2026
5538 e -5538 5536
5539 a 5537 5539
5540 e -5006 1984
5541 e -4582 2019
5542 e -5542 5541
5543 e -4575 2026
5544 e -5544 5542
5545 a 5543 5545
5546 e -5006 2005
5547 e -4795 2019
5548 e -5548 5547
5549 e -4788 2026
5550 e -5550 5548
5551 a 5549 5551
5552 e -4788 3264
5553 e -4575 3285
5554 e -5554 5553
5555 e -4561 3299
5556 e -5556 5554
5557 a 5555 5557
5558 e -4795 3264
5559 e -4582 3285
5560 e -5560 5559
5561 e -4561 3306
5562 e -5562 5560
5563 a 5561 5563
5564 e -5006 3264
5565 e -4582 3299
5566 e -5566 5565
5567 e -4575 3306
5568 e -5568 5566
5569 a 5567 5569
5570 e -5006 3285
5571 e -4795 3299
5572 e -5572 5571
5573 e -4788 3306
5574 e -5574 5572
5575 a 5573 5575
5576 e -5006 -4561
5577 e -4795 -4575
5578 e -5578 5577
5579 e -4788 -4582
5580 e -5580 5578
5581 a 5579 5581
5582 e -3243 -3
5583 e -1963 -233
5584 e -5584 5583
5585 e -1738 -458
5586 e -5586 5584
5587 a 5585 5587
5588 e -3487 -3
5589 e -2207 -233
5590 e -5590 5589
5591 e -1738 -702
5592 e -5592 5590
5593 a 5591 5593
5594 e -3494 -3
5595 e -2214 -233
5596 e -5596 5595
5597 e -1738 -709
5598 e -5598 5596
5599 a 5597 5599
5600 e -3501 -3
5601 e -2221 -233
5602 e -5602 5601
5603 e -1738 -716
5604 e -5604 5602
5605 a 5603 5605
5606 e -4547 -3
5607 e -2207 -458
5608 e -5608 5607
5609 e -1963 -702
5610 e -5610 5608
5611 a 5609 5611
5612 e -4554 -3
5613 e -2214 -458
5614 e -5614 5613
5615 e -1963 -709
5616 e -5616 5614
5617 a 5615 5617
5618 e -4561 -3
5619 e -2221 -458
5620 e -5620 5619
5621 e -1963 -716
5622 e -5622 5620
5623 a 5621 5623
5625 e -5625 -3
5626 e -2214 -702
5627 e -5627 5626
5628 e -2207 -709
5629 e -5629 5627
5630 a 5628 5630
5632 e -5632 -3
5633 e -2221 -702
5634 e -5634 5633
5635 e -2207 -716
5636 e -5636 5634
5637 a 5635 5637
5639 e -5639 -3
5640 e -2221 -709
5641 e -5641 5640
5642 e -2214 -716
5643 e -5643 5641
5644 a 5642 5644
5645 e -4547 -233
5646 e -3487 -458
5647 e -5647 5646
5648 e -3243 -702
5649 e -5649 5647
5650 a 5648 5650
5651 e -4554 -233
5652 e -3494 -458
5653 e -5653 5652
5654 e -3243 -709
5655 e -5655 5653
5656 a 5654 5656
5657 e -4561 -233
5658 e -3501 -458
5659 e -5659 5658
5660 e -3243 -716
5661 e -5661 5659
5662 a 5660 5662
5663 e -5625 -233
5664 e -3494 -702
5665 e -5665 5664
5666 e -3487 -709
5667 e -5667 5665
5668 a 5666 5668
5669 e -5632 -233
5670 e -3501 -702
5671 e -5671 5670
5672 e -3487 -716
5673 e -5673 5671
5674 a 5672 5674
5675 e -5639 -233
5676 e -3501 -709
5677 e -5677 5676
5678 e -3494 -716
5679 e -5679 5677
5680 a 5678 5680
5681 e -5625 -458
5682 e -4554 -702
5683 e -5683 5682
5684 e -4547 -709
5685 e -5685 5683
5686 a 5684 5686
5687 e -5632 -458
5688 e -4561 -702
5689 e -5689 5688
5690 e -4547 -716
5691 e -5691 5689
5692 a 5690 5692
5693 e -5639 -458
5694 e -4561 -709
5695 e -5695 5694
5696 e -4554 -716
5697 e -5697 5695
5698 a 5696 5698
5699 e -5639 -702
5700 e -5632 -709
5701 e -5701 5700
5702 e -5625 -716
5703 e -5703 5701
5704 a 5702 5704
5705 e -4547 -1738
5706 e -3487 -1963
5707 e -5707 5706
5708 e -3243 -2207
5709 e -5709 5707
5710 a 5708 5710
5711 e -4554 -1738
5712 e -3494 -1963
5713 e -5713 5712
5714 e -3243 -2214
5715 e -5715 5713
5716 a 5714 5716
5717 e -4561 -1738
5718 e -3501 -1963
5719 e -5719 5718
5720 e -3243 -2221
5721 e -5721 5719
5722 a 5720 5722
5723 e -5625 -1738
5724 e -3494 -2207
5725 e -5725 5724
5726 e -3487 -2214
5727 e -5727 5725
5728 a 5726 5728
5729 e -5632 -1738
5730 e -3501 -2207
5731 e -5731 5730
5732 e -3487 -2221
5733 e -5733 5731
5734 a 5732 5734
5735 e -5639 -1738
5736 e -3501 -2214
5737 e -5737 5736
5738 e -3494 -2221
5739 e -5739 5737
5740 a 5738 5740
5741 e -5625 -1963
5742 e -4554 -2207
5743 e -5743 5742
5744 e -4547 -2214
5745 e -5745 5743
5746 a 5744 5746
5747 e -5632 -1963
5748 e -4561 -2207
5749 e -5749 5748
5750 e -4547 -2221
5751 e -5751 5749
5752 a 5750 5752
5753 e -5639 -1963
5754 e -4561 -2214
5755 e -5755 5754
5756 e -4554 -2221
5757 e -5757 5755
5758 a 5756 5758
5759 e -5639 -2207
5760 e -5632 -2214
5761 e -5761 5760
5762 e -5625 -2221
5763 e -5763 5761
5764 a 5762 5764
5765 e -5625 -3243
5766 e -4554 -3487
5767 e -5767 5766
5768 e -4547 -3494
5769 e -5769 5767
5770 a 5768 5770
5771 e -5632 -3243
5772 e -4561 -3487
5773 e -5773 5772
5774 e -4547 -3501
5775 e -5775 5773
5776 a 5774 5776
5777 e -5639 -3243
5778 e -4561 -3494
5779 e -5779 5778
5780 e -4554 -3501
5781 e -5781 5779
5782 a 5780 5782
5783 e -5639 -3487
5784 e -5632 -3494
5785 e -5785 5784
5786 e -5625 -3501
5787 e -5787 5785
5788 a 5786 5788
5789 e -5639 -4547
5790 e -5632 -4554
5791 e -5791 5790
5792 e -5625 -4561
5793 e -5793 5791
5794 a 5792 5794
5795 e -3250 -14
5796 e -1970 -242
5797 e -5797 5796
5798 e -1747 -465
5799 e -5799 5797
5800 a 5798 5800
5801 e -3487 14
5802 e -2207 242
5803 e -5803 5802
5804 e -1747 702
5805 e -5805 5803
5806 a 5804 5806
5807 e -3508 -14
5808 e -2228 -242
5809 e -5809 5808
5810 e -1747 -723
5811 e -5811 5809
5812 a 5810 5812
5813 e -3515 -14
5814 e -2235 -242
5815 e -5815 5814
5816 e -1747 -730
5817 e -5817 5815
5818 a 5816 5818
5819 e -4547 14
5820 e -2207 465
5821 e -5821 5820
5822 e -1970 702
5823 e -5823 5821
5824 a 5822 5824
5825 e -4568 -14
5826 e -2228 -465
5827 e -5827 5826
5828 e -1970 -723
5829 e -5829 5827
5830 a 5828 5830
5831 e -4575 -14
5832 e -2235 -465
5833 e -5833 5832
5834 e -1970 -730
5835 e -5835 5833
5836 a 5834 5836
5837 e -5625 14
5838 e -2228 702
5839 e -5839 5838
5840 e -2207 723
5841 e -5841 5839
5842 a 5840 5842
5843 e -5632 14
5844 e -2235 702
5845 e -5845 5844
5846 e -2207 730
5847 e -5847 5845
5848 a 5846 5848
5850 e -5850 -14
5851 e -2235 -723
5852 e -5852 5851
5853 e -2228 -730
5854 e -5854 5852
5855 a 5853 5855
5856 e -4547 242
5857 e -3487 465
5858 e -5858 5857
5859 e -3250 702
5860 e -5860 5858
5861 a 5859 5861
5862 e -4568 -242
5863 e -3508 -465
5864 e -5864 5863
5865 e -3250 -723
5866 e -5866 5864
5867 a 5865 5867
5868 e -4575 -242
5869 e -3515 -465
5870 e -5870 5869
5871 e -3250 -730
5872 e -5872 5870
5873 a 5871 5873
5874 e -5625 242
5875 e -3508 702
5876 e -5876 5875
5877 e -3487 723
5878 e -5878 5876
5879 a 5877 5879
5880 e -5632 242
5881 e -3515 702
5882 e -5882 5881
5883 e -3487 730
5884 e -5884 5882
5885 a 5883 5885
5886 e -5850 -242
5887 e -3515 -723
5888 e -5888 5887
5889 e -3508 -730
5890 e -5890 5888
5891 a 5889 5891
5892 e -5625 465
5893 e -4568 702
5894 e -5894 5893
5895 e -4547 723
5896 e -5896 5894
5897 a 5895 5897
5898 e -5632 465
5899 e -4575 702
5900 e -5900 5899
5901 e -4547 730
5902 e -5902 5900
5903 a 5901 5903
5904 e -5850 -465
5905 e -4575 -723
5906 e -5906 5905
5907 e -4568 -730
5908 e -5908 5906
5909 a 5907 5909
5910 e -5850 702
5911 e -5632 723
5912 e -5912 5911
5913 e -5625 730
5914 e -5914 5912
5915 a 5913 5915
5916 e -4547 1747
5917 e -3487 1970
5918 e -5918 5917
5919 e -3250 2207
5920 e -5920 5918
5921 a 5919 5921
5922 e -4568 -1747
5923 e -3508 -1970
5924 e -5924 5923
5925 e -3250 -2228
5926 e -5926 5924
5927 a 5925 5927
5928 e -4575 -1747
5929 e -3515 -1970
5930 e -5930 5929
5931 e -3250 -2235
5932 e -5932 5930
5933 a 5931 5933
5934 e -5625 1747
5935 e -3508 2207
5936 e -5936 5935
5937 e -3487 2228
5938 e -5938 5936
5939 a 5937 5939
5940 e -5632 1747
5941 e -3515 2207
5942 e -5942 5941
5943 e -3487 2235
5944 e -5944 5942
5945 a 5943 5945
5946 e -5850 -1747
5947 e -3515 -2228
5948 e -5948 5947
5949 e -3508 -2235
5950 e -5950 5948
5951 a 5949 5951
5952 e -5625 1970
5953 e -4568 2207
5954 e -5954 5953
5955 e -4547 2228
5956 e -5956 5954
5957 a 5955 5957
5958 e -5632 1970
5959 e -4575 2207
5960 e -5960 5959
5961 e -4547 2235
5962 e -5962 5960
5963 a 5961 5963
5964 e -5850 -1970
5965 e -4575 -2228
5966 e -5966 5965
5967 e -4568 -2235
5968 e -5968 5966
5969 a 5967 5969
5970 e -5850 2207
5971 e -5632 2228
5972 e -5972 5971
5973 e -5625 2235
5974 e -5974 5972
5975 a 5973 5975
5976 e -5625 3250
5977 e -4568 3487
5978 e -5978 5977
5979 e -4547 3508
5980 e -5980 5978
5981 a 5979 5981
5982 e -5632 3250
5983 e -4575 3487
5984 e -5984 5983
5985 e -4547 3515
5986 e -5986 5984
5987 a 5985 5987
5988 e -5850 -3250
5989 e -4575 -3508
5990 e -5990 5989
5991 e -4568 -3515
5992 e -5992 5990
5993 a 5991 5993
5994 e -5850 3487
5995 e -5632 3508
5996 e -5996 5995
5997 e -5625 3515
5998 e -5998 5996
5999 a 5997 5999
6000 e -5850 4547
6001 e -5632 4568
6002 e -6002 6001
6003 e -5625 4575
6004 e -6004 6002
6005 a 6003 6005
6006 e -3257 -23
6007 e -1977 -250
6008 e -6008 6007
6009 e -1755 -472
6010 e -6010 6008
6011 a 6009 6011
6012 e -3494 23
6013 e -2214 250
6014 e -6014 6013
6015 e -1755 709
6016 e -6016 6014
6017 a 6015 6017
6018 e -3508 23
6019 e -2228 250
6020 e -6020 6019
6021 e -1755 723
6022 e -6022 6020
6023 a 6021 6023
6024 e -3522 -23
6025 e -2242 -250
6026 e -6026 6025
6027 e -1755 -737
6028 e -6028 6026
6029 a 6027 6029
6030 e -4554 23
6031 e -2214 472
6032 e -6032 6031
6033 e -1977 709
6034 e -6034 6032
6035 a 6033 6035
6036 e -4568 23
6037 e -2228 472
6038 e -6038 6037
6039 e -1977 723
6040 e -6040 6038
6041 a 6039 6041
6042 e -4582 -23
6043 e -2242 -472
6044 e -6044 6043
6045 e -1977 -737
6046 e -6046 6044
6047 a 6045 6047
6048 e -5625 -23
6049 e -2228 -709
6050 e -6050 6049
6051 e -2214 -723
6052 e -6052 6050
6053 a 6051 6053
6054 e -5639 23
6055 e -2242 709
6056 e -6056 6055
6057 e -2214 737
6058 e -6058 6056
6059 a 6057 6059
6060 e -5850 23
6061 e -2242 723
6062 e -6062 6061
6063 e -2228 737
6064 e -6064 6062
6065 a 6063 6065
6066 e -4554 250
6067 e -3494 472
6068 e -6068 6067
6069 e -3257 709
6070 e -6070 6068
6071 a 6069 6071
6072 e -4568 250
6073 e -3508 472
6074 e -6074 6073
6075 e -3257 723
6076 e -6076 6074
6077 a 6075 6077
6078 e -4582 -250
6079 e -3522 -472
6080 e -6080 6079
6081 e -3257 -737
6082 e -6082 6080
6083 a 6081 6083
6084 e -5625 -250
6085 e -3508 -709
6086 e -6086 6085
6087 e -3494 -723
6088 e -6088 6086
6089 a 6087 6089
6090 e -5639 250
6091 e -3522 709
6092 e -6092 6091
6093 e -3494 737
6094 e -6094 6092
6095 a 6093 6095
6096 e -5850 250
6097 e -3522 723
6098 e -6098 6097
6099 e -3508 737
6100 e -6100 6098
6101 a 6099 6101
6102 e -5625 -472
6103 e -4568 -709
6104 e -6104 6103
6105 e -4554 -723
6106 e -6106 6104
6107 a 6105 6107
6108 e -5639 472
6109 e -4582 709
6110 e -6110 6109
6111 e -4554 737
6112 e -6112 6110
6113 a 6111 6113
6114 e -5850 472
6115 e -4582 723
6116 e -6116 6115
6117 e -4568 737
6118 e -6118 6116
6119 a 6117 6119
6120 e -5850 -709
6121 e -5639 -723
6122 e -6122 6121
6123 e -5625 -737
6124 e -6124 6122
6125 a 6123 6125
6126 e -4554 1755
6127 e -3494 1977
6128 e -6128 6127
6129 e -3257 2214
6130 e -6130 6128
6131 a 6129 6131
6132 e -4568 1755
6133 e -3508 1977
6134 e -6134 6133
6135 e -3257 2228
6136 e -6136 6134
6137 a 6135 6137
6138 e -4582 -1755
6139 e -3522 -1977
6140 e -6140 6139
6141 e -3257 -2242
6142 e -6142 6140
6143 a 6141 6143
6144 e -5625 -1755
6145 e -3508 -2214
6146 e -6146 6145
6147 e -3494 -2228
6148 e -6148 6146
6149 a 6147 6149
6150 e -5639 1755
6151 e -3522 2214
6152 e -6152 6151
6153 e -3494 2242
6154 e -6154 6152
6155 a 6153 6155
6156 e -5850 1755
6157 e -3522 2228
6158 e -6158 6157
6159 e -3508 2242
6160 e -6160 6158
6161 a 6159 6161
6162 e -5625 -1977
6163 e -4568 -2214
6164 e -6164 6163
6165 e -4554 -2228
6166 e -6166 6164
6167 a 6165 6167
6168 e -5639 1977
6169 e -4582 2214
6170 e -6170 6169
6171 e -4554 2242
6172 e -6172 6170
6173 a 6171 6173
6174 e -5850 1977
6175 e -4582 2228
6176 e -6176 6175
6177 e -4568 2242
6178 e -6178 6176
6179 a 6177 6179
6180 e -5850 -2214
6181 e -5639 -2228
6182 e -6182 6181
6183 e -5625 -2242
6184 e -6184 6182
6185 a 6183 6185
6186 e -5625 -3257
6187 e -4568 -3494
6188 e -6188 6187
6189 e -4554 -3508
6190 e -6190 6188
6191 a 6189 6191
6192 e -5639 3257
6193 e -4582 3494
6194 e -6194 6193
6195 e -4554 3522
6196 e -6196 6194
6197 a 6195 6197
6198 e -5850 3257
6199 e -4582 3508
6200 e -6200 6199
6201 e -4568 3522
6202 e -6202 6200
6203 a 6201 6203
6204 e -5850 -3494
6205 e -5639 -3508
6206 e -6206 6205
6207 e -5625 -3522
6208 e -6208 6206
6209 a 6207 6209
6210 e -5850 -4554
6211 e -5639 -4568
6212 e -6212 6211
6213 e -5625 -4582
6214 e -6214 6212
6215 a 6213 6215
6216 e -3264 -32
6217 e -1984 -258
6218 e -6218 6217
6219 e -1763 -479
6220 e -6220 6218
6221 a 6219 6221
6222 e -3501 32
6223 e -2221 258
6224 e -6224 6223
6225 e -1763 716
6226 e -6226 6224
6227 a 6225 6227
6228 e -3515 32
6229 e -2235 258
6230 e -6230 6229
6231 e -1763 730
6232 e -6232 6230
6233 a 6231 6233
6234 e -3522 32
6235 e -2242 258
6236 e -6236 6235
6237 e -1763 737
6238 e -6238 6236
6239 a 6237 6239
6240 e -4561 32
6241 e -2221 479
6242 e -6242 6241
6243 e -1984 716
6244 e -6244 6242
6245 a 6243 6245
6246 e -4575 32
6247 e -2235 479
6248 e -6248 6247
6249 e -1984 730
6250 e -6250 6248
6251 a 6249 6251
6252 e -4582 32
6253 e -2242 479
6254 e -6254 6253
6255 e -1984 737
6256 e -6256 6254
6257 a 6255 6257
6258 e -5632 -32
6259 e -2235 -716
6260 e -6260 6259
6261 e -2221 -730
6262 e -6262 6260
6263 a 6261 6263
6264 e -5639 -32
6265 e -2242 -716
6266 e -6266 6265
6267 e -2221 -737
6268 e -6268 6266
6269 a 6267 6269
6270 e -5850 -32
6271 e -2242 -730
6272 e -6272 6271
6273 e -2235 -737
6274 e -6274 6272
6275 a 6273 6275
6276 e -4561 258
6277 e -3501 479
6278 e -6278 6277
6279 e -3264 716
6280 e -6280 6278
6281 a 6279 6281
6282 e -4575 258
6283 e -3515 479
6284 e -6284 6283
6285 e -3264 730
6286 e -6286 6284
6287 a 6285 6287
6288 e -4582 258
6289 e -3522 479
6290 e -6290 6289
6291 e -3264 737
6292 e -6292 6290
6293 a 6291 6293
6294 e -5632 -258
6295 e -3515 -716
6296 e -6296 6295
6297 e -3501 -730
6298 e -6298 6296
6299 a 6297 6299
6300 e -5639 -258
6301 e -3522 -716
6302 e -6302 6301
6303 e -3501 -737
6304 e -6304 6302
6305 a 6303 6305
6306 e -5850 -258
6307 e -3522 -730
6308 e -6308 6307
6309 e -3515 -737
6310 e -6310 6308
6311 a 6309 6311
6312 e -5632 -479
6313 e -4575 -716
6314 e -6314 6313
6315 e -4561 -730
6316 e -6316 6314
6317 a 6315 6317
6318 e -5639 -479
6319 e -4582 -716
6320 e -6320 6319
6321 e -4561 -737
6322 e -6322 6320
6323 a 6321 6323
6324 e -5850 -479
6325 e -4582 -730
6326 e -6326 6325
6327 e -4575 -737
6328 e -6328 6326
6329 a 6327 6329
6330 e -5850 716
6331 e -5639 730
6332 e -6332 6331
6333 e -5632 737
6334 e -6334 6332
6335 a 6333 6335
6336 e -4561 1763
6337 e -3501 1984
6338 e -6338 6337
6339 e -3264 2221
6340 e -6340 6338
6341 a 6339 6341
6342 e -4575 1763
6343 e -3515 1984
6344 e -6344 6343
6345 e -3264 2235
6346 e -6346 6344
6347 a 6345 6347
6348 e -4582 1763
6349 e -3522 1984
6350 e -6350 6349
6351 e -3264 2242
6352 e -6352 6350
6353 a 6351 6353
6354 e -5632 -1763
6355 e -3515 -2221
6356 e -6356 6355
6357 e -3501 -2235
6358 e -6358 6356
6359 a 6357 6359
6360 e -5639 -1763
6361 e -3522 -2221
6362 e -6362 6361
6363 e -3501 -2242
6364 e -6364 6362
6365 a 6363 6365
6366 e -5850 -1763
6367 e -3522 -2235
6368 e -6368 6367
6369 e -3515 -2242
6370 e -6370 6368
6371 a 6369 6371
6372 e -5632 -1984
6373 e -4575 -2221
6374 e -6374 6373
6375 e -4561 -2235
6376 e -6376 6374
6377 a 6375 6377
6378 e -5639 -1984
6379 e -4582 -2221
6380 e -6380 6379
6381 e -4561 -2242
6382 e -6382 6380
6383 a 6381 6383
6384 e -5850 -1984
6385 e -4582 -2235
6386 e -6386 6385
6387 e -4575 -2242
6388 e -6388 6386
6389 a 6387 6389
6390 e -5850 2221
6391 e -5639 2235
6392 e -6392 6391
6393 e -5632 2242
6394 e -6394 6392
6395 a 6393 6395
6396 e -5632 -3264
6397 e -4575 -3501
6398 e -6398 6397
6399 e -4561 -3515
6400 e -6400 6398
6401 a 6399 6401
6402 e -5639 -3264
6403 e -4582 -3501
6404 e -6404 6403
6405 e -4561 -3522
6406 e -6406 6404
6407 a 6405 6407
6408 e -5850 -3264
6409 e -4582 -3515
6410 e -6410 6409
6411 e -4575 -3522
6412 e -6412 6410
6413 a 6411 6413
6414 e -5850 3501
6415 e -5639 3515
6416 e -6416 6415
6417 e -5632 3522
6418 e -6418 6416
6419 a 6417 6419
6420 e -5850 4561
6421 e -5639 4575
6422 e -6422 6421
6423 e -5632 4582
6424 e -6424 6422
6425 a 6423 6425
6426 e -3271 -41
6427 e -1991 -266
6428 e -6428 6427
6429 e -1771 -486
6430 e -6430 6428
6431 a 6429 6431
6432 e -3487 -41
6433 e -2207 -266
6434 e -6434 6433
6435 e -1771 -702
6436 e -6436 6434
6437 a 6435 6437
6438 e -3721 -41
6439 e -2441 -266
6440 e -6440 6439
6441 e -1771 -936
6442 e -6442 6440
6443 a 6441 6443
6444 e -3728 -41
6445 e -2448 -266
6446 e -6446 6445
6447 e -1771 -943
6448 e -6448 6446
6449 a 6447 6449
6450 e -4547 -41
6451 e -2207 -486
6452 e -6452 6451
6453 e -1991 -702
6454 e -6454 6452
6455 a 6453 6455
6456 e -4781 -41
6457 e -2441 -486
6458 e -6458 6457
6459 e -1991 -936
6460 e -6460 6458
6461 a 6459 6461
6462 e -4788 -41
6463 e -2448 -486
6464 e -6464 6463
6465 e -1991 -943
6466 e -6466 6464
6467 a 6465 6467
6468 e -5625 -41
6469 e -2441 -702
6470 e -6470 6469
6471 e -2207 -936
6472 e -6472 6470
6473 a 6471 6473
6474 e -5632 -41
6475 e -2448 -702
6476 e -6476 6475
6477 e -2207 -943
6478 e -6478 6476
6479 a 6477 6479
6481 e -6481 -41
6482 e -2448 -936
6483 e -6483 6482
6484 e -2441 -943
6485 e -6485 6483
6486 a 6484 6486
6487 e -4547 -266
6488 e -3487 -486
6489 e -6489 6488
6490 e -3271 -702
6491 e -6491 6489
6492 a 6490 6492
6493 e -4781 -266
6494 e -3721 -486
6495 e -6495 6494
6496 e -3271 -936
6497 e -6497 6495
6498 a 6496 6498
6499 e -4788 -266
6500 e -3728 -486
6501 e -6501 6500
6502 e -3271 -943
6503 e -6503 6501
6504 a 6502 6504
6505 e -5625 -266
6506 e -3721 -702
6507 e -6507 6506
6508 e -3487 -936
6509 e -6509 6507
6510 a 6508 6510
6511 e -5632 -266
6512 e -3728 -702
6513 e -6513 6512
6514 e -3487 -943
6515 e -6515 6513
6516 a 6514 6516
6517 e -6481 -266
6518 e -3728 -936
6519 e -6519 6518
6520 e -3721 -943
6521 e -6521 6519
6522 a 6520 6522
6523 e -5625 -486
6524 e -4781 -702
6525 e -6525 6524
6526 e -4547 -936
6527 e -6527 6525
6528 a 6526 6528
6529 e -5632 -486
6530 e -4788 -702
6531 e -6531 6530
6532 e -4547 -943
6533 e -6533 6531
6534 a 6532 6534
6535 e -6481 -486
6536 e -4788 -936
6537 e -6537 6536
6538 e -4781 -943
6539 e -6539 6537
6540 a 6538 6540
6541 e -6481 -702
6542 e -5632 -936
6543 e -6543 6542
6544 e -5625 -943
6545 e -6545 6543
6546 a 6544 6546
6547 e -4547 -1771
6548 e -3487 -1991
6549 e -6549 6548
6550 e -3271 -2207
6551 e -6551 6549
6552 a 6550 6552
6553 e -4781 -1771
6554 e -3721 -1991
6555 e -6555 6554
6556 e -3271 -2441
6557 e -6557 6555
6558 a 6556 6558
6559 e -4788 -1771
6560 e -3728 -1991
6561 e -6561 6560
6562 e -3271 -2448
6563 e -6563 6561
6564 a 6562 6564
6565 e -5625 -1771
6566 e -3721 -2207
6567 e -6567 6566
6568 e -3487 -2441
6569 e -6569 6567
6570 a 6568 6570
6571 e -5632 -1771
6572 e -3728 -2207
6573 e -6573 6572
6574 e -3487 -2448
6575 e -6575 6573
6576 a 6574 6576
6577 e -6481 -1771
6578 e -3728 -2441
6579 e -6579 6578
6580 e -3721 -2448
6581 e -6581 6579
6582 a 6580 6582
6583 e -5625 -1991
6584 e -4781 -2207
6585 e -6585 6584
6586 e -4547 -2441
6587 e -6587 6585
6588 a 6586 6588
6589 e -5632 -1991
6590 e -4788 -2207
6591 e -6591 6590
6592 e -4547 -2448
6593 e -6593 6591
6594 a 6592 6594
6595 e -6481 -1991
6596 e -4788 -2441
6597 e -6597 6596
6598 e -4781 -2448
6599 e -6599 6597
6600 a 6598 6600
6601 e -6481 -2207
6602 e -5632 -2441
6603 e -6603 6602
6604 e -5625 -2448
6605 e -6605 6603
6606 a 6604 6606
6607 e -5625 -3271
6608 e -4781 -3487
6609 e -6609 6608
6610 e -4547 -3721
6611 e -6611 6609
6612 a 6610 6612
6613 e -5632 -3271
6614 e -4788 -3487
6615 e -6615 6614
6616 e -4547 -3728
6617 e -6617 6615
6618 a 6616 6618
6619 e -6481 -3271
6620 e -4788 -3721
6621 e -6621 6620
6622 e -4781 -3728
6623 e -6623 6621
6624 a 6622 6624
6625 e -6481 -3487
6626 e -5632 -3721
6627 e -6627 6626
6628 e -5625 -3728
6629 e -6629 6627
6630 a 6628 6630
6631 e -6481 -4547
6632 e -5632 -4781
6633 e -6633 6632
6634 e -5625 -4788
6635 e -6635 6633
6636 a 6634 6636
6637 e -3278 -48
6638 e -1998 -273
6639 e -6639 6638
6640 e -1778 -493
6641 e -6641 6639
6642 a 6640 6642
6643 e -3494 -48
6644 e -2214 -273
6645 e -6645 6644
6646 e -1778 -709
6647 e -6647 6645
6648 a 6646 6648
6649 e -3721 48
6650 e -2441 273
6651 e -6651 6650
6652 e -1778 936
6653 e -6653 6651
6654 a 6652 6654
6655 e -3735 -48
6656 e -2455 -273
6657 e -6657 6656
6658 e -1778 -950
6659 e -6659 6657
6660 a 6658 6660
6661 e -4554 -48
6662 e -2214 -493
6663 e -6663 6662
6664 e -1998 -709
6665 e -6665 6663
6666 a 6664 6666
6667 e -4781 48
6668 e -2441 493
6669 e -6669 6668
6670 e -1998 936
6671 e -6671 6669
6672 a 6670 6672
6673 e -4795 -48
6674 e -2455 -493
6675 e -6675 6674
6676 e -1998 -950
6677 e -6677 6675
6678 a 6676 6678
6679 e -5625 48
6680 e -2441 709
6681 e -6681 6680
6682 e -2214 936
6683 e -6683 6681
6684 a 6682 6684
6685 e -5639 -48
6686 e -2455 -709
6687 e -6687 6686
6688 e -2214 -950
6689 e -6689 6687
6690 a 6688 6690
6691 e -6481 48
6692 e -2455 936
6693 e -6693 6692
6694 e -2441 950
6695 e -6695 6693
6696 a 6694 6696
6697 e -4554 -273
6698 e -3494 -493
6699 e -6699 6698
6700 e -3278 -709
6701 e -6701 6699
6702 a 6700 6702
6703 e -4781 273
6704 e -3721 493
6705 e -6705 6704
6706 e -3278 936
6707 e -6707 6705
6708 a 6706 6708
6709 e -4795 -273
6710 e -3735 -493
6711 e -6711 6710
6712 e -3278 -950
6713 e -6713 6711
6714 a 6712 6714
6715 e -5625 273
6716 e -3721 709
6717 e -6717 6716
6718 e -3494 936
6719 e -6719 6717
6720 a 6718 6720
6721 e -5639 -273
6722 e -3735 -709
6723 e -6723 6722
6724 e -3494 -950
6725 e -6725 6723
6726 a 6724 6726
6727 e -6481 273
6728 e -3735 936
6729 e -6729 6728
6730 e -3721 950
6731 e -6731 6729
6732 a 6730 6732
6733 e -5625 493
6734 e -4781 709
6735 e -6735 6734
6736 e -4554 936
6737 e -6737 6735
6738 a 6736 6738
6739 e -5639 -493
6740 e -4795 -709
6741 e -6741 6740
6742 e -4554 -950
6743 e -6743 6741
6744 a 6742 6744
6745 e -6481 493
6746 e -4795 936
6747 e -6747 6746
6748 e -4781 950
6749 e -6749 6747
6750 a 6748 6750
6751 e -6481 709
6752 e -5639 936
6753 e -6753 6752
6754 e -5625 950
6755 e -6755 6753
6756 a 6754 6756
6757 e -4554 -1778
6758 e -3494 -1998
6759 e -6759 6758
6760 e -3278 -2214
6761 e -6761 6759
6762 a 6760 6762
6763 e -4781 1778
6764 e -3721 1998
6765 e -6765 6764
6766 e -3278 2441
6767 e -6767 6765
6768 a 6766 6768
6769 e -4795 -1778
6770 e -3735 -1998
6771 e -6771 6770
6772 e -3278 -2455
6773 e -6773 6771
6774 a 6772 6774
6775 e -5625 1778
6776 e -3721 2214
6777 e -6777 6776
6778 e -3494 2441
6779 e -6779 6777
6780 a 6778 6780
6781 e -5639 -1778
6782 e -3735 -2214
6783 e -6783 6782
6784 e -3494 -2455
6785 e -6785 6783
6786 a 6784 6786
6787 e -6481 1778
6788 e -3735 2441
6789 e -6789 6788
6790 e -3721 2455
6791 e -6791 6789
6792 a 6790 6792
6793 e -5625 1998
6794 e -4781 2214
6795 e -6795 6794
6796 e -4554 2441
6797 e -6797 6795
6798 a 6796 6798
6799 e -5639 -1998
6800 e -4795 -2214
6801 e -6801 6800
6802 e -4554 -2455
6803 e -6803 6801
6804 a 6802 6804
6805 e -6481 1998
6806 e -4795 2441
6807 e -6807 6806
6808 e -4781 2455
6809 e -6809 6807
6810 a 6808 6810
6811 e -6481 2214
6812 e -5639 2441
6813 e -6813 6812
6814 e -5625 2455
6815 e -6815 6813
6816 a 6814 6816
6817 e -5625 3278
6818 e -4781 3494
6819 e -6819 6818
6820 e -4554 3721
6821 e -6821 6819
6822 a 6820 6822
6823 e -5639 -3278
6824 e -4795 -3494
6825 e -6825 6824
6826 e -4554 -3735
6827 e -6827 6825
6828 a 6826 6828
6829 e -6481 3278
6830 e -4795 3721
6831 e -6831 6830
6832 e -4781 3735
6833 e -6833 6831
6834 a 6832 6834
6835 e -6481 3494
6836 e -5639 3721
6837 e -6837 6836
6838 e -5625 3735
6839 e -6839 6837
6840 a 6838 6840
6841 e -6481 4554
6842 e -5639 4781
6843 e -6843 6842
6844 e -5625 4795
6845 e -6845 6843
6846 a 6844 6846
6847 e -3285 -55
6848 e -2005 -280
6849 e -6849 6848
6850 e -1785 -500
6851 e -6851 6849
6852 a 6850 6852
6853 e -3501 -55
6854 e -2221 -280
6855 e -6855 6854
6856 e -1785 -716
6857 e -6857 6855
6858 a 6856 6858
6859 e -3728 55
6860 e -2448 280
6861 e -6861 6860
6862 e -1785 943
6863 e -6863 6861
6864 a 6862 6864
6865 e -3735 55
6866 e -2455 280
6867 e -6867 6866
6868 e -1785 950
6869 e -6869 6867
6870 a 6868 6870
6871 e -4561 -55
6872 e -2221 -500
6873 e -6873 6872
6874 e -2005 -716
6875 e -6875 6873
6876 a 6874 6876
6877 e -4788 55
6878 e -2448 500
6879 e -6879 6878
6880 e -2005 943
6881 e -6881 6879
6882 a 6880 6882
6883 e -4795 55
6884 e -2455 500
6885 e -6885 6884
6886 e -2005 950
6887 e -6887 6885
6888 a 6886 6888
6889 e -5632 55
6890 e -2448 716
6891 e -6891 6890
6892 e -2221 943
6893 e -6893 6891
6894 a 6892 6894
6895 e -5639 55
6896 e -2455 716
6897 e -6897 6896
6898 e -2221 950
6899 e -6899 6897
6900 a 6898 6900
6901 e -6481 -55
6902 e -2455 -943
6903 e -6903 6902
6904 e -2448 -950
6905 e -6905 6903
6906 a 6904 6906
6907 e -4561 -280
6908 e -3501 -500
6909 e -6909 6908
6910 e -3285 -716
6911 e -6911 6909
6912 a 6910 6912
6913 e -4788 280
6914 e -3728 500
6915 e -6915 6914
6916 e -3285 943
6917 e -6917 6915
6918 a 6916 6918
6919 e -4795 280
6920 e -3735 500
6921 e -6921 6920
6922 e -3285 950
6923 e -6923 6921
6924 a 6922 6924
6925 e -5632 280
6926 e -3728 716
6927 e -6927 6926
6928 e -3501 943
6929 e -6929 6927
6930 a 6928 6930
6931 e -5639 280
6932 e -3735 716
6933 e -6933 6932
6934 e -3501 950
6935 e -6935 6933
6936 a 6934 6936
6937 e -6481 -280
6938 e -3735 -943
6939 e -6939 6938
6940 e -3728 -950
6941 e -6941 6939
6942 a 6940 6942
6943 e -5632 500
6944 e -4788 716
6945 e -6945 6944
6946 e -4561 943
6947 e -6947 6945
6948 a 6946 6948
6949 e -5639 500
6950 e -4795 716
6951 e -6951 6950
6952 e -4561 950
6953 e -6953 6951
6954 a 6952 6954
6955 e -6481 -500
6956 e -4795 -943
6957 e -6957 6956
6958 e -4788 -950
6959 e -6959 6957
6960 a 6958 6960
6961 e -6481 -716
6962 e -5639 -943
6963 e -6963 6962
6964 e -5632 -950
6965 e -6965 6963
6966 a 6964 6966
6967 e -4561 -1785
6968 e -3501 -2005
6969 e -6969 6968
6970 e -3285 -2221
6971 e -6971 6969
6972 a 6970 6972
6973 e -4788 1785
6974 e -3728 2005
6975 e -6975 6974
6976 e -3285 2448
6977 e -6977 6975
6978 a 6976 6978
6979 e -4795 1785
6980 e -3735 2005
6981 e -6981 6980
6982 e -3285 2455
6983 e -6983 6981
6984 a 6982 6984
6985 e -5632 1785
6986 e -3728 2221
6987 e -6987 6986
6988 e -3501 2448
6989 e -6989 6987
6990 a 6988 6990
6991 e -5639 1785
6992 e -3735 2221
6993 e -6993 6992
6994 e -3501 2455
6995 e -6995 6993
6996 a 6994 6996
6997 e -6481 -1785
6998 e -3735 -2448
6999 e -6999 6998
7000 e -3728 -2455
7001 e -7001 6999
7002 a 7000 7002
7003 e -5632 2005
7004 e -4788 2221
7005 e -7005 7004
7006 e -4561 2448
7007 e -7007 7005
7008 a 7006 7008
7009 e -5639 2005
7010 e -4795 2221
7011 e -7011 7010
7012 e -4561 2455
7013 e -7013 7011
7014 a 7012 7014
7015 e -6481 -2005
7016 e -4795 -2448
7017 e -7017 7016
7018 e -4788 -2455
7019 e -7019 7017
7020 a 7018 7020
7021 e -6481 -2221
7022 e -5639 -2448
7023 e -7023 7022
7024 e -5632 -2455
7025 e -7025 7023
7026 a 7024 7026
7027 e -5632 3285
7028 e -4788 3501
7029 e -7029 7028
7030 e -4561 3728
7031 e -7031 7029
7032 a 7030 7032
7033 e -5639 3285
7034 e -4795 3501
7035 e -7035 7034
7036 e -4561 3735
7037 e -7037 7035
7038 a 7036 7038
7039 e -6481 -3285
7040 e -4795 -3728
7041 e -7041 7040
7042 e -4788 -3735
7043 e -7043 7041
7044 a 7042 7044
7045 e -6481 -3501
7046 e -5639 -3728
7047 e -7047 7046
7048 e -5632 -3735
7049 e -7049 7047
7050 a 7048 7050
7051 e -6481 -4561
7052 e -5639 -4788
7053 e -7053 7052
7054 e -5632 -4795
7055 e -7055 7053
7056 a 7054 7056
7057 e -3292 -62
7058 e -2012 -287
7059 e -7059 7058
7060 e -1792 -507
7061 e -7061 7059
7062 a 7060 7062
7063 e -3508 -62
7064 e -2228 -287
7065 e -7065 7064
7066 e -1792 -723
7067 e -7067 7065
7068 a 7066 7068
7069 e -3721 -62
7070 e -2441 -287
7071 e -7071 7070
7072 e -1792 -936
7073 e -7073 7071
7074 a 7072 7074
7075 e -3946 -62
7076 e -2666 -287
7077 e -7077 7076
7078 e -1792 -1161
7079 e -7079 7077
7080 a 7078 7080
7081 e -4568 -62
7082 e -2228 -507
7083 e -7083 7082
7084 e -2012 -723
7085 e -7085 7083
7086 a 7084 7086
7087 e -4781 -62
7088 e -2441 -507
7089 e -7089 7088
7090 e -2012 -936
7091 e -7091 7089
7092 a 7090 7092
7093 e -5006 -62
7094 e -2666 -507
7095 e -7095 7094
7096 e -2012 -1161
7097 e -7097 7095
7098 a 7096 7098
7099 e -5625 -62
7100 e -2441 -723
7101 e -7101 7100
7102 e -2228 -936
7103 e -7103 7101
7104 a 7102 7104
7105 e -5850 -62
7106 e -2666 -723
7107 e -7107 7106
7108 e -2228 -1161
7109 e -7109 7107
7110 a 7108 7110
7111 e -6481 -62
7112 e -2666 -936
7113 e -7113 7112
7114 e -2441 -1161
7115 e -7115 7113
7116 a 7114 7116
7117 e -4568 -287
7118 e -3508 -507
7119 e -7119 7118
7120 e -3292 -723
7121 e -7121 7119
7122 a 7120 7122
7123 e -4781 -287
7124 e -3721 -507
7125 e -7125 7124
7126 e -3292 -936
7127 e -7127 7125
7128 a 7126 7128
7129 e -5006 -287
7130 e -3946 -507
7131 e -7131 7130
7132 e -3292 -1161
7133 e -7133 7131
7134 a 7132 7134
7135 e -5625 -287
7136 e -3721 -723
7137 e -7137 7136
7138 e -3508 -936
7139 e -7139 7137
7140 a 7138 7140
7141 e -5850 -287
7142 e -3946 -723
7143 e -7143 7142
7144 e -3508 -1161
7145 e -7145 7143
7146 a 7144 7146
7147 e -6481 -287
7148 e -3946 -936
7149 e -7149 7148
7150 e -3721 -1161
7151 e -7151 7149
7152 a 7150 7152
7153 e -5625 -507
7154 e -4781 -723
7155 e -7155 7154
7156 e -4568 -936
7157 e -7157 7155
7158 a 7156 7158
7159 e -5850 -507
7160 e -5006 -723
7161 e -7161 7160
7162 e -4568 -1161
7163 e -7163 7161
7164 a 7162 7164
7165 e -6481 -507
7166 e -5006 -936
7167 e -7167 7166
7168 e -4781 -1161
7169 e -7169 7167
7170 a 7168 7170
7171 e -6481 -723
7172 e -5850 -936
7173 e -7173 7172
7174 e -5625 -1161
7175 e -7175 7173
7176 a 7174 7176
7177 e -4568 -1792
7178 e -3508 -2012
7179 e -7179 7178
7180 e -3292 -2228
7181 e -7181 7179
7182 a 7180 7182
7183 e -4781 -1792
7184 e -3721 -2012
7185 e -7185 7184
7186 e -3292 -2441
7187 e -7187 7185
7188 a 7186 7188
7189 e -5006 -1792
7190 e -3946 -2012
7191 e -7191 7190
7192 e -3292 -2666
7193 e -7193 7191
7194 a 7192 7194
7195 e -5625 -1792
7196 e -3721 -2228
7197 e -7197 7196
7198 e -3508 -2441
7199 e -7199 7197
7200 a 7198 7200
7201 e -5850 -1792
7202 e -3946 -2228
7203 e -7203 7202
7204 e -3508 -2666
7205 e -7205 7203
7206 a 7204 7206
7207 e -6481 -1792
7208 e -3946 -2441
7209 e -7209 7208
7210 e -3721 -2666
7211 e -7211 7209
7212 a 7210 7212
7213 e -5625 -2012
7214 e -4781 -2228
7215 e -7215 7214
7216 e -4568 -2441
7217 e -7217 7215
7218 a 7216 7218
7219 e -5850 -2012
7220 e -5006 -2228
7221 e -7221 7220
7222 e -4568 -2666
7223 e -7223 7221
7224 a 7222 7224
7225 e -6481 -2012
7226 e -5006 -2441
7227 e -7227 7226
7228 e -4781 -2666
7229 e -7229 7227
7230 a 7228 7230
7231 e -6481 -2228
7232 e -5850 -2441
7233 e -7233 7232
7234 e -5625 -2666
7235 e -7235 7233
7236 a 7234 7236
7237 e -5625 -3292
7238 e -4781 -3508
7239 e -7239 7238
7240 e -4568 -3721
7241 e -7241 7239
7242 a 7240 7242
7243 e -5850 -3292
7244 e -5006 -3508
7245 e -7245 7244
7246 e -4568 -3946
7247 e -7247 7245
7248 a 7246 7248
7249 e -6481 -3292
7250 e -5006 -3721
7251 e -7251 7250
7252 e -4781 -3946
7253 e -7253 7251
7254 a 7252 7254
7255 e -6481 -3508
7256 e -5850 -3721
7257 e -7257 7256
7258 e -5625 -3946
7259 e -7259 7257
7260 a 7258 7260
7261 e -6481 -4568
7262 e -5850 -4781
7263 e -7263 7262
7264 e -5625 -5006
7265 e -7265 7263
7266 a 7264 7266
7267 e -3299 -69
7268 e -2019 -294
7269 e -7269 7268
7270 e -1799 -514
7271 e -7271 7269
7272 a 7270 7272
7273 e -3515 -69
7274 e -2235 -294
7275 e -7275 7274
7276 e -1799 -730
7277 e -7277 7275
7278 a 7276 7278
7279 e -3728 -69
7280 e -2448 -294
7281 e -7281 7280
7282 e -1799 -943
7283 e -7283 7281
7284 a 7282 7284
7285 e -3946 69
7286 e -2666 294
7287 e -7287 7286
7288 e -1799 1161
7289 e -7289 7287
7290 a 7288 7290
7291 e -4575 -69
7292 e -2235 -514
7293 e -7293 7292
7294 e -2019 -730
7295 e -7295 7293
7296 a 7294 7296
7297 e -4788 -69
7298 e -2448 -514
7299 e -7299 7298
7300 e -2019 -943
7301 e -7301 7299
7302 a 7300 7302
7303 e -5006 69
7304 e -2666 514
7305 e -7305 7304
7306 e -2019 1161
7307 e -7307 7305
7308 a 7306 7308
7309 e -5632 -69
7310 e -2448 -730
7311 e -7311 7310
7312 e -2235 -943
7313 e -7313 7311
7314 a 7312 7314
7315 e -5850 69
7316 e -2666 730
7317 e -7317 7316
7318 e -2235 1161
7319 e -7319 7317
7320 a 7318 7320
7321 e -6481 69
7322 e -2666 943
7323 e -7323 7322
7324 e -2448 1161
7325 e -7325 7323
7326 a 7324 7326
7327 e -4575 -294
7328 e -3515 -514
7329 e -7329 7328
7330 e -3299 -730
7331 e -7331 7329
7332 a 7330 7332
7333 e -4788 -294
7334 e -3728 -514
7335 e -7335 7334
7336 e -3299 -943
7337 e -7337 7335
7338 a 7336 7338
7339 e -5006 294
7340 e -3946 514
7341 e -7341 7340
7342 e -3299 1161
7343 e -7343 7341
7344 a 7342 7344
7345 e -5632 -294
7346 e -3728 -730
7347 e -7347 7346
7348 e -3515 -943
7349 e -7349 7347
7350 a 7348 7350
7351 e -5850 294
7352 e -3946 730
7353 e -7353 7352
7354 e -3515 1161
7355 e -7355 7353
7356 a 7354 7356
7357 e -6481 294
7358 e -3946 943
7359 e -7359 7358
7360 e -3728 1161
7361 e -7361 7359
7362 a 7360 7362
7363 e -5632 -514
7364 e -4788 -730
7365 e -7365 7364
7366 e -4575 -943
7367 e -7367 7365
7368 a 7366 7368
7369 e -5850 514
7370 e -5006 730
7371 e -7371 7370
7372 e -4575 1161
7373 e -7373 7371
7374 a 7372 7374
7375 e -6481 514
7376 e -5006 943
7377 e -7377 7376
7378 e -4788 1161
7379 e -7379 7377
7380 a 7378 7380
7381 e -6481 730
7382 e -5850 943
7383 e -7383 7382
7384 e -5632 1161
7385 e -7385 7383
7386 a 7384 7386
7387 e -4575 -1799
7388 e -3515 -2019
7389 e -7389 7388
7390 e -3299 -2235
7391 e -7391 7389
7392 a 7390 7392
7393 e -4788 -1799
7394 e -3728 -2019
7395 e -7395 7394
7396 e -3299 -2448
7397 e -7397 7395
7398 a 7396 7398
7399 e -5006 1799
7400 e -3946 2019
7401 e -7401 7400
7402 e -3299 2666
7403 e -7403 7401
7404 a 7402 7404
7405 e -5632 -1799
7406 e -3728 -2235
7407 e -7407 7406
7408 e -3515 -2448
7409 e -7409 7407
7410 a 7408 7410
7411 e -5850 1799
7412 e -3946 2235
7413 e -7413 7412
7414 e -3515 2666
7415 e -7415 7413
7416 a 7414 7416
7417 e -6481 1799
7418 e -3946 2448
7419 e -7419 7418
7420 e -3728 2666
7421 e -7421 7419
7422 a 7420 7422
7423 e -5632 -2019
7424 e -4788 -2235
7425 e -7425 7424
7426 e -4575 -2448
7427 e -7427 7425
7428 a 7426 7428
7429 e -5850 2019
7430 e -5006 2235
7431 e -7431 7430
7432 e -4575 2666
7433 e -7433 7431
7434 a 7432 7434
7435 e -6481 2019
7436 e -5006 2448
7437 e -7437 7436
7438 e -4788 2666
7439 e -7439 7437
7440 a 7438 7440
7441 e -6481 2235
7442 e -5850 2448
7443 e -7443 7442
7444 e -5632 2666
7445 e -7445 7443
7446 a 7444 7446
7447 e -5632 -3299
7448 e -4788 -3515
7449 e -7449 7448
7450 e -4575 -3728
7451 e -7451 7449
7452 a 7450 7452
7453 e -5850 3299
7454 e -5006 3515
7455 e -7455 7454
7456 e -4575 3946
7457 e -7457 7455
7458 a 7456 7458
7459 e -6481 3299
7460 e -5006 3728
7461 e -7461 7460
7462 e -4788 3946
7463 e -7463 7461
7464 a 7462 7464
7465 e -6481 3515
7466 e -5850 3728
7467 e -7467 7466
7468 e -5632 3946
7469 e -7469 7467
7470 a 7468 7470
7471 e -6481 4575
7472 e -5850 4788
7473 e -7473 7472
7474 e -5632 5006
7475 e -7475 7473
7476 a 7474 7476
7477 e -3306 -76
7478 e -2026 -301
7479 e -7479 7478
7480 e -1806 -521
7481 e -7481 7479
7482 a 7480 7482
7483 e -3522 -76
7484 e -2242 -301
7485 e -7485 7484
7486 e -1806 -737
7487 e -7487 7485
7488 a 7486 7488
7489 e -3735 -76
7490 e -2455 -301
7491 e -7491 7490
7492 e -1806 -950
7493 e -7493 7491
7494 a 7492 7494
7495 e -3946 -76
7496 e -2666 -301
7497 e -7497 7496
7498 e -1806 -1161
7499 e -7499 7497
7500 a 7498 7500
7501 e -4582 -76
7502 e -2242 -521
7503 e -7503 7502
7504 e -2026 -737
7505 e -7505 7503
7506 a 7504 7506
7507 e -4795 -76
7508 e -2455 -521
7509 e -7509 7508
7510 e -2026 -950
7511 e -7511 7509
7512 a 7510 7512
7513 e -5006 -76
7514 e -2666 -521
7515 e -7515 7514
7516 e -2026 -1161
7517 e -7517 7515
7518 a 7516 7518
7519 e -5639 -76
7520 e -2455 -737
7521 e -7521 7520
7522 e -2242 -950
7523 e -7523 7521
7524 a 7522 7524
7525 e -5850 -76
7526 e -2666 -737
7527 e -7527 7526
7528 e -2242 -1161
7529 e -7529 7527
7530 a 7528 7530
7531 e -6481 -76
7532 e -2666 -950
7533 e -7533 7532
7534 e -2455 -1161
7535 e -7535 7533
7536 a 7534 7536
7537 e -4582 -301
7538 e -3522 -521
7539 e -7539 7538
7540 e -3306 -737
7541 e -7541 7539
7542 a 7540 7542
7543 e -4795 -301
7544 e -3735 -521
7545 e -7545 7544
7546 e -3306 -950
7547 e -7547 7545
7548 a 7546 7548
7549 e -5006 -301
7550 e -3946 -521
7551 e -7551 7550
7552 e -3306 -1161
7553 e -7553 7551
7554 a 7552 7554
7555 e -5639 -301
7556 e -3735 -737
7557 e -7557 7556
7558 e -3522 -950
7559 e -7559 7557
7560 a 7558 7560
7561 e -5850 -301
7562 e -3946 -737
7563 e -7563 7562
7564 e -3522 -1161
7565 e -7565 7563
7566 a 7564 7566
7567 e -6481 -301
7568 e -3946 -950
7569 e -7569 7568
7570 e -3735 -1161
7571 e -7571 7569
7572 a 7570 7572
7573 e -5639 -521
7574 e -4795 -737
7575 e -7575 7574
7576 e -4582 -950
7577 e -7577 7575
7578 a 7576 7578
7579 e -5850 -521
7580 e -5006 -737
7581 e -7581 7580
7582 e -4582 -1161
7583 e -7583 7581
7584 a 7582 7584
7585 e -6481 -521
7586 e -5006 -950
7587 e -7587 7586
7588 e -4795 -1161
7589 e -7589 7587
7590 a 7588 7590
7591 e -6481 -737
7592 e -5850 -950
7593 e -7593 7592
7594 e -5639 -1161
7595 e -7595 7593
7596 a 7594 7596
7597 e -4582 -1806
7598 e -3522 -2026
7599 e -7599 7598
7600 e -3306 -2242
7601 e -7601 7599
7602 a 7600 7602
7603 e -4795 -1806
7604 e -3735 -2026
7605 e -7605 7604
7606 e -3306 -2455
7607 e -7607 7605
7608 a 7606 7608
7609 e -5006 -1806
7610 e -3946 -2026
7611 e -7611 7610
7612 e -3306 -2666
7613 e -7613 7611
7614 a 7612 7614
7615 e -5639 -1806
7616 e -3735 -2242
7617 e -7617 7616
7618 e -3522 -2455
7619 e -7619 7617
7620 a 7618 7620
7621 e -5850 -1806
7622 e -3946 -2242
7623 e -7623 7622
7624 e -3522 -2666
7625 e -7625 7623
7626 a 7624 7626
7627 e -6481 -1806
7628 e -3946 -2455
7629 e -7629 7628
7630 e -3735 -2666
7631 e -7631 7629
7632 a 7630 7632
7633 e -5639 -2026
7634 e -4795 -2242
7635 e -7635 7634
7636 e -4582 -2455
7637 e -7637 7635
7638 a 7636 7638
7639 e -5850 -2026
7640 e -5006 -2242
7641 e -7641 7640
7642 e -4582 -2666
7643 e -7643 7641
7644 a 7642 7644
7645 e -6481 -2026
7646 e -5006 -2455
7647 e -7647 7646
7648 e -4795 -2666
7649 e -7649 7647
7650 a 7648 7650
7651 e -6481 -2242
7652 e -5850 -2455
7653 e -7653 7652
7654 e -5639 -2666
7655 e -7655 7653
7656 a 7654 7656
7657 e -5639 -3306
7658 e -4795 -3522
7659 e -7659 7658
7660 e -4582 -3735
7661 e -7661 7659
7662 a 7660 7662
7663 e -5850 -3306
7664 e -5006 -3522
7665 e -7665 7664
7666 e -4582 -3946
7667 e -7667 7665
7668 a 7666 7668
7669 e -6481 -3306
7670 e -5006 -3735
7671 e -7671 7670
7672 e -4795 -3946
7673 e -7673 7671
7674 a 7672 7674
7675 e -6481 -3522
7676 e -5850 -3735
7677 e -7677 7676
7678 e -5639 -3946
7679 e -7679 7677
7680 a 7678 7680
7681 e -6481 -4582
7682 e -5850 -4795
7683 e -7683 7682
7684 e -5639 -5006
7685 e -7685 7683
7686 a 7684 7686
7687 e -1765 -37
7688 e -4561 -32
7689 e -7689 -7688
7690 e -1984 -37
7692 e -7692 -7691
7693 e -7693 7690
7694 e -2221 -37
7695 e -3264 -34
7696 e -7696 -7695
7697 e -7697 7693
7698 a 7694 7698
7700 e -7700 -7688
7702 e -7702 -7691
7703 e -7703 7701
7704 e -2448 -37
7705 e -7705 -7696
7706 e -7706 7703
7707 a 7704 7707
7709 e -7709 -7688
7711 e -7711 -7691
7712 e -7712 7710
7713 e -2666 -37
7714 e -7714 -7696
7715 e -7715 7712
7716 a 7713 7716
7717 e -7688 -1603
7718 e -7691 -1549
7719 e -7719 7718
7720 e -76 -37
7721 e -7721 -7696
7722 e -7722 7719
7723 a 7720 7723
7724 e -5632 -55
7725 e -7725 -7688
7726 e -7702 -7695
7727 e -7727 7726
7728 e -7705 -7692
7729 e -7729 7727
7730 a 7728 7730
7732 e -7732 -7688
7733 e -7711 -7695
7734 e -7734 7733
7735 e -7714 -7692
7736 e -7736 7734
7737 a 7735 7737
7738 e -7688 -1633
7739 e -7695 -1549
7740 e -7740 7739
7741 e -7721 -7692
7742 e -7742 7740
7743 a 7741 7743
7744 e -6481 -69
7745 e -7745 -7688
7746 e -7711 -7705
7747 e -7747 7746
7748 e -7714 -7702
7749 e -7749 7747
7750 a 7748 7750
7751 e -7688 -1645
7752 e -7705 -1549
7753 e -7753 7752
7754 e -7721 -7702
7755 e -7755 7753
7756 a 7754 7756
7757 e -1161 -76
7758 e -7758 -7688
7759 e -7714 -1549
7760 e -7760 7759
7761 e -7721 -7711
7762 e -7762 7760
7763 a 7761 7763
7764 e -7725 -7691
7765 e -7700 -7695
7766 e -7766 7765
7767 e -7705 -7689
7768 e -7768 7766
7769 a 7767 7769
7770 e -7732 -7691
7771 e -7709 -7695
7772 e -7772 7771
7773 e -7714 -7689
7774 e -7774 7772
7775 a 7773 7775
7776 e -7691 -1633
7777 e -7695 -1603
7778 e -7778 7777
7779 e -7721 -7689
7780 e -7780 7778
7781 a 7779 7781
7782 e -7745 -7691
7783 e -7709 -7705
7784 e -7784 7783
7785 e -7714 -7700
7786 e -7786 7784
7787 a 7785 7787
7788 e -7691 -1645
7789 e -7705 -1603
7790 e -7790 7789
7791 e -7721 -7700
7792 e -7792 7790
7793 a 7791 7793
7794 e -7758 -7691
7795 e -7714 -1603
7796 e -7796 7795
7797 e -7721 -7709
7798 e -7798 7796
7799 a 7797 7799
7800 e -7745 -7695
7801 e -7732 -7705
7802 e -7802 7801
7803 e -7725 -7714
7804 e -7804 7802
7805 a 7803 7805
7806 e -7695 -1645
7807 e -7705 -1633
7808 e -7808 7807
7809 e -7725 -7721
7810 e -7810 7808
7811 a 7809 7811
7812 e -7758 -7695
7813 e -7714 -1633
7814 e -7814 7813
7815 e -7732 -7721
7816 e -7816 7814
7817 a 7815 7817
7818 e -7758 -7705
7819 e -7714 -1645
7820 e -7820 7819
7821 e -7745 -7721
7822 e -7822 7820
7823 a 7821 7823
7824 e -7725 -7696
7825 e -7700 -7692
7826 e -7826 7825
7827 e -7702 -7689
7828 e -7828 7826
7829 a 7827 7829
7830 e -7732 -7696
7831 e -7709 -7692
7832 e -7832 7831
7833 e -7711 -7689
7834 e -7834 7832
7835 a 7833 7835
7836 e -7696 -1633
7837 e -7692 -1603
7838 e -7838 7837
7839 e -7689 -1549
7840 e -7840 7838
7841 a 7839 7841
7842 e -7745 -7696
7843 e -7709 -7702
7844 e -7844 7843
7845 e -7711 -7700
7846 e -7846 7844
7847 a 7845 7847
7848 e -7696 -1645
7849 e -7702 -1603
7850 e -7850 7849
7851 e -7700 -1549
7852 e -7852 7850
7853 a 7851 7853
7854 e -7758 -7696
7855 e -7711 -1603
7856 e -7856 7855
7857 e -7709 -1549
7858 e -7858 7856
7859 a 7857 7859
7860 e -7745 -7692
7861 e -7732 -7702
7862 e -7862 7861
7863 e -7725 -7711
7864 e -7864 7862
7865 a 7863 7865
7866 e -7692 -1645
7867 e -7702 -1633
7868 e -7868 7867
7869 e -7725 -1549
7870 e -7870 7868
7871 a 7869 7871
7872 e -7758 -7692
7873 e -7711 -1633
7874 e -7874 7873
7875 e -7732 -1549
7876 e -7876 7874
7877 a 7875 7877
7878 e -7758 -7702
7879 e -7711 -1645
7880 e -7880 7879
7881 e -7745 -1549
7882 e -7882 7880
7883 a 7881 7883
7884 e -7745 -7689
7885 e -7732 -7700
7886 e -7886 7885
7887 e -7725 -7709
7888 e -7888 7886
7889 a 7887 7889
7890 e -7689 -1645
7891 e -7700 -1633
7892 e -7892 7891
7893 e -7725 -1603
7894 e -7894 7892
7895 a 7893 7895
7896 e -7758 -7689
7897 e -7709 -1633
7898 e -7898 7897
7899 e -7732 -1603
7900 e -7900 7898
7901 a 7899 7901
7902 e -7758 -7700
7903 e -7709 -1645
7904 e -7904 7903
7905 e -7745 -1603
7906 e -7906 7904
7907 a 7905 7907
7908 e -7758 -7725
7909 e -7732 -1645
7910 e -7910 7909
7911 e -7745 -1633
7912 e -7912 7910
7913 a 7911 7913
7914 e -4561 -1763
7915 e -7915 7688
7916 e -3501 -1765
7917 e -7917 7691
7918 e -7918 7916
7919 e -3264 -1765
7920 e -7920 7695
7921 e -7921 7918
7922 a 7919 7922
7924 e -7924 7688
7925 e -3728 -1765
7926 e -7926 7691
7927 e -7927 7925
7928 e -7920 7705
7929 e -7929 7927
7930 a 7928 7930
7932 e -7932 7688
7933 e -3946 -1765
7934 e -7934 7691
7935 e -7935 7933
7936 e -7920 7714
7937 e -7937 7935
7938 a 7936 7938
7940 e -7940 7688
7941 e -7691 4334
7942 e -7942 7941
7943 e -7920 7721
7944 e -7944 7942
7945 a 7943 7945
7946 e -5632 -1785
7947 e -7947 7688
7948 e -7926 7695
7949 e -7949 7948
7950 e -7917 7705
7951 e -7951 7949
7952 a 7950 7952
7954 e -7954 7688
7955 e -7934 7695
7956 e -7956 7955
7957 e -7917 7714
7958 e -7958 7956
7959 a 7957 7959
7961 e -7961 7688
7962 e -7695 4334
7963 e -7963 7962
7964 e -7917 7721
7965 e -7965 7963
7966 a 7964 7966
7967 e -6481 -1799
7968 e -7968 7688
7969 e -7934 7705
7970 e -7970 7969
7971 e -7926 7714
7972 e -7972 7970
7973 a 7971 7973
7975 e -7975 7688
7976 e -7705 4334
7977 e -7977 7976
7978 e -7926 7721
7979 e -7979 7977
7980 a 7978 7980
7981 e -7688 7499
7982 e -7714 4334
7983 e -7983 7982
7984 e -7934 7721
7985 e -7985 7983
7986 a 7984 7986
7987 e -7947 7691
7988 e -7924 7695
7989 e -7989 7988
7990 e -7915 7705
7991 e -7991 7989
7992 a 7990 7992
7993 e -7954 7691
7994 e -7932 7695
7995 e -7995 7994
7996 e -7915 7714
7997 e -7997 7995
7998 a 7996 7998
7999 e -7961 7691
8000 e -7940 7695
8001 e -8001 8000
8002 e -7915 7721
8003 e -8003 8001
8004 a 8002 8004
8005 e -7968 7691
8006 e -7932 7705
8007 e -8007 8006
8008 e -7924 7714
8009 e -8009 8007
8010 a 8008 8010
8011 e -7975 7691
8012 e -7940 7705
8013 e -8013 8012
8014 e -7924 7721
8015 e -8015 8013
8016 a 8014 8016
8017 e -7691 7499
8018 e -7940 7714
8019 e -8019 8018
8020 e -7932 7721
8021 e -8021 8019
8022 a 8020 8022
8023 e -7968 7695
8024 e -7954 7705
8025 e -8025 8024
8026 e -7947 7714
8027 e -8027 8025
8028 a 8026 8028
8029 e -7975 7695
8030 e -7961 7705
8031 e -8031 8030
8032 e -7947 7721
8033 e -8033 8031
8034 a 8032 8034
8035 e -7695 7499
8036 e -7961 7714
8037 e -8037 8036
8038 e -7954 7721
8039 e -8039 8037
8040 a 8038 8040
8041 e -7705 7499
8042 e -7975 7714
8043 e -8043 8042
8044 e -7968 7721
8045 e -8045 8043
8046 a 8044 8046
8047 e -7947 -7920
8048 e -7924 -7917
8049 e -8049 8048
8050 e -7926 -7915
8051 e -8051 8049
8052 a 8050 8052
8053 e -7954 -7920
8054 e -7932 -7917
8055 e -8055 8054
8056 e -7934 -7915
8057 e -8057 8055
8058 a 8056 8058
8059 e -7961 -7920
8060 e -7940 -7917
8061 e -8061 8060
8062 e -7915 -4334
8063 e -8063 8061
8064 a 8062 8064
8065 e -7968 -7920
8066 e -7932 -7926
8067 e -8067 8066
8068 e -7934 -7924
8069 e -8069 8067
8070 a 8068 8070
8071 e -7975 -7920
8072 e -7940 -7926
8073 e -8073 8072
8074 e -7924 -4334
8075 e -8075 8073
8076 a 8074 8076
8077 e -7920 -7499
8078 e -7940 -7934
8079 e -8079 8078
8080 e -7932 -4334
8081 e -8081 8079
8082 a 8080 8082
8083 e -7968 -7917
8084 e -7954 -7926
8085 e -8085 8084
8086 e -7947 -7934
8087 e -8087 8085
8088 a 8086 8088
8089 e -7975 -7917
8090 e -7961 -7926
8091 e -8091 8090
8092 e -7947 -4334
8093 e -8093 8091
8094 a 8092 8094
8095 e -7917 -7499
8096 e -7961 -7934
8097 e -8097 8096
8098 e -7954 -4334
8099 e -8099 8097
8100 a 8098 8100
8101 e -7926 -7499
8102 e -7975 -7934
8103 e -8103 8102
8104 e -7968 -4334
8105 e -8105 8103
8106 a 8104 8106
8107 e -7968 -7915
8108 e -7954 -7924
8109 e -8109 8108
8110 e -7947 -7932
8111 e -8111 8109
8112 a 8110 8112
8113 e -7975 -7915
8114 e -7961 -7924
8115 e -8115 8114
8116 e -7947 -7940
8117 e -8117 8115
8118 a 8116 8118
8119 e -7915 -7499
8120 e -7961 -7932
8121 e -8121 8120
8122 e -7954 -7940
8123 e -8123 8121
8124 a 8122 8124
8125 e -7924 -7499
8126 e -7975 -7932
8127 e -8127 8126
8128 e -7968 -7940
8129 e -8129 8127
8130 a 8128 8130
8131 e -7947 -7499
8132 e -7975 -7954
8133 e -8133 8132
8134 e -7968 -7961
8135 e -8135 8133
8136 a 8134 8136
8137 e -4561 -3264
8138 e -8138 -7688
8139 e -7917 -7696
8140 e -8140 8139
8141 e -7920 -7692
8142 e -8142 8140
8143 a 8141 8143
8144 e -4788 -3264
8145 e -8145 -7688
8146 e -7926 -7696
8147 e -8147 8146
8148 e -7920 -7702
8149 e -8149 8147
8150 a 8148 8150
8151 e -5006 -3264
8152 e -8152 -7688
8153 e -7934 -7696
8154 e -8154 8153
8155 e -7920 -7711
8156 e -8156 8154
8157 a 8155 8157
8158 e -7688 -5448
8159 e -7696 -4334
8160 e -8160 8159
8161 e -7920 -1549
8162 e -8162 8160
8163 a 8161 8163
8164 e -5632 -3285
8165 e -8165 -7688
8166 e -7926 -7692
8167 e -8167 8166
8168 e -7917 -7702
8169 e -8169 8167
8170 a 8168 8170
8172 e -8172 -7688
8173 e -7934 -7692
8174 e -8174 8173
8175 e -7917 -7711
8176 e -8176 8174
8177 a 8175 8177
8179 e -8179 -7688
8180 e -7692 -4334
8181 e -8181 8180
8182 e -7917 -1549
8183 e -8183 8181
8184 a 8182 8184
8185 e -6481 -3299
8186 e -8186 -7688
8187 e -7934 -7702
8188 e -8188 8187
8189 e -7926 -7711
8190 e -8190 8188
8191 a 8189 8191
8193 e -8193 -7688
8194 e -7702 -4334
8195 e -8195 8194
8196 e -7926 -1549
8197 e -8197 8195
8198 a 8196 8198
8199 e -7688 -7553
8200 e -7711 -4334
8201 e -8201 8200
8202 e -7934 -1549
8203 e -8203 8201
8204 a 8202 8204
8205 e -8165 7696
8206 e -8145 7692
8207 e -8207 8206
8208 e -8138 7702
8209 e -8209 8207
8210 a 8208 8210
8211 e -8172 7696
8212 e -8152 7692
8213 e -8213 8212
8214 e -8138 7711
8215 e -8215 8213
8216 a 8214 8216
8217 e -8179 7696
8218 e -7692 5448
8219 e -8219 8218
8220 e -8138 1549
8221 e -8221 8219
8222 a 8220 8222
8223 e -8186 7696
8224 e -8152 7702
8225 e -8225 8224
8226 e -8145 7711
8227 e -8227 8225
8228 a 8226 8228
8229 e -8193 7696
8230 e -7702 5448
8231 e -8231 8230
8232 e -8145 1549
8233 e -8233 8231
8234 a 8232 8234
8235 e -7696 7553
8236 e -7711 5448
8237 e -8237 8236
8238 e -8152 1549
8239 e -8239 8237
8240 a 8238 8240
8241 e -8186 7692
8242 e -8172 7702
8243 e -8243 8242
8244 e -8165 7711
8245 e -8245 8243
8246 a 8244 8246
8247 e -8193 7692
8248 e -8179 7702
8249 e -8249 8248
8250 e -8165 1549
8251 e -8251 8249
8252 a 8250 8252
8253 e -7692 7553
8254 e -8179 7711
8255 e -8255 8254
8256 e -8172 1549
8257 e -8257 8255
8258 a 8256 8258
8259 e -7702 7553
8260 e -8193 7711
8261 e -8261 8260
8262 e -8186 1549
8263 e -8263 8261
8264 a 8262 8264
8265 e -8165 7920
8266 e -8145 7917
8267 e -8267 8266
8268 e -8138 7926
8269 e -8269 8267
8270 a 8268 8270
8271 e -8172 7920
8272 e -8152 7917
8273 e -8273 8272
8274 e -8138 7934
8275 e -8275 8273
8276 a 8274 8276
8277 e -8179 7920
8278 e -7917 5448
8279 e -8279 8278
8280 e -8138 4334
8281 e -8281 8279
8282 a 8280 8282
8283 e -8186 7920
8284 e -8152 7926
8285 e -8285 8284
8286 e -8145 7934
8287 e -8287 8285
8288 a 8286 8288
8289 e -8193 7920
8290 e -7926 5448
8291 e -8291 8290
8292 e -8145 4334
8293 e -8293 8291
8294 a 8292 8294
8295 e -7920 7553
8296 e -7934 5448
8297 e -8297 8296
8298 e -8152 4334
8299 e -8299 8297
8300 a 8298 8300
8301 e -8186 7917
8302 e -8172 7926
8303 e -8303 8302
8304 e -8165 7934
8305 e -8305 8303
8306 a 8304 8306
8307 e -8193 7917
8308 e -8179 7926
8309 e -8309 8308
8310 e -8165 4334
8311 e -8311 8309
8312 a 8310 8312
8313 e -7917 7553
8314 e -8179 7934
8315 e -8315 8314
8316 e -8172 4334
8317 e -8317 8315
8318 a 8316 8318
8319 e -7926 7553
8320 e -8193 7934
8321 e -8321 8320
8322 e -8186 4334
8323 e -8323 8321
8324 a 8322 8324
8325 e -8186 -8138
8326 e -8172 -8145
8327 e -8327 8326
8328 e -8165 -8152
8329 e -8329 8327
8330 a 8328 8330
8331 e -8193 -8138
8332 e -8179 -8145
8333 e -8333 8332
8334 e -8165 -5448
8335 e -8335 8333
8336 a 8334 8336
8337 e -8138 -7553
8338 e -8179 -8152
8339 e -8339 8338
8340 e -8172 -5448
8341 e -8341 8339
8342 a 8340 8342
8343 e -8145 -7553
8344 e -8193 -8152
8345 e -8345 8344
8346 e -8186 -5448
8347 e -8347 8345
8348 a 8346 8348
8349 e -8165 -7553
8350 e -8193 -8172
8351 e -8351 8350
8352 e -8186 -8179
8353 e -8353 8351
8354 a 8352 8354
8355 e -8138 7691
8356 e -7915 7696
8357 e -8357 8356
8358 e -7920 7689
8359 e -8359 8357
8360 a 8358 8360
8361 e -8145 7691
8362 e -7924 7696
8363 e -8363 8362
8364 e -7920 7700
8365 e -8365 8363
8366 a 8364 8366
8367 e -8152 7691
8368 e -7932 7696
8369 e -8369 8368
8370 e -7920 7709
8371 e -8371 8369
8372 a 8370 8372
8373 e -7691 5448
8374 e -7940 7696
8375 e -8375 8374
8376 e -7920 1603
8377 e -8377 8375
8378 a 8376 8378
8379 e -5632 -4561
8380 e -8380 -7691
8381 e -7924 -7689
8382 e -8382 8381
8383 e -7915 -7700
8384 e -8384 8382
8385 a 8383 8385
8386 e -5850 -4561
8387 e -8387 -7691
8388 e -7932 -7689
8389 e -8389 8388
8390 e -7915 -7709
8391 e -8391 8389
8392 a 8390 8392
8393 e -7691 -6322
8394 e -7940 -7689
8395 e -8395 8394
8396 e -7915 -1603
8397 e -8397 8395
8398 a 8396 8398
8399 e -6481 -4575
8400 e -8400 -7691
8401 e -7932 -7700
8402 e -8402 8401
8403 e -7924 -7709
8404 e -8404 8402
8405 a 8403 8405
8407 e -8407 -7691
8408 e -7940 -7700
8409 e -8409 8408
8410 e -7924 -1603
8411 e -8411 8409
8412 a 8410 8412
8413 e -7691 -7583
8414 e -7940 -7709
8415 e -8415 8414
8416 e -7932 -1603
8417 e -8417 8415
8418 a 8416 8418
8419 e -8380 -7696
8420 e -8145 -7689
8421 e -8421 8420
8422 e -8138 -7700
8423 e -8423 8421
8424 a 8422 8424
8425 e -8387 -7696
8426 e -8152 -7689
8427 e -8427 8426
8428 e -8138 -7709
8429 e -8429 8427
8430 a 8428 8430
8431 e -7696 -6322
8432 e -7689 -5448
8433 e -8433 8432
8434 e -8138 -1603
8435 e -8435 8433
8436 a 8434 8436
8437 e -8400 -7696
8438 e -8152 -7700
8439 e -8439 8438
8440 e -8145 -7709
8441 e -8441 8439
8442 a 8440 8442
8443 e -8407 -7696
8444 e -7700 -5448
8445 e -8445 8444
8446 e -8145 -1603
8447 e -8447 8445
8448 a 8446 8448
8449 e -7696 -7583
8450 e -7709 -5448
8451 e -8451 8450
8452 e -8152 -1603
8453 e -8453 8451
8454 a 8452 8454
8455 e -8400 7689
8456 e -8387 7700
8457 e -8457 8456
8458 e -8380 7709
8459 e -8459 8457
8460 a 8458 8460
8461 e -8407 7689
8462 e -7700 6322
8463 e -8463 8462
8464 e -8380 1603
8465 e -8465 8463
8466 a 8464 8466
8467 e -7689 7583
8468 e -7709 6322
8469 e -8469 8468
8470 e -8387 1603
8471 e -8471 8469
8472 a 8470 8472
8473 e -7700 7583
8474 e -8407 7709
8475 e -8475 8474
8476 e -8400 1603
8477 e -8477 8475
8478 a 8476 8478
8479 e -8380 -7920
8480 e -8145 -7915
8481 e -8481 8480
8482 e -8138 -7924
8483 e -8483 8481
8484 a 8482 8484
8485 e -8387 -7920
8486 e -8152 -7915
8487 e -8487 8486
8488 e -8138 -7932
8489 e -8489 8487
8490 a 8488 8490
8491 e -7920 -6322
8492 e -7915 -5448
8493 e -8493 8492
8494 e -8138 -7940
8495 e -8495 8493
8496 a 8494 8496
8497 e -8400 -7920
8498 e -8152 -7924
8499 e -8499 8498
8500 e -8145 -7932
8501 e -8501 8499
8502 a 8500 8502
8503 e -8407 -7920
8504 e -7924 -5448
8505 e -8505 8504
8506 e -8145 -7940
8507 e -8507 8505
8508 a 8506 8508
8509 e -7920 -7583
8510 e -7932 -5448
8511 e -8511 8510
8512 e -8152 -7940
8513 e -8513 8511
8514 a 8512 8514
8515 e -8400 7915
8516 e -8387 7924
8517 e -8517 8516
8518 e -8380 7932
8519 e -8519 8517
8520 a 8518 8520
8521 e -8407 7915
8522 e -7924 6322
8523 e -8523 8522
8524 e -8380 7940
8525 e -8525 8523
8526 a 8524 8526
8527 e -7915 7583
8528 e -7932 6322
8529 e -8529 8528
8530 e -8387 7940
8531 e -8531 8529
8532 a 8530 8532
8533 e -7924 7583
8534 e -8407 7932
8535 e -8535 8534
8536 e -8400 7940
8537 e -8537 8535
8538 a 8536 8538
8539 e -8400 8138
8540 e -8387 8145
8541 e -8541 8540
8542 e -8380 8152
8543 e -8543 8541
8544 a 8542 8544
8545 e -8407 8138
8546 e -8145 6322
8547 e -8547 8546
8548 e -8380 5448
8549 e -8549 8547
8550 a 8548 8550
8551 e -8138 7583
8552 e -8152 6322
8553 e -8553 8552
8554 e -8387 5448
8555 e -8555 8553
8556 a 8554 8556
8557 e -8145 7583
8558 e -8407 8152
8559 e -8559 8558
8560 e -8400 5448
8561 e -8561 8559
8562 a 8560 8562
8563 e -8380 -7583
8564 e -8407 -8387
8565 e -8565 8564
8566 e -8400 -6322
8567 e -8567 8565
8568 a 8566 8568
8569 e -8138 -7695
8570 e -7915 -7692
8571 e -8571 8570
8572 e -7917 -7689
8573 e -8573 8571
8574 a 8572 8574
8575 e -8165 7695
8576 e -7947 7692
8577 e -8577 8576
8578 e -7917 7725
8579 e -8579 8577
8580 a 8578 8580
8581 e -8172 7695
8582 e -7954 7692
8583 e -8583 8582
8584 e -7917 7732
8585 e -8585 8583
8586 a 8584 8586
8587 e -8179 7695
8588 e -7961 7692
8589 e -8589 8588
8590 e -7917 1633
8591 e -8591 8589
8592 a 8590 8592
8593 e -8380 7695
8594 e -7947 7689
8595 e -8595 8594
8596 e -7915 7725
8597 e -8597 8595
8598 a 8596 8598
8599 e -8387 7695
8600 e -7954 7689
8601 e -8601 8600
8602 e -7915 7732
8603 e -8603 8601
8604 a 8602 8604
8605 e -7695 6322
8606 e -7961 7689
8607 e -8607 8606
8608 e -7915 1633
8609 e -8609 8607
8610 a 8608 8610
8611 e -6481 -5632
8612 e -8612 -7695
8613 e -7954 -7725
8614 e -8614 8613
8615 e -7947 -7732
8616 e -8616 8614
8617 a 8615 8617
8618 e -7695 -6965
8619 e -7961 -7725
8620 e -8620 8619
8621 e -7947 -1633
8622 e -8622 8620
8623 a 8621 8623
8624 e -7695 -7595
8625 e -7961 -7732
8626 e -8626 8625
8627 e -7954 -1633
8628 e -8628 8626
8629 a 8627 8629
8630 e -8380 7692
8631 e -8165 7689
8632 e -8632 8631
8633 e -8138 7725
8634 e -8634 8632
8635 a 8633 8635
8636 e -8387 7692
8637 e -8172 7689
8638 e -8638 8637
8639 e -8138 7732
8640 e -8640 8638
8641 a 8639 8641
8642 e -7692 6322
8643 e -8179 7689
8644 e -8644 8643
8645 e -8138 1633
8646 e -8646 8644
8647 a 8645 8647
8648 e -8612 -7692
8649 e -8172 -7725
8650 e -8650 8649
8651 e -8165 -7732
8652 e -8652 8650
8653 a 8651 8653
8654 e -7692 -6965
8655 e -8179 -7725
8656 e -8656 8655
8657 e -8165 -1633
8658 e -8658 8656
8659 a 8657 8659
8660 e -7692 -7595
8661 e -8179 -7732
8662 e -8662 8661
8663 e -8172 -1633
8664 e -8664 8662
8665 a 8663 8665
8666 e -8612 -7689
8667 e -8387 -7725
8668 e -8668 8667
8669 e -8380 -7732
8670 e -8670 8668
8671 a 8669 8671
8672 e -7689 -6965
8673 e -7725 -6322
8674 e -8674 8673
8675 e -8380 -1633
8676 e -8676 8674
8677 a 8675 8677
8678 e -7689 -7595
8679 e -7732 -6322
8680 e -8680 8679
8681 e -8387 -1633
8682 e -8682 8680
8683 a 8681 8683
8684 e -7725 7595
8685 e -7732 6965
8686 e -8686 8685
8687 e -8612 1633
8688 e -8688 8686
8689 a 8687 8689
8690 e -8380 7917
8691 e -8165 7915
8692 e -8692 8691
8693 e -8138 7947
8694 e -8694 8692
8695 a 8693 8695
8696 e -8387 7917
8697 e -8172 7915
8698 e -8698 8697
8699 e -8138 7954
8700 e -8700 8698
8701 a 8699 8701
8702 e -7917 6322
8703 e -8179 7915
8704 e -8704 8703
8705 e -8138 7961
8706 e -8706 8704
8707 a 8705 8707
8708 e -8612 -7917
8709 e -8172 -7947
8710 e -8710 8709
8711 e -8165 -7954
8712 e -8712 8710
8713 a 8711 8713
8714 e -7917 -6965
8715 e -8179 -7947
8716 e -8716 8715
8717 e -8165 -7961
8718 e -8718 8716
8719 a 8717 8719
8720 e -7917 -7595
8721 e -8179 -7954
8722 e -8722 8721
8723 e -8172 -7961
8724 e -8724 8722
8725 a 8723 8725
8726 e -8612 -7915
8727 e -8387 -7947
8728 e -8728 8727
8729 e -8380 -7954
8730 e -8730 8728
8731 a 8729 8731
8732 e -7915 -6965
8733 e -7947 -6322
8734 e -8734 8733
8735 e -8380 -7961
8736 e -8736 8734
8737 a 8735 8737
8738 e -7915 -7595
8739 e -7954 -6322
8740 e -8740 8739
8741 e -8387 -7961
8742 e -8742 8740
8743 a 8741 8743
8744 e -7947 7595
8745 e -7954 6965
8746 e -8746 8745
8747 e -8612 7961
8748 e -8748 8746
8749 a 8747 8749
8750 e -8612 -8138
8751 e -8387 -8165
8752 e -8752 8751
8753 e -8380 -8172
8754 e -8754 8752
8755 a 8753 8755
8756 e -8138 -6965
8757 e -8165 -6322
8758 e -8758 8757
8759 e -8380 -8179
8760 e -8760 8758
8761 a 8759 8761
8762 e -8138 -7595
8763 e -8172 -6322
8764 e -8764 8763
8765 e -8387 -8179
8766 e -8766 8764
8767 a 8765 8767
8768 e -8165 7595
8769 e -8172 6965
8770 e -8770 8769
8771 e -8612 8179
8772 e -8772 8770
8773 a 8771 8773
8774 e -8380 7595
8775 e -8387 6965
8776 e -8776 8775
8777 e -8612 6322
8778 e -8778 8776
8779 a 8777 8779
8780 e -8145 -7705
8781 e -7924 -7702
8782 e -8782 8781
8783 e -7926 -7700
8784 e -8784 8782
8785 a 8783 8785
8786 e -8165 -7705
8787 e -7947 -7702
8788 e -8788 8787
8789 e -7926 -7725
8790 e -8790 8788
8791 a 8789 8791
8792 e -8186 7705
8793 e -7968 7702
8794 e -8794 8793
8795 e -7926 7745
8796 e -8796 8794
8797 a 8795 8797
8798 e -8193 7705
8799 e -7975 7702
8800 e -8800 8799
8801 e -7926 1645
8802 e -8802 8800
8803 a 8801 8803
8804 e -8380 -7705
8805 e -7947 -7700
8806 e -8806 8805
8807 e -7924 -7725
8808 e -8808 8806
8809 a 8807 8809
8810 e -8400 7705
8811 e -7968 7700
8812 e -8812 8811
8813 e -7924 7745
8814 e -8814 8812
8815 a 8813 8815
8816 e -8407 7705
8817 e -7975 7700
8818 e -8818 8817
8819 e -7924 1645
8820 e -8820 8818
8821 a 8819 8821
8822 e -8612 7705
8823 e -7968 7725
8824 e -8824 8823
8825 e -7947 7745
8826 e -8826 8824
8827 a 8825 8827
8828 e -7705 6965
8829 e -7975 7725
8830 e -8830 8829
8831 e -7947 1645
8832 e -8832 8830
8833 a 8831 8833
8834 e -6481 -1161
8835 e -8835 -7705
8836 e -7975 -7745
8837 e -8837 8836
8838 e -7968 -1645
8839 e -8839 8837
8840 a 8838 8840
8841 e -8380 -7702
8842 e -8165 -7700
8843 e -8843 8842
8844 e -8145 -7725
8845 e -8845 8843
8846 a 8844 8846
8847 e -8400 7702
8848 e -8186 7700
8849 e -8849 8848
8850 e -8145 7745
8851 e -8851 8849
8852 a 8850 8852
8853 e -8407 7702
8854 e -8193 7700
8855 e -8855 8854
8856 e -8145 1645
8857 e -8857 8855
8858 a 8856 8858
8859 e -8612 7702
8860 e -8186 7725
8861 e -8861 8860
8862 e -8165 7745
8863 e -8863 8861
8864 a 8862 8864
8865 e -7702 6965
8866 e -8193 7725
8867 e -8867 8866
8868 e -8165 1645
8869 e -8869 8867
8870 a 8868 8870
8871 e -8835 -7702
8872 e -8193 -7745
8873 e -8873 8872
8874 e -8186 -1645
8875 e -8875 8873
8876 a 8874 8876
8877 e -8612 7700
8878 e -8400 7725
8879 e -8879 8878
8880 e -8380 7745
8881 e -8881 8879
8882 a 8880 8882
8883 e -7700 6965
8884 e -8407 7725
8885 e -8885 8884
8886 e -8380 1645
8887 e -8887 8885
8888 a 8886 8888
8889 e -8835 -7700
8890 e -8407 -7745
8891 e -8891 8890
8892 e -8400 -1645
8893 e -8893 8891
8894 a 8892 8894
8895 e -8835 -7725
8896 e -7745 -6965
8897 e -8897 8896
8898 e -8612 -1645
8899 e -8899 8897
8900 a 8898 8900
8901 e -8380 -7926
8902 e -8165 -7924
8903 e -8903 8902
8904 e -8145 -7947
8905 e -8905 8903
8906 a 8904 8906
8907 e -8400 7926
8908 e -8186 7924
8909 e -8909 8908
8910 e -8145 7968
8911 e -8911 8909
8912 a 8910 8912
8913 e -8407 7926
8914 e -8193 7924
8915 e -8915 8914
8916 e -8145 7975
8917 e -8917 8915
8918 a 8916 8918
8919 e -8612 7926
8920 e -8186 7947
8921 e -8921 8920
8922 e -8165 7968
8923 e -8923 8921
8924 a 8922 8924
8925 e -7926 6965
8926 e -8193 7947
8927 e -8927 8926
8928 e -8165 7975
8929 e -8929 8927
8930 a 8928 8930
8931 e -8835 -7926
8932 e -8193 -7968
8933 e -8933 8932
8934 e -8186 -7975
8935 e -8935 8933
8936 a 8934 8936
8937 e -8612 7924
8938 e -8400 7947
8939 e -8939 8938
8940 e -8380 7968
8941 e -8941 8939
8942 a 8940 8942
8943 e -7924 6965
8944 e -8407 7947
8945 e -8945 8944
8946 e -8380 7975
8947 e -8947 8945
8948 a 8946 8948
8949 e -8835 -7924
8950 e -8407 -7968
8951 e -8951 8950
8952 e -8400 -7975
8953 e -8953 8951
8954 a 8952 8954
8955 e -8835 -7947
8956 e -7968 -6965
8957 e -8957 8956
8958 e -8612 -7975
8959 e -8959 8957
8960 a 8958 8960
8961 e -8612 8145
8962 e -8400 8165
8963 e -8963 8962
8964 e -8380 8186
8965 e -8965 8963
8966 a 8964 8966
8967 e -8145 6965
8968 e -8407 8165
8969 e -8969 8968
8970 e -8380 8193
8971 e -8971 8969
8972 a 8970 8972
8973 e -8835 -8145
8974 e -8407 -8186
8975 e -8975 8974
8976 e -8400 -8193
8977 e -8977 8975
8978 a 8976 8978
8979 e -8835 -8165
8980 e -8186 -6965
8981 e -8981 8980
8982 e -8612 -8193
8983 e -8983 8981
8984 a 8982 8984
8985 e -8835 -8380
8986 e -8400 -6965
8987 e -8987 8986
8988 e -8612 -8407
8989 e -8989 8987
8990 a 8988 8990
8991 e -8152 -7714
8992 e -7932 -7711
8993 e -8993 8992
8994 e -7934 -7709
8995 e -8995 8993
8996 a 8994 8996
8997 e -8172 -7714
8998 e -7954 -7711
8999 e -8999 8998
9000 e -7934 -7732
9001 e -9001 8999
9002 a 9000 9002
9003 e -8186 -7714
9004 e -7968 -7711
9005 e -9005 9004
9006 e -7934 -7745
9007 e -9007 9005
9008 a 9006 9008
9009 e -7714 7553
9010 e -7711 7499
9011 e -9011 9010
9012 e -7934 7758
9013 e -9013 9011
9014 a 9012 9014
9015 e -8387 -7714
9016 e -7954 -7709
9017 e -9017 9016
9018 e -7932 -7732
9019 e -9019 9017
9020 a 9018 9020
9021 e -8400 -7714
9022 e -7968 -7709
9023 e -9023 9022
9024 e -7932 -7745
9025 e -9025 9023
9026 a 9024 9026
9027 e -7714 7583
9028 e -7709 7499
9029 e -9029 9028
9030 e -7932 7758
9031 e -9031 9029
9032 a 9030 9032
9033 e -8612 -7714
9034 e -7968 -7732
9035 e -9035 9034
9036 e -7954 -7745
9037 e -9037 9035
9038 a 9036 9038
9039 e -7714 7595
9040 e -7732 7499
9041 e -9041 9040
9042 e -7954 7758
9043 e -9043 9041
9044 a 9042 9044
9045 e -8835 7714
9046 e -7745 7499
9047 e -9047 9046
9048 e -7968 7758
9049 e -9049 9047
9050 a 9048 9050
9051 e -8387 -7711
9052 e -8172 -7709
9053 e -9053 9052
9054 e -8152 -7732
9055 e -9055 9053
9056 a 9054 9056
9057 e -8400 -7711
9058 e -8186 -7709
9059 e -9059 9058
9060 e -8152 -7745
9061 e -9061 9059
9062 a 9060 9062
9063 e -7711 7583
9064 e -7709 7553
9065 e -9065 9064
9066 e -8152 7758
9067 e -9067 9065
9068 a 9066 9068
9069 e -8612 -7711
9070 e -8186 -7732
9071 e -9071 9070
9072 e -8172 -7745
9073 e -9073 9071
9074 a 9072 9074
9075 e -7711 7595
9076 e -7732 7553
9077 e -9077 9076
9078 e -8172 7758
9079 e -9079 9077
9080 a 9078 9080
9081 e -8835 7711
9082 e -7745 7553
9083 e -9083 9082
9084 e -8186 7758
9085 e -9085 9083
9086 a 9084 9086
9087 e -8612 -7709
9088 e -8400 -7732
9089 e -9089 9088
9090 e -8387 -7745
9091 e -9091 9089
9092 a 9090 9092
9093 e -7709 7595
9094 e -7732 7583
9095 e -9095 9094
9096 e -8387 7758
9097 e -9097 9095
9098 a 9096 9098
9099 e -8835 7709
9100 e -7745 7583
9101 e -9101 9100
9102 e -8400 7758
9103 e -9103 9101
9104 a 9102 9104
9105 e -8835 7732
9106 e -7745 7595
9107 e -9107 9106
9108 e -8612 7758
9109 e -9109 9107
9110 a 9108 9110
9111 e -8387 -7934
9112 e -8172 -7932
9113 e -9113 9112
9114 e -8152 -7954
9115 e -9115 9113
9116 a 9114 9116
9117 e -8400 -7934
9118 e -8186 -7932
9119 e -9119 9118
9120 e -8152 -7968
9121 e -9121 9119
9122 a 9120 9122
9123 e -7934 7583
9124 e -7932 7553
9125 e -9125 9124
9126 e -8152 7499
9127 e -9127 9125
9128 a 9126 9128
9129 e -8612 -7934
9130 e -8186 -7954
9131 e -9131 9130
9132 e -8172 -7968
9133 e -9133 9131
9134 a 9132 9134
9135 e -7934 7595
9136 e -7954 7553
9137 e -9137 9136
9138 e -8172 7499
9139 e -9139 9137
9140 a 9138 9140
9141 e -8835 7934
9142 e -7968 7553
9143 e -9143 9142
9144 e -8186 7499
9145 e -9145 9143
9146 a 9144 9146
9147 e -8612 -7932
9148 e -8400 -7954
9149 e -9149 9148
9150 e -8387 -7968
9151 e -9151 9149
9152 a 9150 9152
9153 e -7932 7595
9154 e -7954 7583
9155 e -9155 9154
9156 e -8387 7499
9157 e -9157 9155
9158 a 9156 9158
9159 e -8835 7932
9160 e -7968 7583
9161 e -9161 9160
9162 e -8400 7499
9163 e -9163 9161
9164 a 9162 9164
9165 e -8835 7954
9166 e -7968 7595
9167 e -9167 9166
9168 e -8612 7499
9169 e -9169 9167
9170 a 9168 9170
9171 e -8612 -8152
9172 e -8400 -8172
9173 e -9173 9172
9174 e -8387 -8186
9175 e -9175 9173
9176 a 9174 9176
9177 e -8152 7595
9178 e -8172 7583
9179 e -9179 9178
9180 e -8387 7553
9181 e -9181 9179
9182 a 9180 9182
9183 e -8835 8152
9184 e -8186 7583
9185 e -9185 9184
9186 e -8400 7553
9187 e -9187 9185
9188 a 9186 9188
9189 e -8835 8172
9190 e -8186 7595
9191 e -9191 9190
9192 e -8612 7553
9193 e -9193 9191
9194 a 9192 9194
9195 e -8835 8387
9196 e -8400 7595
9197 e -9197 9196
9198 e -8612 7583
9199 e -9199 9197
9200 a 9198 9200
9201 e -7721 -5448
9202 e -7940 -1549
9203 e -9203 9202
9204 e -4334 -1603
9205 e -9205 9203
9206 a 9204 9206
9207 e -8179 -7721
9208 e -7961 -1549
9209 e -9209 9208
9210 e -4334 -1633
9211 e -9211 9209
9212 a 9210 9212
9213 e -8193 -7721
9214 e -7975 -1549
9215 e -9215 9214
9216 e -4334 -1645
9217 e -9217 9215
9218 a 9216 9218
9219 e -7721 -7553
9220 e -7499 -1549
9221 e -9221 9220
9222 e -7758 -4334
9223 e -9223 9221
9224 a 9222 9224
9225 e -7721 -6322
9226 e -7961 -1603
9227 e -9227 9226
9228 e -7940 -1633
9229 e -9229 9227
9230 a 9228 9230
9231 e -8407 -7721
9232 e -7975 -1603
9233 e -9233 9232
9234 e -7940 -1645
9235 e -9235 9233
9236 a 9234 9236
9237 e -7721 -7583
9238 e -7499 -1603
9239 e -9239 9238
9240 e -7940 -7758
9241 e -9241 9239
9242 a 9240 9242
9243 e -7721 -6965
9244 e -7975 -1633
9245 e -9245 9244
9246 e -7961 -1645
9247 e -9247 9245
9248 a 9246 9248
9249 e -7721 -7595
9250 e -7499 -1633
9251 e -9251 9250
9252 e -7961 -7758
9253 e -9253 9251
9254 a 9252 9254
9255 e -8835 -7721
9256 e -7499 -1645
9257 e -9257 9256
9258 e -7975 -7758
9259 e -9259 9257
9260 a 9258 9260
9261 e -6322 -1549
9262 e -8179 -1603
9263 e -9263 9262
9264 e -5448 -1633
9265 e -9265 9263
9266 a 9264 9266
9267 e -8407 -1549
9268 e -8193 -1603
9269 e -9269 9268
9270 e -5448 -1645
9271 e -9271 9269
9272 a 9270 9272
9273 e -7583 -1549
9274 e -7553 -1603
9275 e -9275 9274
9276 e -7758 -5448
9277 e -9277 9275
9278 a 9276 9278
9279 e -6965 -1549
9280 e -8193 -1633
9281 e -9281 9280
9282 e -8179 -1645
9283 e -9283 9281
9284 a 9282 9284
9285 e -7595 -1549
9286 e -7553 -1633
9287 e -9287 9286
9288 e -8179 -7758
9289 e -9289 9287
9290 a 9288 9290
9291 e -8835 -1549
9292 e -7553 -1645
9293 e -9293 9292
9294 e -8193 -7758
9295 e -9295 9293
9296 a 9294 9296
9297 e -6965 -1603
9298 e -8407 -1633
9299 e -9299 9298
9300 e -6322 -1645
9301 e -9301 9299
9302 a 9300 9302
9303 e -7595 -1603
9304 e -7583 -1633
9305 e -9305 9304
9306 e -7758 -6322
9307 e -9307 9305
9308 a 9306 9308
9309 e -8835 -1603
9310 e -7583 -1645
9311 e -9311 9310
9312 e -8407 -7758
9313 e -9313 9311
9314 a 9312 9314
9315 e -8835 -1633
9316 e -7595 -1645
9317 e -9317 9316
9318 e -7758 -6965
9319 e -9319 9317
9320 a 9318 9320
9321 e -6322 -4334
9322 e -8179 -7940
9323 e -9323 9322
9324 e -7961 -5448
9325 e -9325 9323
9326 a 9324 9326
9327 e -8407 -4334
9328 e -8193 -7940
9329 e -9329 9328
9330 e -7975 -5448
9331 e -9331 9329
9332 a 9330 9332
9333 e -7583 -4334
9334 e -7940 -7553
9335 e -9335 9334
9336 e -7499 -5448
9337 e -9337 9335
9338 a 9336 9338
9339 e -6965 -4334
9340 e -8193 -7961
9341 e -9341 9340
9342 e -8179 -7975
9343 e -9343 9341
9344 a 9342 9344
9345 e -7595 -4334
9346 e -7961 -7553
9347 e -9347 9346
9348 e -8179 -7499
9349 e -9349 9347
9350 a 9348 9350
9351 e -8835 -4334
9352 e -7975 -7553
9353 e -9353 9352
9354 e -8193 -7499
9355 e -9355 9353
9356 a 9354 9356
9357 e -7940 -6965
9358 e -8407 -7961
9359 e -9359 9358
9360 e -7975 -6322
9361 e -9361 9359
9362 a 9360 9362
9363 e -7940 -7595
9364 e -7961 -7583
9365 e -9365 9364
9366 e -7499 -6322
9367 e -9367 9365
9368 a 9366 9368
9369 e -8835 -7940
9370 e -7975 -7583
9371 e -9371 9370
9372 e -8407 -7499
9373 e -9373 9371
9374 a 9372 9374
9375 e -8835 -7961
9376 e -7975 -7595
9377 e -9377 9376
9378 e -7499 -6965
9379 e -9379 9377
9380 a 9378 9380
9381 e -6965 -5448
9382 e -8407 -8179
9383 e -9383 9382
9384 e -8193 -6322
9385 e -9385 9383
9386 a 9384 9386
9387 e -7595 -5448
9388 e -8179 -7583
9389 e -9389 9388
9390 e -7553 -6322
9391 e -9391 9389
9392 a 9390 9392
9393 e -8835 -5448
9394 e -8193 -7583
9395 e -9395 9394
9396 e -8407 -7553
9397 e -9397 9395
9398 a 9396 9398
9399 e -8835 -8179
9400 e -8193 -7595
9401 e -9401 9400
9402 e -7553 -6965
9403 e -9403 9401
9404 a 9402 9404
9405 e -8835 -6322
9406 e -8407 -7595
9407 e -9407 9406
9408 e -7583 -6965
9409 e -9409 9407
9410 a 9408 9410
9411 e -3285 -32
9412 e -3264 -55
9413 e -9413 9412
9414 e -9413 -7692
9415 a 9414 9415
9416 e -2221 -260
9417 e -1765 -716
9418 e -9418 9417
9419 e -9418 -7692
9420 a 9419 9420
9421 e -3501 -34
9422 e -4561 -37
9423 e -9423 9422
9424 e -9423 -7692
9425 a 9424 9425
9426 e -3299 -55
9427 e -3285 -69
9428 e -9428 9427
9429 e -9428 -7702
9430 a 9429 9430
9431 e -2448 -260
9432 e -1765 -943
9433 e -9433 9432
9434 e -9433 -7702
9435 a 9434 9435
9436 e -3728 -34
9437 e -4788 -37
9438 e -9438 9437
9439 e -9438 -7702
9440 a 9439 9440
9441 e -3306 -69
9442 e -3299 -76
9443 e -9443 9442
9444 e -9443 -7711
9445 a 9444 9445
9446 e -2666 -260
9447 e -1765 -1161
9448 e -9448 9447
9449 e -9448 -7711
9450 a 9449 9450
9451 e -3946 -34
9452 e -5006 -37
9453 e -9453 9452
9454 e -9453 -7711
9455 a 9454 9455
9456 e -4575 -55
9457 e -4561 -69
9458 e -9458 9457
9459 e -9458 -7700
9460 a 9459 9460
9461 e -2448 -479
9462 e -1984 -943
9463 e -9463 9462
9464 e -9463 -7700
9465 a 9464 9465
9466 e -4788 -32
9467 e -5632 -34
9468 e -9468 9467
9469 e -9468 -7700
9470 a 9469 9470
9471 e -4582 -69
9472 e -4575 -76
9473 e -9473 9472
9474 e -9473 -7709
9475 a 9474 9475
9476 e -2666 -479
9477 e -1984 -1161
9478 e -9478 9477
9479 e -9478 -7709
9480 a 9479 9480
9481 e -5006 -32
9482 e -5850 -34
9483 e -9483 9482
9484 e -9483 -7709
9485 a 9484 9485
9486 e -5639 -69
9487 e -5632 -76
9488 e -9488 9487
9489 e -9488 -7732
9490 a 9489 9490
9491 e -2666 -716
9492 e -2221 -1161
9493 e -9493 9492
9494 e -9493 -7732
9495 a 9494 9495
9496 e -5850 -55
9497 e -6481 -32
9498 e -9498 9497
9499 e -9498 -7732
9500 a 9499 9500
9501 e -4575 -1785
9502 e -4561 -1799
9503 e -9503 9502
9504 e -9503 -7924
9505 a 9504 9505
9506 e -3728 -1984
9507 e -3264 -2448
9508 e -9508 9507
9509 e -9508 -7924
9510 a 9509 9510
9511 e -4788 -1763
9512 e -5632 -1765
9513 e -9513 9512
9514 e -9513 -7924
9515 a 9514 9515
9516 e -4582 -1799
9517 e -4575 -1806
9518 e -9518 9517
9519 e -9518 -7932
9520 a 9519 9520
9521 e -3946 -1984
9522 e -3264 -2666
9523 e -9523 9522
9524 e -9523 -7932
9525 a 9524 9525
9526 e -5006 -1763
9527 e -5850 -1765
9528 e -9528 9527
9529 e -9528 -7932
9530 a 9529 9530
9531 e -1806 -479
9532 e -4582 -37
9533 e -9533 9532
9534 e -9533 -7940
9535 a 9534 9535
9536 e -1984 -301
9537 e -3264 -76
9538 e -9538 9537
9539 e -9538 -7940
9540 a 9539 9540
9541 e -1763 -521
9542 e -1765 -737
9543 e -9543 9542
9544 e -9543 -7940
9545 a 9544 9545
9546 e -5639 -1799
9547 e -5632 -1806
9548 e -9548 9547
9549 e -9548 -7954
9550 a 9549 9550
9551 e -3946 -2221
9552 e -3501 -2666
9553 e -9553 9552
9554 e -9553 -7954
9555 a 9554 9555
9556 e -5850 -1785
9557 e -6481 -1763
9558 e -9558 9557
9559 e -9558 -7954
9560 a 9559 9560
9561 e -1806 -716
9562 e -5639 -37
9563 e -9563 9562
9564 e -9563 -7961
9565 a 9564 9565
9566 e -2221 -301
9567 e -3501 -76
9568 e -9568 9567
9569 e -9568 -7961
9570 a 9569 9570
9571 e -1785 -737
9572 e -1763 -950
9573 e -9573 9572
9574 e -9573 -7961
9575 a 9574 9575
9576 e -1806 -943
9577 e -6481 -37
9578 e -9578 9577
9579 e -9578 -7975
9580 a 9579 9580
9581 e -2448 -301
9582 e -3728 -76
9583 e -9583 9582
9584 e -9583 -7975
9585 a 9584 9585
9586 e -1799 -950
9587 e -1785 -1161
9588 e -9588 9587
9589 e -9588 -7975
9590 a 9589 9590
9591 e -5639 -3299
9592 e -5632 -3306
9593 e -9593 9592
9594 e -9593 -8172
9595 a 9594 9595
9596 e -5006 -3501
9597 e -4561 -3946
9598 e -9598 9597
9599 e -9598 -8172
9600 a 9599 9600
9601 e -5850 -3285
9602 e -6481 -3264
9603 e -9603 9602
9604 e -9603 -8172
9605 a 9604 9605
9606 e -3306 -716
9607 e -5639 -260
9608 e -9608 9607
9609 e -9608 -8179
9610 a 9609 9610
9611 e -3501 -521
9612 e -4561 -301
9613 e -9613 9612
9614 e -9613 -8179
9615 a 9614 9615
9616 e -3285 -737
9617 e -3264 -950
9618 e -9618 9617
9619 e -9618 -8179
9620 a 9619 9620
9621 e -3306 -943
9622 e -6481 -260
9623 e -9623 9622
9624 e -9623 -8193
9625 a 9624 9625
9626 e -3728 -521
9627 e -4788 -301
9628 e -9628 9627
9629 e -9628 -8193
9630 a 9629 9630
9631 e -3299 -950
9632 e -3285 -1161
9633 e -9633 9632
9634 e -9633 -8193
9635 a 9634 9635
9636 e -4582 -943
9637 e -6481 -479
9638 e -9638 9637
9639 e -9638 -8407
9640 a 9639 9640
9641 e -4788 -737
9642 e -5632 -521
9643 e -9643 9642
9644 e -9643 -8407
9645 a 9644 9645
9646 e -4575 -950
9647 e -4561 -1161
9648 e -9648 9647
9649 e -9648 -8407
9650 a 9649 9650
9651 a -1743 -10 -2 5 238
9652 a -238 -5 2 10 1743
9653 a -9653 -9652
9654 a -1740 -6 -2 9 235
9655 a -235 -9 2 6 1740
9656 a -9656 -9655
9657 a -1749 -16 -2 19 244
9658 a -244 -19 2 16 1749
9659 a -9659 -9658
9660 a -1757 -25 -2 28 252
9661 a -252 -28 2 25 1757
9662 a -9662 -9661
9663 a -1765 -34 -2 37 260
9664 a -260 -37 2 34 1765
9665 a -9665 -9664
9666 a -1738 -5 -3 9 233
9667 a -233 -9 3 5 1738
9668 a -9668 -9667
9669 a -1747 -14 -5 19 242
9670 a -242 -19 5 14 1747
9671 a -9671 -9670
9672 a -1755 -23 -5 28 250
9673 a -250 -28 5 23 1755
9674 a -9674 -9673
9675 a -1763 -32 -5 37 258
9676 a -258 -37 5 32 1763
9677 a -9677 -9676
9678 a -1771 -41 -9 19 266
9679 a -266 -19 9 41 1771
9680 a -9680 -9679
9681 a -1778 -48 -9 28 273
9682 a -273 -28 9 48 1778
9683 a -9683 -9682
9684 a -1785 -55 -9 37 280
9685 a -280 -37 9 55 1785
9686 a -9686 -9685
9687 a -1792 -62 -19 28 287
9688 a -287 -28 19 62 1792
9689 a -9689 -9688
9690 a -1799 -69 -19 37 294
9691 a -294 -37 19 69 1799
9692 a -9692 -9691
9693 a -1806 -76 -28 37 301
9694 a -301 -37 28 76 1806
9695 a -9695 -9694
9696 a -1963 -10 -3 6 458
9697 a -458 -6 3 10 1963
9698 a -9698 -9697
9699 a -1970 -14 -10 16 465
9700 a -465 -16 10 14 1970
9701 a -9701 -9700
9702 a -1977 -23 -10 25 472
9703 a -472 -25 10 23 1977
9704 a -9704 -9703
9705 a -1984 -32 -10 34 479
9706 a -479 -34 10 32 1984
9707 a -9707 -9706
9708 a -1991 -41 -6 16 486
9709 a -486 -16 6 41 1991
9710 a -9710 -9709
9711 a -1998 -48 -6 25 493
9712 a -493 -25 6 48 1998
9713 a -9713 -9712
9714 a -2005 -55 -6 34 500
9715 a -500 -34 6 55 2005
9716 a -9716 -9715
9717 a -2012 -62 -16 25 507
9718 a -507 -25 16 62 2012
9719 a -9719 -9718
9720 a -2019 -69 -16 34 514
9721 a -514 -34 16 69 2019
9722 a -9722 -9721
9723 a -2026 -76 -25 34 521
9724 a -521 -34 25 76 2026
9725 a -9725 -9724
9726 a -2207 -41 -3 14 702
9727 a -702 -14 3 41 2207
9728 a -9728 -9727
9729 a -2214 -48 -3 23 709
9730 a -709 -23 3 48 2214
9731 a -9731 -9730
9732 a -2221 -55 -3 32 716
9733 a -716 -32 3 55 2221
9734 a -9734 -9733
9735 a -2228 -62 -14 23 723
9736 a -723 -23 14 62 2228
9737 a -9737 -9736
9738 a -2235 -69 -14 32 730
9739 a -730 -32 14 69 2235
9740 a -9740 -9739
9741 a -2242 -76 -23 32 737
9742 a -737 -32 23 76 2242
9743 a -9743 -9742
9744 a -2441 -62 -41 48 936
9745 a -936 -48 41 62 2441
9746 a -9746 -9745
9747 a -2448 -69 -41 55 943
9748 a -943 -55 41 69 2448
9749 a -9749 -9748
9750 a -2455 -76 -48 55 950
9751 a -950 -55 48 76 2455
9752 a -9752 -9751
9753 a -2666 -76 -62 69 1161
9754 a -1161 -69 62 76 2666
9755 a -9755 -9754
9756 a -3243 -238 -233 235 458
9757 a -458 -235 233 238 3243
9758 a -9758 -9757
9759 a -3250 -242 -238 244 465
9760 a -465 -244 238 242 3250
9761 a -9761 -9760
9762 a -3257 -250 -238 252 472
9763 a -472 -252 238 250 3257
9764 a -9764 -9763
9765 a -3264 -258 -238 260 479
9766 a -479 -260 238 258 3264
9767 a -9767 -9766
9768 a -3271 -266 -235 244 486
9769 a -486 -244 235 266 3271
9770 a -9770 -9769
9771 a -3278 -273 -235 252 493
9772 a -493 -252 235 273 3278
9773 a -9773 -9772
9774 a -3285 -280 -235 260 500
9775 a -500 -260 235 280 3285
9776 a -9776 -9775
9777 a -3292 -287 -244 252 507
9778 a -507 -252 244 287 3292
9779 a -9779 -9778
9780 a -3299 -294 -244 260 514
9781 a -514 -260 244 294 3299
9782 a -9782 -9781
9783 a -3306 -301 -252 260 521
9784 a -521 -260 252 301 3306
9785 a -9785 -9784
9786 a -3487 -266 -233 242 702
9787 a -702 -242 233 266 3487
9788 a -9788 -9787
9789 a -3494 -273 -233 250 709
9790 a -709 -250 233 273 3494
9791 a -9791 -9790
9792 a -3501 -280 -233 258 716
9793 a -716 -258 233 280 3501
9794 a -9794 -9793
9795 a -3508 -287 -242 250 723
9796 a -723 -250 242 287 3508
9797 a -9797 -9796
9798 a -3515 -294 -242 258 730
9799 a -730 -258 242 294 3515
9800 a -9800 -9799
9801 a -3522 -301 -250 258 737
9802 a -737 -258 250 301 3522
9803 a -9803 -9802
9804 a -3721 -287 -266 273 936
9805 a -936 -273 266 287 3721
9806 a -9806 -9805
9807 a -3728 -294 -266 280 943
9808 a -943 -280 266 294 3728
9809 a -9809 -9808
9810 a -3735 -301 -273 280 950
9811 a -950 -280 273 301 3735
9812 a -9812 -9811
9813 a -3946 -301 -287 294 1161
9814 a -1161 -294 287 301 3946
9815 a -9815 -9814
9816 a -4547 -486 -458 465 702
9817 a -702 -465 458 486 4547
9818 a -9818 -9817
9819 a -4554 -493 -458 472 709
9820 a -709 -472 458 493 4554
9821 a -9821 -9820
9822 a -4561 -500 -458 479 716
9823 a -716 -479 458 500 4561
9824 a -9824 -9823
9825 a -4568 -507 -465 472 723
9826 a -723 -472 465 507 4568
9827 a -9827 -9826
9828 a -4575 -514 -465 479 730
9829 a -730 -479 465 514 4575
9830 a -9830 -9829
9831 a -4582 -521 -472 479 737
9832 a -737 -479 472 521 4582
9833 a -9833 -9832
9834 a -4781 -507 -486 493 936
9835 a -936 -493 486 507 4781
9836 a -9836 -9835
9837 a -4788 -514 -486 500 943
9838 a -943 -500 486 514 4788
9839 a -9839 -9838
9840 a -4795 -521 -493 500 950
9841 a -950 -500 493 521 4795
9842 a -9842 -9841
9843 a -5006 -521 -507 514 1161
9844 a -1161 -514 507 521 5006
9845 a -9845 -9844
9846 a -5625 -723 -702 709 936
9847 a -936 -709 702 723 5625
9848 a -9848 -9847
9849 a -5632 -730 -702 716 943
9850 a -943 -716 702 730 5632
9851 a -9851 -9850
9852 a -5639 -737 -709 716 950
9853 a -950 -716 709 737 5639
9854 a -9854 -9853
9855 a -5850 -737 -723 730 1161
9856 a -1161 -730 723 737 5850
9857 a -9857 -9856
9858 a -6481 -950 -936 943 1161
9859 a -1161 -943 936 950 6481
9860 a -9860 -9859
9861 a -3243 -1743 -1738 1740 1963
9862 a -1963 -1740 1738 1743 3243
9863 a -9863 -9862
9864 a -3250 -1747 -1743 1749 1970
9865 a -1970 -1749 1743 1747 3250
9866 a -9866 -9865
9867 a -3257 -1755 -1743 1757 1977
9868 a -1977 -1757 1743 1755 3257
9869 a -9869 -9868
9870 a -3264 -1763 -1743 1765 1984
9871 a -1984 -1765 1743 1763 3264
9872 a -9872 -9871
9873 a -3271 -1771 -1740 1749 1991
9874 a -1991 -1749 1740 1771 3271
9875 a -9875 -9874
9876 a -3278 -1778 -1740 1757 1998
9877 a -1998 -1757 1740 1778 3278
9878 a -9878 -9877
9879 a -3285 -1785 -1740 1765 2005
9880 a -2005 -1765 1740 1785 3285
9881 a -9881 -9880
9882 a -3292 -1792 -1749 1757 2012
9883 a -2012 -1757 1749 1792 3292
9884 a -9884 -9883
9885 a -3299 -1799 -1749 1765 2019
9886 a -2019 -1765 1749 1799 3299
9887 a -9887 -9886
9888 a -3306 -1806 -1757 1765 2026
9889 a -2026 -1765 1757 1806 3306
9890 a -9890 -9889
9891 a -3487 -1771 -1738 1747 2207
9892 a -2207 -1747 1738 1771 3487
9893 a -9893 -9892
9894 a -3494 -1778 -1738 1755 2214
9895 a -2214 -1755 1738 1778 3494
9896 a -9896 -9895
9897 a -3501 -1785 -1738 1763 2221
9898 a -2221 -1763 1738 1785 3501
9899 a -9899 -9898
9900 a -3508 -1792 -1747 1755 2228
9901 a -2228 -1755 1747 1792 3508
9902 a -9902 -9901
9903 a -3515 -1799 -1747 1763 2235
9904 a -2235 -1763 1747 1799 3515
9905 a -9905 -9904
9906 a -3522 -1806 -1755 1763 2242
9907 a -2242 -1763 1755 1806 3522
9908 a -9908 -9907
9909 a -3721 -1792 -1771 1778 2441
9910 a -2441 -1778 1771 1792 3721
9911 a -9911 -9910
9912 a -3728 -1799 -1771 1785 2448
9913 a -2448 -1785 1771 1799 3728
9914 a -9914 -9913
9915 a -3735 -1806 -1778 1785 2455
9916 a -2455 -1785 1778 1806 3735
9917 a -9917 -9916
9918 a -3946 -1806 -1792 1799 2666
9919 a -2666 -1799 1792 1806 3946
9920 a -9920 -9919
9921 a -4547 -1991 -1963 1970 2207
9922 a -2207 -1970 1963 1991 4547
9923 a -9923 -9922
9924 a -4554 -1998 -1963 1977 2214
9925 a -2214 -1977 1963 1998 4554
9926 a -9926 -9925
9927 a -4561 -2005 -1963 1984 2221
9928 a -2221 -1984 1963 2005 4561
9929 a -9929 -9928
9930 a -4568 -2012 -1970 1977 2228
9931 a -2228 -1977 1970 2012 4568
9932 a -9932 -9931
9933 a -4575 -2019 -1970 1984 2235
9934 a -2235 -1984 1970 2019 4575
9935 a -9935 -9934
9936 a -4582 -2026 -1977 1984 2242
9937 a -2242 -1984 1977 2026 4582
9938 a -9938 -9937
9939 a -4781 -2012 -1991 1998 2441
9940 a -2441 -1998 1991 2012 4781
9941 a -9941 -9940
9942 a -4788 -2019 -1991 2005 2448
9943 a -2448 -2005 1991 2019 4788
9944 a -9944 -9943
9945 a -4795 -2026 -1998 2005 2455
9946 a -2455 -2005 1998 2026 4795
9947 a -9947 -9946
9948 a -5006 -2026 -2012 2019 2666
9949 a -2666 -2019 2012 2026 5006
9950 a -9950 -9949
9951 a -5625 -2228 -2207 2214 2441
9952 a -2441 -2214 2207 2228 5625
9953 a -9953 -9952
9954 a -5632 -2235 -2207 2221 2448
9955 a -2448 -2221 2207 2235 5632
9956 a -9956 -9955
9957 a -5639 -2242 -2214 2221 2455
9958 a -2455 -2221 2214 2242 5639
9959 a -9959 -9958
9960 a -5850 -2242 -2228 2235 2666
9961 a -2666 -2235 2228 2242 5850
9962 a -9962 -9961
9963 a -6481 -2455 -2441 2448 2666
9964 a -2666 -2448 2441 2455 6481
9965 a -9965 -9964
9966 a -4547 -3271 -3243 3250 3487
9967 a -3487 -3250 3243 3271 4547
9968 a -9968 -9967
9969 a -4554 -3278 -3243 3257 3494
9970 a -3494 -3257 3243 3278 4554
9971 a -9971 -9970
9972 a -4561 -3285 -3243 3264 3501
9973 a -3501 -3264 3243 3285 4561
9974 a -9974 -9973
9975 a -4568 -3292 -3250 3257 3508
9976 a -3508 -3257 3250 3292 4568
9977 a -9977 -9976
9978 a -4575 -3299 -3250 3264 3515
9979 a -3515 -3264 3250 3299 4575
9980 a -9980 -9979
9981 a -4582 -3306 -3257 3264 3522
9982 a -3522 -3264 3257 3306 4582
9983 a -9983 -9982
9984 a -4781 -3292 -3271 3278 3721
9985 a -3721 -3278 3271 3292 4781
9986 a -9986 -9985
9987 a -4788 -3299 -3271 3285 3728
9988 a -3728 -3285 3271 3299 4788
9989 a -9989 -9988
9990 a -4795 -3306 -3278 3285 3735
9991 a -3735 -3285 3278 3306 4795
9992 a -9992 -9991
9993 a -5006 -3306 -3292 3299 3946
9994 a -3946 -3299 3292 3306 5006
9995 a -9995 -9994
9996 a -5625 -3508 -3487 3494 3721
9997 a -3721 -3494 3487 3508 5625
9998 a -9998 -9997
9999 a -5632 -3515 -3487 3501 3728
10000 a -3728 -3501 3487 3515 5632
10001 a -10001 -10000
10002 a -5639 -3522 -3494 3501 3735
10003 a -3735 -3501 3494 3522 5639
10004 a -10004 -10003
10005 a -5850 -3522 -3508 3515 3946
10006 a -3946 -3515 3508 3522 5850
10007 a -10007 -10006
10008 a -6481 -3735 -3721 3728 3946
10009 a -3946 -3728 3721 3735 6481
10010 a -10010 -10009
10011 a -5625 -4568 -4547 4554 4781
10012 a -4781 -4554 4547 4568 5625
10013 a -10013 -10012
10014 a -5632 -4575 -4547 4561 4788
10015 a -4788 -4561 4547 4575 5632
10016 a -10016 -10015
10017 a -5639 -4582 -4554 4561 4795
10018 a -4795 -4561 4554 4582 5639
10019 a -10019 -10018
10020 a -5850 -4582 -4568 4575 5006
10021 a -5006 -4575 4568 4582 5850
10022 a -10022 -10021
10023 a -6481 -4795 -4781 4788 5006
10024 a -5006 -4788 4781 4795 6481
10025 a -10025 -10024
10026 a -6481 -5639 -5625 5632 5850
10027 a -5850 -5632 5625 5639 6481
10028 a -10028 -10027
10029 a -1765 -34 37 260
10030 a -260 -37 34 1765
10031 a -10031 -10030
10032 a -1763 -32 37 258
10033 a -258 -37 32 1763
10034 a -10034 -10033
10035 a -1785 -55 37 280
10036 a -280 -37 55 1785
10037 a -10037 -10036
10038 a -1799 -69 37 294
10039 a -294 -37 69 1799
10040 a -10040 -10039
10041 a -1806 -76 37 301
10042 a -301 -37 76 1806
10043 a -10043 -10042
10044 a -1984 -32 34 479
10045 a -479 -34 32 1984
10046 a -10046 -10045
10047 a -2005 -55 34 500
10048 a -500 -34 55 2005
10049 a -10049 -10048
10050 a -2019 -69 34 514
10051 a -514 -34 69 2019
10052 a -10052 -10051
10053 a -2026 -76 34 521
10054 a -521 -34 76 2026
10055 a -10055 -10054
10056 a -2221 -55 32 716
10057 a -716 -32 55 2221
10058 a -10058 -10057
10059 a -2235 -69 32 730
10060 a -730 -32 69 2235
10061 a -10061 -10060
10062 a -2242 -76 32 737
10063 a -737 -32 76 2242
10064 a -10064 -10063
10065 a -2448 -69 55 943
10066 a -943 -55 69 2448
10067 a -10067 -10066
10068 a -2455 -76 55 950
10069 a -950 -55 76 2455
10070 a -10070 -10069
10071 a -2666 -76 69 1161
10072 a -1161 -69 76 2666
10073 a -10073 -10072
10074 a -3264 -258 260 479
10075 a -479 -260 258 3264
10076 a -10076 -10075
10077 a -3285 -280 260 500
10078 a -500 -260 280 3285
10079 a -10079 -10078
10080 a -3299 -294 260 514
10081 a -514 -260 294 3299
10082 a -10082 -10081
10083 a -3306 -301 260 521
10084 a -521 -260 301 3306
10085 a -10085 -10084
10086 a -3501 -280 258 716
10087 a -716 -258 280 3501
10088 a -10088 -10087
10089 a -3515 -294 258 730
10090 a -730 -258 294 3515
10091 a -10091 -10090
10092 a -3522 -301 258 737
10093 a -737 -258 301 3522
10094 a -10094 -10093
10095 a -3728 -294 280 943
10096 a -943 -280 294 3728
10097 a -10097 -10096
10098 a -3735 -301 280 950
10099 a -950 -280 301 3735
10100 a -10100 -10099
10101 a -3946 -301 294 1161
10102 a -1161 -294 301 3946
10103 a -10103 -10102
10104 a -4561 -500 479 716
10105 a -716 -479 500 4561
10106 a -10106 -10105
10107 a -4575 -514 479 730
10108 a -730 -479 514 4575
10109 a -10109 -10108
10110 a -4582 -521 479 737
10111 a -737 -479 521 4582
10112 a -10112 -10111
10113 a -4788 -514 500 943
10114 a -943 -500 514 4788
10115 a -10115 -10114
10116 a -4795 -521 500 950
10117 a -950 -500 521 4795
10118 a -10118 -10117
10119 a -5006 -521 514 1161
10120 a -1161 -514 521 5006
10121 a -10121 -10120
10122 a -5632 -730 716 943
10123 a -943 -716 730 5632
10124 a -10124 -10123
10125 a -5639 -737 716 950
10126 a -950 -716 737 5639
10127 a -10127 -10126
10128 a -5850 -737 730 1161
10129 a -1161 -730 737 5850
10130 a -10130 -10129
10131 a -6481 -950 943 1161
10132 a -1161 -943 950 6481
10133 a -10133 -10132
10134 a -3264 -1763 1765 1984
10135 a -1984 -1765 1763 3264
10136 a -10136 -10135
10137 a -3285 -1785 1765 2005
10138 a -2005 -1765 1785 3285
10139 a -10139 -10138
10140 a -3299 -1799 1765 2019
10141 a -2019 -1765 1799 3299
10142 a -10142 -10141
10143 a -3306 -1806 1765 2026
10144 a -2026 -1765 1806 3306
10145 a -10145 -10144
10146 a -3501 -1785 1763 2221
10147 a -2221 -1763 1785 3501
10148 a -10148 -10147
10149 a -3515 -1799 1763 2235
10150 a -2235 -1763 1799 3515
10151 a -10151 -10150
10152 a -3522 -1806 1763 2242
10153 a -2242 -1763 1806 3522
10154 a -10154 -10153
10155 a -3728 -1799 1785 2448
10156 a -2448 -1785 1799 3728
10157 a -10157 -10156
10158 a -3735 -1806 1785 2455
10159 a -2455 -1785 1806 3735
10160 a -10160 -10159
10161 a -3946 -1806 1799 2666
10162 a -2666 -1799 1806 3946
10163 a -10163 -10162
10164 a -4561 -2005 1984 2221
10165 a -2221 -1984 2005 4561
10166 a -10166 -10165
10167 a -4575 -2019 1984 2235
10168 a -2235 -1984 2019 4575
10169 a -10169 -10168
10170 a -4582 -2026 1984 2242
10171 a -2242 -1984 2026 4582
10172 a -10172 -10171
10173 a -4788 -2019 2005 2448
10174 a -2448 -2005 2019 4788
10175 a -10175 -10174
10176 a -4795 -2026 2005 2455
10177 a -2455 -2005 2026 4795
10178 a -10178 -10177
10179 a -5006 -2026 2019 2666
10180 a -2666 -2019 2026 5006
10181 a -10181 -10180
10182 a -5632 -2235 2221 2448
10183 a -2448 -2221 2235 5632
10184 a -10184 -10183
10185 a -5639 -2242 2221 2455
10186 a -2455 -2221 2242 5639
10187 a -10187 -10186
10188 a -5850 -2242 2235 2666
10189 a -2666 -2235 2242 5850
10190 a -10190 -10189
10191 a -6481 -2455 2448 2666
10192 a -2666 -2448 2455 6481
10193 a -10193 -10192
10194 a -4561 -3285 3264 3501
10195 a -3501 -3264 3285 4561
10196 a -10196 -10195
10197 a -4575 -3299 3264 3515
10198 a -3515 -3264 3299 4575
10199 a -10199 -10198
10200 a -4582 -3306 3264 3522
10201 a -3522 -3264 3306 4582
10202 a -10202 -10201
10203 a -4788 -3299 3285 3728
10204 a -3728 -3285 3299 4788
10205 a -10205 -10204
10206 a -4795 -3306 3285 3735
10207 a -3735 -3285 3306 4795
10208 a -10208 -10207
10209 a -5006 -3306 3299 3946
10210 a -3946 -3299 3306 5006
10211 a -10211 -10210
10212 a -5632 -3515 3501 3728
10213 a -3728 -3501 3515 5632
10214 a -10214 -10213
10215 a -5639 -3522 3501 3735
10216 a -3735 -3501 3522 5639
10217 a -10217 -10216
10218 a -5850 -3522 3515 3946
10219 a -3946 -3515 3522 5850
10220 a -10220 -10219
10221 a -6481 -3735 3728 3946
10222 a -3946 -3728 3735 6481
10223 a -10223 -10222
10224 a -5632 -4575 4561 4788
10225 a -4788 -4561 4575 5632
10226 a -10226 -10225
10227 a -5639 -4582 4561 4795
10228 a -4795 -4561 4582 5639
10229 a -10229 -10228
10230 a -5850 -4582 4575 5006
10231 a -5006 -4575 4582 5850
10232 a -10232 -10231
10233 a -6481 -4795 4788 5006
10234 a -5006 -4788 4795 6481
10235 a -10235 -10234
10236 a -6481 -5639 5632 5850
10237 a -5850 -5632 5639 6481
10238 a -10238 -10237
10239 e -7920 -7691
10240 e -10240 -2
10241 e -7920 7688
10242 e -10242 -10
10243 e -7696 -7688
10244 e -10244 -1743
10245 a -10245 -10243 -10241
10246 a 10241 10243 10245
10247 a -10247 -10246
10248 e -7917 -7695
10249 e -10249 -2
10250 e -7917 7688
10251 e -10251 -3
10252 e -7692 -7688
10253 e -10253 -1738
10254 e -7695 7688
10255 e -10255 -3243
10256 a -10256 -10254 -10252 -10250
10257 a 10250 10252 10254 10256
10258 a -10258 -10257
10259 e -7926 -7705
10260 e -10260 -2
10261 e -7926 7688
10262 e -10262 -41
10263 e -7702 -7688
10264 e -10264 -1771
10265 e -7705 7688
10266 e -10266 -3271
10267 a -10267 -10265 -10263 -10261
10268 a 10261 10263 10265 10267
10269 a -10269 -10268
10270 e -7934 -7714
10271 e -10271 -2
10272 e -7934 7688
10273 e -10273 -62
10274 e -7711 -7688
10275 e -10275 -1792
10276 e -7714 7688
10277 e -10277 -3292
10278 a -10278 -10276 -10274 -10272
10279 a 10272 10274 10276 10278
10280 a -10280 -10279
10281 e -7915 -7695
10282 e -10282 -10
10283 e -7915 7691
10284 e -10284 -3
10285 e -7695 7689
10286 e -10286 -1743
10287 e -7691 -7689
10288 e -10288 -1738
10289 a -10289 -10287 -10285 -10283
10290 a 10283 10285 10287 10289
10291 a -10291 -10290
10292 e -7924 -7705
10293 e -10293 -10
10294 e -7924 7691
10295 e -10295 -41
10296 e -7705 7700
10297 e -10297 -1743
10298 e -7700 -7691
10299 e -10299 -1771
10300 e -7705 7691
10301 e -10301 -4547
10302 a -10302 -10300 -10298 -10296 -10294
10303 a 10294 10296 10298 10300 10302
10304 a -10304 -10303
10305 e -7932 -7714
10306 e -10306 -10
10307 e -7932 7691
10308 e -10308 -62
10309 e -7714 7709
10310 e -10310 -1743
10311 e -7709 -7691
10312 e -10312 -1792
10313 e -7714 7691
10314 e -10314 -4568
10315 a -10315 -10313 -10311 -10309 -10307
10316 a 10307 10309 10311 10313 10315
10317 a -10317 -10316
10318 e -7947 -7705
10319 e -10319 -3
10320 e -7947 7695
10321 e -10321 -41
10322 e -7725 7705
10323 e -10323 -1738
10324 e -7725 -7695
10325 e -10325 -1771
10326 a -10326 -10324 -10322 -10320
10327 a 10320 10322 10324 10326
10328 a -10328 -10327
10329 e -7954 -7714
10330 e -10330 -3
10331 e -7954 7695
10332 e -10332 -62
10333 e -7732 7714
10334 e -10334 -1738
10335 e -7732 -7695
10336 e -10336 -1792
10337 e -7714 7695
10338 e -10338 -5625
10339 a -10339 -10337 -10335 -10333 -10331
10340 a 10331 10333 10335 10337 10339
10341 a -10341 -10340
10342 e -7968 -7714
10343 e -10343 -41
10344 e -7968 7705
10345 e -10345 -62
10346 e -7745 7714
10347 e -10347 -1771
10348 e -7745 -7705
10349 e -10349 -1792
10350 a -10350 -10348 -10346 -10344
10351 a 10344 10346 10348 10350
10352 a -10352 -10351
10353 e -8138 7689
10354 e -10354 -2
10355 e -8138 -7692
10356 e -10356 -10
10357 e -8138 7696
10358 e -10358 -3
10359 e -7696 -7689
10360 e -10360 -3243
10361 a -10361 -10359 -10357 -10355
10362 a 10355 10357 10359 10361
10363 a -10363 -10362
10364 e -8145 7700
10365 e -10365 -2
10366 e -8145 -7702
10367 e -10367 -10
10368 e -8145 7696
10369 e -10369 -41
10370 e -7700 -7696
10371 e -10371 -3271
10372 e -7702 7696
10373 e -10373 -4547
10374 a -10374 -10372 -10370 -10368 -10366
10375 a 10366 10368 10370 10372 10374
10376 a -10376 -10375
10377 e -8152 7709
10378 e -10378 -2
10379 e -8152 -7711
10380 e -10380 -10
10381 e -8152 7696
10382 e -10382 -62
10383 e -7709 -7696
10384 e -10384 -3292
10385 e -7711 7696
10386 e -10386 -4568
10387 a -10387 -10385 -10383 -10381 -10379
10388 a 10379 10381 10383 10385 10387
10389 a -10389 -10388
10390 e -8165 7725
10391 e -10391 -2
10392 e -8165 -7702
10393 e -10393 -3
10394 e -8165 7692
10395 e -10395 -41
10396 e -7725 7702
10397 e -10397 -3243
10398 e -7725 -7692
10399 e -10399 -3271
10400 a -10400 -10398 -10396 -10394 -10392
10401 a 10392 10394 10396 10398 10400
10402 a -10402 -10401
10403 e -8172 7732
10404 e -10404 -2
10405 e -8172 -7711
10406 e -10406 -3
10407 e -8172 7692
10408 e -10408 -62
10409 e -7732 7711
10410 e -10410 -3243
10411 e -7732 -7692
10412 e -10412 -3292
10413 e -7711 7692
10414 e -10414 -5625
10415 a -10415 -10413 -10411 -10409 -10407 -10405
10416 a 10405 10407 10409 10411 10413 10415
10417 a -10417 -10416
10418 e -8186 7745
10419 e -10419 -2
10420 e -8186 -7711
10421 e -10421 -41
10422 e -8186 7702
10423 e -10423 -62
10424 e -7745 7711
10425 e -10425 -3271
10426 e -7745 -7702
10427 e -10427 -3292
10428 a -10428 -10426 -10424 -10422 -10420
10429 a 10420 10422 10424 10426 10428
10430 a -10430 -10429
10431 e -8380 7725
10432 e -10432 -10
10433 e -8380 -7700
10434 e -10434 -3
10435 e -8380 7689
10436 e -10436 -41
10437 e -7725 -7689
10438 e -10438 -4547
10439 a -10439 -10437 -10435 -10433
10440 a 10433 10435 10437 10439
10441 a -10441 -10440
10442 e -8387 7732
10443 e -10443 -10
10444 e -8387 -7709
10445 e -10445 -3
10446 e -8387 7689
10447 e -10447 -62
10448 e -7732 -7689
10449 e -10449 -4568
10450 e -7709 7689
10451 e -10451 -5625
10452 a -10452 -10450 -10448 -10446 -10444
10453 a 10444 10446 10448 10450 10452
10454 a -10454 -10453
10455 e -8400 7745
10456 e -10456 -10
10457 e -8400 -7709
10458 e -10458 -41
10459 e -8400 7700
10460 e -10460 -62
10461 e -7745 7709
10462 e -10462 -4547
10463 e -7745 -7700
10464 e -10464 -4568
10465 a -10465 -10463 -10461 -10459 -10457
10466 a 10457 10459 10461 10463 10465
10467 a -10467 -10466
10468 e -8612 7745
10469 e -10469 -3
10470 e -8612 -7732
10471 e -10471 -41
10472 e -8612 7725
10473 e -10473 -62
10474 e -7745 -7725
10475 e -10475 -5625
10476 a -10476 -10474 -10472 -10470
10477 a 10470 10472 10474 10476
10478 a -10478 -10477
10479 e -8138 -7917
10480 e -10480 -1743
10481 e -8138 7920
10482 e -10482 -1738
10483 e -7920 -7915
10484 e -10484 -3243
10485 a -10485 -10483 -10481
10486 a 10481 10483 10485
10487 a -10487 -10486
10488 e -8145 -7926
10489 e -10489 -1743
10490 e -8145 7920
10491 e -10491 -1771
10492 e -7924 -7920
10493 e -10493 -3271
10494 e -7926 7920
10495 e -10495 -4547
10496 a -10496 -10494 -10492 -10490
10497 a 10490 10492 10494 10496
10498 a -10498 -10497
10499 e -8152 -7934
10500 e -10500 -1743
10501 e -8152 7920
10502 e -10502 -1792
10503 e -7932 -7920
10504 e -10504 -3292
10505 e -7934 7920
10506 e -10506 -4568
10507 a -10507 -10505 -10503 -10501
10508 a 10501 10503 10505 10507
10509 a -10509 -10508
10510 e -8165 -7926
10511 e -10511 -1738
10512 e -8165 7917
10513 e -10513 -1771
10514 e -7947 7926
10515 e -10515 -3243
10516 e -7947 -7917
10517 e -10517 -3271
10518 a -10518 -10516 -10514 -10512
10519 a 10512 10514 10516 10518
10520 a -10520 -10519
10521 e -8172 -7934
10522 e -10522 -1738
10523 e -8172 7917
10524 e -10524 -1792
10525 e -7954 7934
10526 e -10526 -3243
10527 e -7954 -7917
10528 e -10528 -3292
10529 e -7934 7917
10530 e -10530 -5625
10531 a -10531 -10529 -10527 -10525 -10523
10532 a 10523 10525 10527 10529 10531
10533 a -10533 -10532
10534 e -8186 -7934
10535 e -10535 -1771
10536 e -8186 7926
10537 e -10537 -1792
10538 e -7968 7934
10539 e -10539 -3271
10540 e -7968 -7926
10541 e -10541 -3292
10542 a -10542 -10540 -10538 -10536
10543 a 10536 10538 10540 10542
10544 a -10544 -10543
10545 e -8380 7947
10546 e -10546 -1743
10547 e -8380 -7924
10548 e -10548 -1738
10549 e -8380 7915
10550 e -10550 -1771
10551 e -7947 -7915
10552 e -10552 -4547
10553 a -10553 -10551 -10549 -10547
10554 a 10547 10549 10551 10553
10555 a -10555 -10554
10556 e -8387 7954
10557 e -10557 -1743
10558 e -8387 -7932
10559 e -10559 -1738
10560 e -8387 7915
10561 e -10561 -1792
10562 e -7954 -7915
10563 e -10563 -4568
10564 e -7932 7915
10565 e -10565 -5625
10566 a -10566 -10564 -10562 -10560 -10558
10567 a 10558 10560 10562 10564 10566
10568 a -10568 -10567
10569 e -8400 7968
10570 e -10570 -1743
10571 e -8400 -7932
10572 e -10572 -1771
10573 e -8400 7924
10574 e -10574 -1792
10575 e -7968 7932
10576 e -10576 -4547
10577 e -7968 -7924
10578 e -10578 -4568
10579 a -10579 -10577 -10575 -10573 -10571
10580 a 10571 10573 10575 10577 10579
10581 a -10581 -10580
10582 e -8612 7968
10583 e -10583 -1738
10584 e -8612 -7954
10585 e -10585 -1771
10586 e -8612 7947
10587 e -10587 -1792
10588 e -7968 -7947
10589 e -10589 -5625
10590 a -10590 -10588 -10586 -10584
10591 a 10584 10586 10588 10590
10592 a -10592 -10591
10593 e -8380 -8145
10594 e -10594 -3243
10595 e -8380 8138
10596 e -10596 -3271
10597 e -8165 -8138
10598 e -10598 -4547
10599 a -10599 -10597 -10595
10600 a 10595 10597 10599
10601 a -10601 -10600
10602 e -8387 -8152
10603 e -10603 -3243
10604 e -8387 8138
10605 e -10605 -3292
10606 e -8172 -8138
10607 e -10607 -4568
10608 e -8152 8138
10609 e -10609 -5625
10610 a -10610 -10608 -10606 -10604
10611 a 10604 10606 10608 10610
10612 a -10612 -10611
10613 e -8400 -8152
10614 e -10614 -3271
10615 e -8400 8145
10616 e -10616 -3292
10617 e -8186 8152
10618 e -10618 -4547
10619 e -8186 -8145
10620 e -10620 -4568
10621 a -10621 -10619 -10617 -10615
10622 a 10615 10617 10619 10621
10623 a -10623 -10622
10624 e -8612 8186
10625 e -10625 -3243
10626 e -8612 -8172
10627 e -10627 -3271
10628 e -8612 8165
10629 e -10629 -3292
10630 e -8186 -8165
10631 e -10631 -5625
10632 a -10632 -10630 -10628 -10626
10633 a 10626 10628 10630 10632
10634 a -10634 -10633
10635 e -8612 -8387
10636 e -10636 -4547
10637 e -8612 8380
10638 e -10638 -4568
10639 e -8400 -8380
10640 e -10640 -5625
10641 a -10641 -10639 -10637
10642 a 10637 10639 10641
10643 a -10643 -10642
10644 e -7695 -7691
10645 e -10645 -8139
10646 e -10646 -2
10647 e -7695 7692
10648 e -10648 -10242
10649 e -10649 -10
10650 e -7696 7691
10651 e -10651 -10251
10652 e -10652 3
10653 e -10648 -10244
10654 e -10654 -1743
10655 e -10651 -10253
10656 e -10656 1738
10657 e -10651 -10255
10658 e -10658 3243
10659 a -10659 -10657 -10655 -10653 -10650 -10647
10660 a 10647 10650 10653 10655 10657 10659
10661 a -10661 -10660
10662 e -7695 -7688
10663 e -10663 -8356
10664 e -10664 -10
10665 e -10286 -10240
10666 e -10666 -2
10667 e -10284 -10244
10668 e -10668 3
10669 e -10288 -10244
10670 e -10670 1738
10671 a -10671 -10669 -10667 -10665
10672 a 10665 10667 10669 10671
10673 a -10673 -10672
10674 e -7691 -7688
10675 e -10675 -8570
10676 e -10676 -3
10677 e -10288 -10249
10678 e -10678 -2
10679 e -10282 -10253
10680 e -10680 10
10681 e -10286 -10253
10682 e -10682 1743
10683 e -10288 -10255
10684 e -10684 -3243
10685 a -10685 -10683 -10681 -10679 -10677
10686 a 10677 10679 10681 10683 10685
10687 a -10687 -10686
10688 e -10249 -10244
10689 e -10689 -1743
10690 e -10253 -10240
10691 e -10691 1738
10692 e -10249 -10242
10693 e -10693 -10
10694 e -10251 -10240
10695 e -10695 3
10696 e -10255 -10240
10697 e -10697 3243
10698 a -10698 -10696 -10694 -10692 -10690
10699 a 10690 10692 10694 10696 10698
10700 a -10700 -10699
10701 e -8138 -7691
10702 e -10702 -10663
10703 e -10703 -1743
10704 e -10288 -10242
10705 e -10705 1738
10706 e -10282 -10240
10707 e -10707 -2
10708 e -10284 -10242
10709 e -10709 3
10710 a -10710 -10708 -10706 -10704
10711 a 10704 10706 10708 10710
10712 a -10712 -10711
10713 e -8138 7695
10714 e -10714 -10675
10715 e -10715 -1738
10716 e -10286 -10251
10717 e -10717 1743
10718 e -10284 -10249
10719 e -10719 -2
10720 e -10282 -10251
10721 e -10721 10
10722 e -10284 -10255
10723 e -10723 -3243
10724 a -10724 -10722 -10720 -10718 -10716
10725 a 10716 10718 10720 10722 10724
10726 a -10726 -10725
10727 e -7920 -7917
10728 e -10728 -7690
10729 e -10729 2
10730 e -7920 7696
10731 e -10731 -10255
10732 e -10732 3243
10733 e -7917 7692
10734 e -10734 -10242
10735 e -10735 -10
10736 e -10731 -10251
10737 e -10737 3
10738 e -10734 -10244
10739 e -10739 -1743
10740 e -10731 -10253
10741 e -10741 1738
10742 a -10742 -10740 -10738 -10736 -10733 -10730
10743 a 10730 10733 10736 10738 10740 10742
10744 a -10744 -10743
10745 e -8138 -7920
10746 e -7696 7695
10747 e -10747 -10746
10748 e -10748 2
10749 e -10360 -10242
10750 e -10750 3243
10751 e -10358 -10242
10752 e -10752 3
10753 e -10356 -10244
10754 e -10754 -1743
10755 a -10755 -10753 -10751 -10749
10756 a 10749 10751 10753 10755
10757 a -10757 -10756
10758 e -8138 7917
10759 e -7692 7691
10760 e -10760 -10759
10761 e -10761 2
10762 e -7696 7688
10763 e -7915 7692
10764 e -10764 -10763
10765 e -10765 -3243
10766 e -10356 -10251
10767 e -10767 10
10768 e -10358 -10253
10769 e -10769 -1738
10770 a -10770 -10768 -10766 -10762
10771 a 10762 10766 10768 10770
10772 a -10772 -10771
10773 e -7920 7915
10774 e -10774 -7693
10775 e -10775 10
10776 e -7696 7689
10777 e -7917 -7691
10778 e -10778 -10777
10779 e -10779 -1743
10780 e -7915 7689
10781 e -10781 -10240
10782 e -10782 -2
10783 e -10731 -10284
10784 e -10784 3
10785 e -10731 -10288
10786 e -10786 1738
10787 a -10787 -10785 -10783 -10780 -10776
10788 a 10776 10780 10783 10785 10787
10789 a -10789 -10788
10790 e -10746 -7697
10791 e -10791 10
10792 e -10354 -10244
10793 e -10793 -1743
10794 e -10358 -10240
10795 e -10795 3
10796 e -10360 -10240
10797 e -10797 3243
10798 a -10798 -10796 -10794 -10792
10799 a 10792 10794 10796 10798
10800 a -10800 -10799
10801 e -8138 -7915
10802 e -7689 7688
10803 e -10803 -10802
10804 e -10804 10
10805 e -10358 -10286
10806 e -10806 -1743
10807 e -10354 -10284
10808 e -10808 2
10809 e -10358 -10288
10810 e -10810 -1738
10811 e -10360 -10284
10812 e -10812 3243
10813 a -10813 -10811 -10809 -10807 -10805
10814 a 10805 10807 10809 10811 10813
10815 a -10815 -10814
10816 e -7917 -7915
10817 e -10817 -7697
10818 e -10818 3
10819 e -7692 -7689
10820 e -7920 -7695
10821 e -10821 -10820
10822 e -10822 -1738
10823 e -10781 -10255
10824 e -10824 -3243
10825 e -10781 -10249
10826 e -10826 -2
10827 e -10734 -10282
10828 e -10828 10
10829 e -10734 -10286
10830 e -10830 1743
10831 a -10831 -10829 -10827 -10825 -10823 -10819
10832 a 10819 10823 10825 10827 10829 10831
10833 a -10833 -10832
10834 e -10759 -7693
10835 e -10835 3
10836 e -7695 -7689
10837 e -7920 7692
10838 e -10838 -10837
10839 e -10839 -3243
10840 e -10354 -10253
10841 e -10841 -1738
10842 e -10356 -10249
10843 e -10843 10
10844 a -10844 -10842 -10840 -10836
10845 a 10836 10840 10842 10844
10846 a -10846 -10845
10847 e -10802 -7690
10848 e -10848 3
10849 e -10356 -10288
10850 e -10850 -1738
10851 e -10360 -10282
10852 e -10852 3243
10853 e -10354 -10282
10854 e -10854 2
10855 e -10356 -10286
10856 e -10856 -1743
10857 a -10857 -10855 -10853 -10851 -10849
10858 a 10849 10851 10853 10855 10857
10859 a -10859 -10858
10860 e -7705 -7691
10861 e -10861 -8146
10862 e -10862 -2
10863 e -7705 7702
10864 e -10864 -10242
10865 e -10865 -10
10866 e -10651 -10262
10867 e -10867 41
10868 e -10864 -10244
10869 e -10869 -1743
10870 e -10651 -10264
10871 e -10871 1771
10872 e -10651 -10266
10873 e -10873 3271
10874 a -10874 -10872 -10870 -10868 -10866 -10863
10875 a 10863 10866 10868 10870 10872 10874
10876 a -10876 -10875
10877 e -7705 -7688
10878 e -10878 -8362
10879 e -10879 -10
10880 e -10297 -10240
10881 e -10881 -2
10882 e -10295 -10244
10883 e -10883 41
10884 e -10299 -10244
10885 e -10885 1771
10886 e -10301 -10244
10887 e -10887 4547
10888 a -10888 -10886 -10884 -10882 -10880
10889 a 10880 10882 10884 10886 10888
10890 a -10890 -10889
10891 e -10675 -8781
10892 e -10892 -41
10893 e -10299 -10260
10894 e -10894 -2
10895 e -10293 -10264
10896 e -10896 10
10897 e -10297 -10264
10898 e -10898 1743
10899 e -10299 -10266
10900 e -10900 -3271
10901 e -10301 -10264
10902 e -10902 4547
10903 a -10903 -10901 -10899 -10897 -10895 -10893
10904 a 10893 10895 10897 10899 10901 10903
10905 a -10905 -10904
10906 e -10260 -10244
10907 e -10907 -1743
10908 e -10264 -10240
10909 e -10909 1771
10910 e -10260 -10242
10911 e -10911 -10
10912 e -10262 -10240
10913 e -10913 41
10914 e -10266 -10240
10915 e -10915 3271
10916 a -10916 -10914 -10912 -10910 -10908
10917 a 10908 10910 10912 10914 10916
10918 a -10918 -10917
10919 e -8145 -7691
10920 e -10920 -10878
10921 e -10921 -1743
10922 e -10299 -10242
10923 e -10923 1771
10924 e -10293 -10240
10925 e -10925 -2
10926 e -10295 -10242
10927 e -10927 41
10928 e -10301 -10242
10929 e -10929 4547
10930 a -10930 -10928 -10926 -10924 -10922
10931 a 10922 10924 10926 10928 10930
10932 a -10932 -10931
10933 e -8145 7705
10934 e -10934 -10675
10935 e -10935 -1771
10936 e -10297 -10262
10937 e -10937 1743
10938 e -10295 -10260
10939 e -10939 -2
10940 e -10293 -10262
10941 e -10941 10
10942 e -10295 -10266
10943 e -10943 -3271
10944 e -10301 -10262
10945 e -10945 4547
10946 a -10946 -10944 -10942 -10940 -10938 -10936
10947 a 10936 10938 10940 10942 10944 10946
10948 a -10948 -10947
10949 e -7926 -7920
10950 e -10950 -7701
10951 e -10951 2
10952 e -10731 -10266
10953 e -10953 3271
10954 e -7926 7702
10955 e -10955 -10242
10956 e -10956 -10
10957 e -10731 -10262
10958 e -10958 41
10959 e -10955 -10244
10960 e -10960 -1743
10961 e -10731 -10264
10962 e -10962 1771
10963 a -10963 -10961 -10959 -10957 -10954 -10952
10964 a 10952 10954 10957 10959 10961 10963
10965 a -10965 -10964
10966 e -8145 -7920
10967 e -7705 7696
10968 e -10968 -10967
10969 e -10969 2
10970 e -10371 -10242
10971 e -10971 3271
10972 e -10369 -10242
10973 e -10973 41
10974 e -10367 -10244
10975 e -10975 -1743
10976 e -10373 -10242
10977 e -10977 4547
10978 a -10978 -10976 -10974 -10972 -10970
10979 a 10970 10972 10974 10976 10978
10980 a -10980 -10979
10981 e -8145 7926
10982 e -7702 7691
10983 e -10983 -10982
10984 e -10984 2
10985 e -7924 7702
10986 e -10986 -10763
10987 e -10987 -3271
10988 e -10367 -10262
10989 e -10989 10
10990 e -10369 -10264
10991 e -10991 -1771
10992 e -10373 -10262
10993 e -10993 4547
10994 a -10994 -10992 -10990 -10988 -10985
10995 a 10985 10988 10990 10992 10994
10996 a -10996 -10995
10997 e -7924 7920
10998 e -10998 -7703
10999 e -10999 10
11000 e -7700 7696
11001 e -7926 -7691
11002 e -11002 -11001
11003 e -11003 -1743
11004 e -10731 -10301
11005 e -11005 4547
11006 e -7924 7700
11007 e -11007 -10240
11008 e -11008 -2
11009 e -10731 -10295
11010 e -11010 41
11011 e -10731 -10299
11012 e -11012 1771
11013 a -11013 -11011 -11009 -11006 -11004 -11000
11014 a 11000 11004 11006 11009 11011 11013
11015 a -11015 -11014
11016 e -10967 -7706
11017 e -11017 10
11018 e -10365 -10244
11019 e -11019 -1743
11020 e -10373 -10240
11021 e -11021 4547
11022 e -10369 -10240
11023 e -11023 41
11024 e -10371 -10240
11025 e -11025 3271
11026 a -11026 -11024 -11022 -11020 -11018
11027 a 11018 11020 11022 11024 11026
11028 a -11028 -11027
11029 e -8145 -7924
11030 e -7700 7688
11031 e -11031 -11030
11032 e -11032 10
11033 e -7696 -7691
11034 e -7926 7700
11035 e -11035 -11034
11036 e -11036 -4547
11037 e -10369 -10297
11038 e -11038 -1743
11039 e -10365 -10295
11040 e -11040 2
11041 e -10369 -10299
11042 e -11042 -1771
11043 e -10371 -10295
11044 e -11044 3271
11045 a -11045 -11043 -11041 -11039 -11037 -11033
11046 a 11033 11037 11039 11041 11043 11045
11047 a -11047 -11046
11048 e -7926 -7924
11049 e -11049 -7706
11050 e -11050 41
11051 e -7702 -7700
11052 e -7920 -7705
11053 e -11053 -11052
11054 e -11054 -1771
11055 e -11007 -10266
11056 e -11056 -3271
11057 e -10955 -10301
11058 e -11058 4547
11059 e -11007 -10260
11060 e -11060 -2
11061 e -10955 -10293
11062 e -11062 10
11063 e -10955 -10297
11064 e -11064 1743
11065 a -11065 -11063 -11061 -11059 -11057 -11055 -11051
11066 a 11051 11055 11057 11059 11061 11063 11065
11067 a -11067 -11066
11068 e -10982 -7703
11069 e -11069 41
11070 e -7705 -7700
11071 e -7920 7702
11072 e -11072 -11071
11073 e -11073 -3271
11074 e -10365 -10264
11075 e -11075 -1771
11076 e -10373 -10260
11077 e -11077 4547
11078 e -10367 -10260
11079 e -11079 10
11080 a -11080 -11078 -11076 -11074 -11070
11081 a 11070 11074 11076 11078 11080
11082 a -11082 -11081
11083 e -11030 -7701
11084 e -11084 41
11085 e -7705 -7702
11086 e -7920 -7700
11087 e -11087 -11086
11088 e -11088 -4547
11089 e -10367 -10299
11090 e -11090 -1771
11091 e -10371 -10293
11092 e -11092 3271
11093 e -10365 -10293
11094 e -11094 2
11095 e -10367 -10297
11096 e -11096 -1743
11097 a -11097 -11095 -11093 -11091 -11089 -11085
11098 a 11085 11089 11091 11093 11095 11097
11099 a -11099 -11098
11100 e -7714 -7691
11101 e -11101 -8153
11102 e -11102 -2
11103 e -7714 7711
11104 e -11104 -10242
11105 e -11105 -10
11106 e -10651 -10273
11107 e -11107 62
11108 e -11104 -10244
11109 e -11109 -1743
11110 e -10651 -10275
11111 e -11111 1792
11112 e -10651 -10277
11113 e -11113 3292
11114 a -11114 -11112 -11110 -11108 -11106 -11103
11115 a 11103 11106 11108 11110 11112 11114
11116 a -11116 -11115
11117 e -7714 -7688
11118 e -11118 -8368
11119 e -11119 -10
11120 e -10310 -10240
11121 e -11121 -2
11122 e -10308 -10244
11123 e -11123 62
11124 e -10312 -10244
11125 e -11125 1792
11126 e -10314 -10244
11127 e -11127 4568
11128 a -11128 -11126 -11124 -11122 -11120
11129 a 11120 11122 11124 11126 11128
11130 a -11130 -11129
11131 e -10675 -8992
11132 e -11132 -62
11133 e -10312 -10271
11134 e -11134 -2
11135 e -10306 -10275
11136 e -11136 10
11137 e -10310 -10275
11138 e -11138 1743
11139 e -10312 -10277
11140 e -11140 -3292
11141 e -10314 -10275
11142 e -11142 4568
11143 a -11143 -11141 -11139 -11137 -11135 -11133
11144 a 11133 11135 11137 11139 11141 11143
11145 a -11145 -11144
11146 e -10271 -10244
11147 e -11147 -1743
11148 e -10275 -10240
11149 e -11149 1792
11150 e -10271 -10242
11151 e -11151 -10
11152 e -10273 -10240
11153 e -11153 62
11154 e -10277 -10240
11155 e -11155 3292
11156 a -11156 -11154 -11152 -11150 -11148
11157 a 11148 11150 11152 11154 11156
11158 a -11158 -11157
11159 e -8152 -7691
11160 e -11160 -11118
11161 e -11161 -1743
11162 e -10312 -10242
11163 e -11163 1792
11164 e -10306 -10240
11165 e -11165 -2
11166 e -10308 -10242
11167 e -11167 62
11168 e -10314 -10242
11169 e -11169 4568
11170 a -11170 -11168 -11166 -11164 -11162
11171 a 11162 11164 11166 11168 11170
11172 a -11172 -11171
11173 e -8152 7714
11174 e -11174 -10675
11175 e -11175 -1792
11176 e -10310 -10273
11177 e -11177 1743
11178 e -10308 -10271
11179 e -11179 -2
11180 e -10306 -10273
11181 e -11181 10
11182 e -10308 -10277
11183 e -11183 -3292
11184 e -10314 -10273
11185 e -11185 4568
11186 a -11186 -11184 -11182 -11180 -11178 -11176
11187 a 11176 11178 11180 11182 11184 11186
11188 a -11188 -11187
11189 e -7934 -7920
11190 e -11190 -7710
11191 e -11191 2
11192 e -10731 -10277
11193 e -11193 3292
11194 e -7934 7711
11195 e -11195 -10242
11196 e -11196 -10
11197 e -10731 -10273
11198 e -11198 62
11199 e -11195 -10244
11200 e -11200 -1743
11201 e -10731 -10275
11202 e -11202 1792
11203 a -11203 -11201 -11199 -11197 -11194 -11192
11204 a 11192 11194 11197 11199 11201 11203
11205 a -11205 -11204
11206 e -8152 -7920
11207 e -7714 7696
11208 e -11208 -11207
11209 e -11209 2
11210 e -10384 -10242
11211 e -11211 3292
11212 e -10382 -10242
11213 e -11213 62
11214 e -10380 -10244
11215 e -11215 -1743
11216 e -10386 -10242
11217 e -11217 4568
11218 a -11218 -11216 -11214 -11212 -11210
11219 a 11210 11212 11214 11216 11218
11220 a -11220 -11219
11221 e -8152 7934
11222 e -7711 7691
11223 e -11223 -11222
11224 e -11224 2
11225 e -7932 7711
11226 e -11226 -10763
11227 e -11227 -3292
11228 e -10380 -10273
11229 e -11229 10
11230 e -10382 -10275
11231 e -11231 -1792
11232 e -10386 -10273
11233 e -11233 4568
11234 a -11234 -11232 -11230 -11228 -11225
11235 a 11225 11228 11230 11232 11234
11236 a -11236 -11235
11237 e -7932 7920
11238 e -11238 -7712
11239 e -11239 10
11240 e -7709 7696
11241 e -7934 -7691
11242 e -11242 -11241
11243 e -11243 -1743
11244 e -10731 -10314
11245 e -11245 4568
11246 e -7932 7709
11247 e -11247 -10240
11248 e -11248 -2
11249 e -10731 -10308
11250 e -11250 62
11251 e -10731 -10312
11252 e -11252 1792
11253 a -11253 -11251 -11249 -11246 -11244 -11240
11254 a 11240 11244 11246 11249 11251 11253
11255 a -11255 -11254
11256 e -11207 -7715
11257 e -11257 10
11258 e -10378 -10244
11259 e -11259 -1743
11260 e -10386 -10240
11261 e -11261 4568
11262 e -10382 -10240
11263 e -11263 62
11264 e -10384 -10240
11265 e -11265 3292
11266 a -11266 -11264 -11262 -11260 -11258
11267 a 11258 11260 11262 11264 11266
11268 a -11268 -11267
11269 e -8152 -7932
11270 e -7709 7688
11271 e -11271 -11270
11272 e -11272 10
11273 e -7934 7709
11274 e -11274 -11034
11275 e -11275 -4568
11276 e -10382 -10310
11277 e -11277 -1743
11278 e -10378 -10308
11279 e -11279 2
11280 e -10382 -10312
11281 e -11281 -1792
11282 e -10384 -10308
11283 e -11283 3292
11284 a -11284 -11282 -11280 -11278 -11276 -11273
11285 a 11273 11276 11278 11280 11282 11284
11286 a -11286 -11285
11287 e -7934 -7932
11288 e -11288 -7715
11289 e -11289 62
11290 e -7711 -7709
11291 e -7920 -7714
11292 e -11292 -11291
11293 e -11293 -1792
11294 e -11247 -10277
11295 e -11295 -3292
11296 e -11195 -10314
11297 e -11297 4568
11298 e -11247 -10271
11299 e -11299 -2
11300 e -11195 -10306
11301 e -11301 10
11302 e -11195 -10310
11303 e -11303 1743
11304 a -11304 -11302 -11300 -11298 -11296 -11294 -11290
11305 a 11290 11294 11296 11298 11300 11302 11304
11306 a -11306 -11305
11307 e -11222 -7712
11308 e -11308 62
11309 e -7714 -7709
11310 e -7920 7711
11311 e -11311 -11310
11312 e -11312 -3292
11313 e -10378 -10275
11314 e -11314 -1792
11315 e -10386 -10271
11316 e -11316 4568
11317 e -10380 -10271
11318 e -11318 10
11319 a -11319 -11317 -11315 -11313 -11309
11320 a 11309 11313 11315 11317 11319
11321 a -11321 -11320
11322 e -11270 -7710
11323 e -11323 62
11324 e -7714 -7711
11325 e -7920 -7709
11326 e -11326 -11325
11327 e -11327 -4568
11328 e -10380 -10312
11329 e -11329 -1792
11330 e -10384 -10306
11331 e -11331 3292
11332 e -10378 -10306
11333 e -11333 2
11334 e -10380 -10310
11335 e -11335 -1743
11336 a -11336 -11334 -11332 -11330 -11328 -11324
11337 a 11324 11328 11330 11332 11334 11336
11338 a -11338 -11337
11339 e -7705 -7695
11340 e -11340 -8166
11341 e -11341 -2
11342 e -10864 -10251
11343 e -11343 -3
11344 e -10648 -10262
11345 e -11345 41
11346 e -10864 -10253
11347 e -11347 -1738
11348 e -10648 -10264
11349 e -11349 1771
11350 e -10864 -10255
11351 e -11351 -3243
11352 e -10648 -10266
11353 e -11353 3271
11354 a -11354 -11352 -11350 -11348 -11346 -11344 -11342
11355 a 11342 11344 11346 11348 11350 11352 11354
11356 a -11356 -11355
11357 e -10878 -8576
11358 e -11358 -3
11359 e -10323 -10249
11360 e -11360 -2
11361 e -10321 -10253
11362 e -11362 41
11363 e -10325 -10253
11364 e -11364 1771
11365 e -10323 -10255
11366 e -11366 -3243
11367 a -11367 -11365 -11363 -11361 -11359
11368 a 11359 11361 11363 11365 11367
11369 a -11369 -11368
11370 e -10663 -8787
11371 e -11371 -41
11372 e -10325 -10260
11373 e -11373 -2
11374 e -10319 -10264
11375 e -11375 3
11376 e -10323 -10264
11377 e -11377 1738
11378 e -10325 -10266
11379 e -11379 -3271
11380 a -11380 -11378 -11376 -11374 -11372
11381 a 11372 11374 11376 11378 11380
11382 a -11382 -11381
11383 e -10260 -10253
11384 e -11384 -1738
11385 e -10264 -10249
11386 e -11386 1771
11387 e -10260 -10251
11388 e -11388 -3
11389 e -10262 -10249
11390 e -11390 41
11391 e -10260 -10255
11392 e -11392 -3243
11393 e -10266 -10249
11394 e -11394 3271
11395 a -11395 -11393 -11391 -11389 -11387 -11385
11396 a 11385 11387 11389 11391 11393 11395
11397 a -11397 -11396
11398 e -8165 -7695
11399 e -11399 -10878
11400 e -11400 -1738
11401 e -10325 -10251
11402 e -11402 1771
11403 e -10319 -10249
11404 e -11404 -2
11405 e -10321 -10251
11406 e -11406 41
11407 e -10319 -10255
11408 e -11408 -3243
11409 a -11409 -11407 -11405 -11403 -11401
11410 a 11401 11403 11405 11407 11409
11411 a -11411 -11410
11412 e -8165 7705
11413 e -11413 -10663
11414 e -11414 -1771
11415 e -10323 -10262
11416 e -11416 1738
11417 e -10321 -10260
11418 e -11418 -2
11419 e -10319 -10262
11420 e -11420 3
11421 e -10321 -10266
11422 e -11422 -3271
11423 a -11423 -11421 -11419 -11417 -11415
11424 a 11415 11417 11419 11421 11423
11425 a -11425 -11424
11426 e -7926 -7917
11427 e -11427 -7726
11428 e -11428 2
11429 e -10955 -10255
11430 e -11430 -3243
11431 e -10734 -10266
11432 e -11432 3271
11433 e -10955 -10251
11434 e -11434 -3
11435 e -10734 -10262
11436 e -11436 41
11437 e -10955 -10253
11438 e -11438 -1738
11439 e -10734 -10264
11440 e -11440 1771
11441 a -11441 -11439 -11437 -11435 -11433 -11431 -11429
11442 a 11429 11431 11433 11435 11437 11439 11441
11443 a -11443 -11442
11444 e -8165 -7917
11445 e -7705 7692
11446 e -11446 -11445
11447 e -11447 2
11448 e -7702 7688
11449 e -7947 -7692
11450 e -11450 -11449
11451 e -11451 -3243
11452 e -10399 -10251
11453 e -11453 3271
11454 e -10395 -10251
11455 e -11455 41
11456 e -10393 -10253
11457 e -11457 -1738
11458 a -11458 -11456 -11454 -11452 -11448
11459 a 11448 11452 11454 11456 11458
11460 a -11460 -11459
11461 e -8165 7926
11462 e -7702 7695
11463 e -11463 -11462
11464 e -11464 2
11465 e -7692 7688
11466 e -7947 7702
11467 e -11467 -11466
11468 e -11468 -3271
11469 e -10397 -10262
11470 e -11470 3243
11471 e -10393 -10262
11472 e -11472 3
11473 e -10395 -10264
11474 e -11474 -1771
11475 a -11475 -11473 -11471 -11469 -11465
11476 a 11465 11469 11471 11473 11475
11477 a -11477 -11476
11478 e -7947 7917
11479 e -11479 -7727
11480 e -11480 3
11481 e -7725 7692
11482 e -7926 -7695
11483 e -11483 -11482
11484 e -11484 -1738
11485 e -7947 7725
11486 e -11486 -10255
11487 e -11487 -3243
11488 e -11486 -10249
11489 e -11489 -2
11490 e -10734 -10321
11491 e -11491 41
11492 e -10734 -10325
11493 e -11493 1771
11494 a -11494 -11492 -11490 -11488 -11485 -11481
11495 a 11481 11485 11488 11490 11492 11494
11496 a -11496 -11495
11497 e -11445 -7729
11498 e -11498 3
11499 e -7725 7695
11500 e -7926 7692
11501 e -11501 -11500
11502 e -11502 -3243
11503 e -10391 -10253
11504 e -11504 -1738
11505 e -10395 -10249
11506 e -11506 41
11507 e -10399 -10249
11508 e -11508 3271
11509 a -11509 -11507 -11505 -11503 -11499
11510 a 11499 11503 11505 11507 11509
11511 a -11511 -11510
11512 e -8165 -7947
11513 e -7725 7688
11514 e -11514 -11513
11515 e -11515 3
11516 e -10395 -10323
11517 e -11517 -1738
11518 e -10397 -10321
11519 e -11519 3243
11520 e -10391 -10321
11521 e -11521 2
11522 e -10395 -10325
11523 e -11523 -1771
11524 e -10399 -10321
11525 e -11525 3271
11526 a -11526 -11524 -11522 -11520 -11518 -11516
11527 a 11516 11518 11520 11522 11524 11526
11528 a -11528 -11527
11529 e -7947 -7926
11530 e -11530 -7729
11531 e -11531 41
11532 e -7725 -7702
11533 e -7917 -7705
11534 e -11534 -11533
11535 e -11535 -1771
11536 e -11486 -10266
11537 e -11537 -3271
11538 e -11486 -10260
11539 e -11539 -2
11540 e -10955 -10319
11541 e -11541 3
11542 e -10955 -10323
11543 e -11543 1738
11544 a -11544 -11542 -11540 -11538 -11536 -11532
11545 a 11532 11536 11538 11540 11542 11544
11546 a -11546 -11545
11547 e -11462 -7727
11548 e -11548 41
11549 e -7725 -7705
11550 e -7917 7702
11551 e -11551 -11550
11552 e -11552 -3271
11553 e -10391 -10264
11554 e -11554 -1771
11555 e -10393 -10260
11556 e -11556 3
11557 e -10397 -10260
11558 e -11558 3243
11559 a -11559 -11557 -11555 -11553 -11549
11560 a 11549 11553 11555 11557 11559
11561 a -11561 -11560
11562 e -11513 -7726
11563 e -11563 41
11564 e -10393 -10325
11565 e -11565 -1771
11566 e -10399 -10319
11567 e -11567 3271
11568 e -10391 -10319
11569 e -11569 2
11570 e -10393 -10323
11571 e -11571 -1738
11572 e -10397 -10319
11573 e -11573 3243
11574 a -11574 -11572 -11570 -11568 -11566 -11564
11575 a 11564 11566 11568 11570 11572 11574
11576 a -11576 -11575
11577 e -7714 -7695
11578 e -11578 -8173
11579 e -11579 -2
11580 e -11104 -10251
11581 e -11581 -3
11582 e -10648 -10273
11583 e -11583 62
11584 e -11104 -10253
11585 e -11585 -1738
11586 e -10648 -10275
11587 e -11587 1792
11588 e -11104 -10255
11589 e -11589 -3243
11590 e -10648 -10277
11591 e -11591 3292
11592 a -11592 -11590 -11588 -11586 -11584 -11582 -11580
11593 a 11580 11582 11584 11586 11588 11590 11592
11594 a -11594 -11593
11595 e -11118 -8582
11596 e -11596 -3
11597 e -10334 -10249
11598 e -11598 -2
11599 e -10332 -10253
11600 e -11600 62
11601 e -10336 -10253
11602 e -11602 1792
11603 e -10334 -10255
11604 e -11604 -3243
11605 e -10338 -10253
11606 e -11606 5625
11607 a -11607 -11605 -11603 -11601 -11599 -11597
11608 a 11597 11599 11601 11603 11605 11607
11609 a -11609 -11608
11610 e -10663 -8998
11611 e -11611 -62
11612 e -10336 -10271
11613 e -11613 -2
11614 e -10330 -10275
11615 e -11615 3
11616 e -10334 -10275
11617 e -11617 1738
11618 e -10336 -10277
11619 e -11619 -3292
11620 e -10338 -10275
11621 e -11621 5625
11622 a -11622 -11620 -11618 -11616 -11614 -11612
11623 a 11612 11614 11616 11618 11620 11622
11624 a -11624 -11623
11625 e -10271 -10253
11626 e -11626 -1738
11627 e -10275 -10249
11628 e -11628 1792
11629 e -10271 -10251
11630 e -11630 -3
11631 e -10273 -10249
11632 e -11632 62
11633 e -10271 -10255
11634 e -11634 -3243
11635 e -10277 -10249
11636 e -11636 3292
11637 a -11637 -11635 -11633 -11631 -11629 -11627
11638 a 11627 11629 11631 11633 11635 11637
11639 a -11639 -11638
11640 e -8172 -7695
11641 e -11641 -11118
11642 e -11642 -1738
11643 e -10336 -10251
11644 e -11644 1792
11645 e -10330 -10249
11646 e -11646 -2
11647 e -10332 -10251
11648 e -11648 62
11649 e -10330 -10255
11650 e -11650 -3243
11651 e -10338 -10251
11652 e -11652 5625
11653 a -11653 -11651 -11649 -11647 -11645 -11643
11654 a 11643 11645 11647 11649 11651 11653
11655 a -11655 -11654
11656 e -8172 7714
11657 e -11657 -10663
11658 e -11658 -1792
11659 e -10334 -10273
11660 e -11660 1738
11661 e -10332 -10271
11662 e -11662 -2
11663 e -10330 -10273
11664 e -11664 3
11665 e -10332 -10277
11666 e -11666 -3292
11667 e -10338 -10273
11668 e -11668 5625
11669 a -11669 -11667 -11665 -11663 -11661 -11659
11670 a 11659 11661 11663 11665 11667 11669
11671 a -11671 -11670
11672 e -7934 -7917
11673 e -11673 -7733
11674 e -11674 2
11675 e -11195 -10255
11676 e -11676 -3243
11677 e -10734 -10277
11678 e -11678 3292
11679 e -11195 -10251
11680 e -11680 -3
11681 e -10734 -10273
11682 e -11682 62
11683 e -11195 -10253
11684 e -11684 -1738
11685 e -10734 -10275
11686 e -11686 1792
11687 a -11687 -11685 -11683 -11681 -11679 -11677 -11675
11688 a 11675 11677 11679 11681 11683 11685 11687
11689 a -11689 -11688
11690 e -8172 -7917
11691 e -7714 7692
11692 e -11692 -11691
11693 e -11693 2
11694 e -7711 7688
11695 e -7954 -7692
11696 e -11696 -11695
11697 e -11697 -3243
11698 e -10412 -10251
11699 e -11699 3292
11700 e -10408 -10251
11701 e -11701 62
11702 e -10406 -10253
11703 e -11703 -1738
11704 e -10414 -10251
11705 e -11705 5625
11706 a -11706 -11704 -11702 -11700 -11698 -11694
11707 a 11694 11698 11700 11702 11704 11706
11708 a -11708 -11707
11709 e -8172 7934
11710 e -7711 7695
11711 e -11711 -11710
11712 e -11712 2
11713 e -7954 7711
11714 e -11714 -11466
11715 e -11715 -3292
11716 e -10410 -10273
11717 e -11717 3243
11718 e -10406 -10273
11719 e -11719 3
11720 e -10408 -10275
11721 e -11721 -1792
11722 e -10414 -10273
11723 e -11723 5625
11724 a -11724 -11722 -11720 -11718 -11716 -11713
11725 a 11713 11716 11718 11720 11722 11724
11726 a -11726 -11725
11727 e -7954 7917
11728 e -11728 -7734
11729 e -11729 3
11730 e -7732 7692
11731 e -7934 -7695
11732 e -11732 -11731
11733 e -11733 -1738
11734 e -7954 7732
11735 e -11735 -10255
11736 e -11736 -3243
11737 e -10734 -10338
11738 e -11738 5625
11739 e -11735 -10249
11740 e -11740 -2
11741 e -10734 -10332
11742 e -11742 62
11743 e -10734 -10336
11744 e -11744 1792
11745 a -11745 -11743 -11741 -11739 -11737 -11734 -11730
11746 a 11730 11734 11737 11739 11741 11743 11745
11747 a -11747 -11746
11748 e -11691 -7736
11749 e -11749 3
11750 e -7732 7695
11751 e -7934 7692
11752 e -11752 -11751
11753 e -11753 -3243
11754 e -10404 -10253
11755 e -11755 -1738
11756 e -10414 -10249
11757 e -11757 5625
11758 e -10408 -10249
11759 e -11759 62
11760 e -10412 -10249
11761 e -11761 3292
11762 a -11762 -11760 -11758 -11756 -11754 -11750
11763 a 11750 11754 11756 11758 11760 11762
11764 a -11764 -11763
11765 e -8172 -7954
11766 e -7732 7688
11767 e -11767 -11766
11768 e -11768 3
11769 e -7695 -7692
11770 e -7934 7732
11771 e -11771 -11770
11772 e -11772 -5625
11773 e -10408 -10334
11774 e -11774 -1738
11775 e -10410 -10332
11776 e -11776 3243
11777 e -10404 -10332
11778 e -11778 2
11779 e -10408 -10336
11780 e -11780 -1792
11781 e -10412 -10332
11782 e -11782 3292
11783 a -11783 -11781 -11779 -11777 -11775 -11773 -11769
11784 a 11769 11773 11775 11777 11779 11781 11783
11785 a -11785 -11784
11786 e -7954 -7934
11787 e -11787 -7736
11788 e -11788 62
11789 e -7732 -7711
11790 e -7917 -7714
11791 e -11791 -11790
11792 e -11792 -1792
11793 e -11735 -10277
11794 e -11794 -3292
11795 e -11195 -10338
11796 e -11796 5625
11797 e -11735 -10271
11798 e -11798 -2
11799 e -11195 -10330
11800 e -11800 3
11801 e -11195 -10334
11802 e -11802 1738
11803 a -11803 -11801 -11799 -11797 -11795 -11793 -11789
11804 a 11789 11793 11795 11797 11799 11801 11803
11805 a -11805 -11804
11806 e -11710 -7734
11807 e -11807 62
11808 e -7732 -7714
11809 e -7917 7711
11810 e -11810 -11809
11811 e -11811 -3292
11812 e -10404 -10275
11813 e -11813 -1792
11814 e -10414 -10271
11815 e -11815 5625
11816 e -10406 -10271
11817 e -11817 3
11818 e -10410 -10271
11819 e -11819 3243
11820 a -11820 -11818 -11816 -11814 -11812 -11808
11821 a 11808 11812 11814 11816 11818 11820
11822 a -11822 -11821
11823 e -11766 -7733
11824 e -11824 62
11825 e -7917 -7732
11826 e -11826 -11325
11827 e -11827 -5625
11828 e -10406 -10336
11829 e -11829 -1792
11830 e -10412 -10330
11831 e -11831 3292
11832 e -10404 -10330
11833 e -11833 2
11834 e -10406 -10334
11835 e -11835 -1738
11836 e -10410 -10330
11837 e -11837 3243
11838 a -11838 -11836 -11834 -11832 -11830 -11828 -11825
11839 a 11825 11828 11830 11832 11834 11836 11838
11840 a -11840 -11839
11841 e -7714 -7705
11842 e -11842 -8187
11843 e -11843 -2
11844 e -11104 -10262
11845 e -11845 -41
11846 e -10864 -10273
11847 e -11847 62
11848 e -11104 -10264
11849 e -11849 -1771
11850 e -10864 -10275
11851 e -11851 1792
11852 e -11104 -10266
11853 e -11853 -3271
11854 e -10864 -10277
11855 e -11855 3292
11856 a -11856 -11854 -11852 -11850 -11848 -11846 -11844
11857 a 11844 11846 11848 11850 11852 11854 11856
11858 a -11858 -11857
11859 e -11118 -8793
11860 e -11860 -41
11861 e -10347 -10260
11862 e -11862 -2
11863 e -10345 -10264
11864 e -11864 62
11865 e -10349 -10264
11866 e -11866 1792
11867 e -10347 -10266
11868 e -11868 -3271
11869 a -11869 -11867 -11865 -11863 -11861
11870 a 11861 11863 11865 11867 11869
11871 a -11871 -11870
11872 e -10878 -9004
11873 e -11873 -62
11874 e -10349 -10271
11875 e -11875 -2
11876 e -10343 -10275
11877 e -11877 41
11878 e -10347 -10275
11879 e -11879 1771
11880 e -10349 -10277
11881 e -11881 -3292
11882 a -11882 -11880 -11878 -11876 -11874
11883 a 11874 11876 11878 11880 11882
11884 a -11884 -11883
11885 e -10271 -10264
11886 e -11886 -1771
11887 e -10275 -10260
11888 e -11888 1792
11889 e -10271 -10262
11890 e -11890 -41
11891 e -10273 -10260
11892 e -11892 62
11893 e -10271 -10266
11894 e -11894 -3271
11895 e -10277 -10260
11896 e -11896 3292
11897 a -11897 -11895 -11893 -11891 -11889 -11887
11898 a 11887 11889 11891 11893 11895 11897
11899 a -11899 -11898
11900 e -8186 -7705
11901 e -11901 -11118
11902 e -11902 -1771
11903 e -10349 -10262
11904 e -11904 1792
11905 e -10343 -10260
11906 e -11906 -2
11907 e -10345 -10262
11908 e -11908 62
11909 e -10343 -10266
11910 e -11910 -3271
11911 a -11911 -11909 -11907 -11905 -11903
11912 a 11903 11905 11907 11909 11911
11913 a -11913 -11912
11914 e -8186 7714
11915 e -11915 -10878
11916 e -11916 -1792
11917 e -10347 -10273
11918 e -11918 1771
11919 e -10345 -10271
11920 e -11920 -2
11921 e -10343 -10273
11922 e -11922 41
11923 e -10345 -10277
11924 e -11924 -3292
11925 a -11925 -11923 -11921 -11919 -11917
11926 a 11917 11919 11921 11923 11925
11927 a -11927 -11926
11928 e -7934 -7926
11929 e -11929 -7746
11930 e -11930 2
11931 e -11195 -10266
11932 e -11932 -3271
11933 e -10955 -10277
11934 e -11934 3292
11935 e -11195 -10262
11936 e -11936 -41
11937 e -10955 -10273
11938 e -11938 62
11939 e -11195 -10264
11940 e -11940 -1771
11941 e -10955 -10275
11942 e -11942 1792
11943 a -11943 -11941 -11939 -11937 -11935 -11933 -11931
11944 a 11931 11933 11935 11937 11939 11941 11943
11945 a -11945 -11944
11946 e -8186 -7926
11947 e -7714 7702
11948 e -11948 -11947
11949 e -11949 2
11950 e -7968 -7702
11951 e -11951 -11695
11952 e -11952 -3271
11953 e -10427 -10262
11954 e -11954 3292
11955 e -10423 -10262
11956 e -11956 62
11957 e -10421 -10264
11958 e -11958 -1771
11959 a -11959 -11957 -11955 -11953 -11950
11960 a 11950 11953 11955 11957 11959
11961 a -11961 -11960
11962 e -8186 7934
11963 e -7711 7705
11964 e -11964 -11963
11965 e -11965 2
11966 e -7968 7711
11967 e -11967 -11449
11968 e -11968 -3292
11969 e -10425 -10273
11970 e -11970 3271
11971 e -10421 -10273
11972 e -11972 41
11973 e -10423 -10275
11974 e -11974 -1792
11975 a -11975 -11973 -11971 -11969 -11966
11976 a 11966 11969 11971 11973 11975
11977 a -11977 -11976
11978 e -7968 7926
11979 e -11979 -7747
11980 e -11980 41
11981 e -7745 7702
11982 e -7934 -7705
11983 e -11983 -11982
11984 e -11984 -1771
11985 e -7968 7745
11986 e -11986 -10266
11987 e -11987 -3271
11988 e -11986 -10260
11989 e -11989 -2
11990 e -10955 -10345
11991 e -11991 62
11992 e -10955 -10349
11993 e -11993 1792
11994 a -11994 -11992 -11990 -11988 -11985 -11981
11995 a 11981 11985 11988 11990 11992 11994
11996 a -11996 -11995
11997 e -11947 -7749
11998 e -11998 41
11999 e -7745 7705
12000 e -7934 7702
12001 e -12001 -12000
12002 e -12002 -3271
12003 e -10419 -10264
12004 e -12004 -1771
12005 e -10423 -10260
12006 e -12006 62
12007 e -10427 -10260
12008 e -12008 3292
12009 a -12009 -12007 -12005 -12003 -11999
12010 a 11999 12003 12005 12007 12009
12011 a -12011 -12010
12012 e -8186 -7968
12013 e -7745 7688
12014 e -12014 -12013
12015 e -12015 41
12016 e -10423 -10347
12017 e -12017 -1771
12018 e -10425 -10345
12019 e -12019 3271
12020 e -10419 -10345
12021 e -12021 2
12022 e -10423 -10349
12023 e -12023 -1792
12024 e -10427 -10345
12025 e -12025 3292
12026 a -12026 -12024 -12022 -12020 -12018 -12016
12027 a 12016 12018 12020 12022 12024 12026
12028 a -12028 -12027
12029 e -7968 -7934
12030 e -12030 -7749
12031 e -12031 62
12032 e -7745 -7711
12033 e -7926 -7714
12034 e -12034 -12033
12035 e -12035 -1792
12036 e -11986 -10277
12037 e -12037 -3292
12038 e -11986 -10271
12039 e -12039 -2
12040 e -11195 -10343
12041 e -12041 41
12042 e -11195 -10347
12043 e -12043 1771
12044 a -12044 -12042 -12040 -12038 -12036 -12032
12045 a 12032 12036 12038 12040 12042 12044
12046 a -12046 -12045
12047 e -11963 -7747
12048 e -12048 62
12049 e -7745 -7714
12050 e -7926 7711
12051 e -12051 -12050
12052 e -12052 -3292
12053 e -10419 -10275
12054 e -12054 -1792
12055 e -10421 -10271
12056 e -12056 41
12057 e -10425 -10271
12058 e -12058 3271
12059 a -12059 -12057 -12055 -12053 -12049
12060 a 12049 12053 12055 12057 12059
12061 a -12061 -12060
12062 e -12013 -7746
12063 e -12063 62
12064 e -10421 -10349
12065 e -12065 -1792
12066 e -10427 -10343
12067 e -12067 3292
12068 e -10419 -10343
12069 e -12069 2
12070 e -10421 -10347
12071 e -12071 -1771
12072 e -10425 -10343
12073 e -12073 3271
12074 a -12074 -12072 -12070 -12068 -12066 -12064
12075 a 12064 12066 12068 12070 12072 12074
12076 a -12076 -12075
12077 e -11340 -8381
12078 e -12078 -10
12079 e -10297 -10284
12080 e -12080 -3
12081 e -10295 -10286
12082 e -12082 41
12083 e -10297 -10288
12084 e -12084 -1738
12085 e -10299 -10286
12086 e -12086 1771
12087 e -10301 -10286
12088 e -12088 4547
12089 a -12089 -12087 -12085 -12083 -12081 -12079
12090 a 12079 12081 12083 12085 12087 12089
12091 a -12091 -12090
12092 e -10861 -8594
12093 e -12093 -3
12094 e -10323 -10282
12095 e -12095 -10
12096 e -10321 -10288
12097 e -12097 41
12098 e -10323 -10286
12099 e -12099 -1743
12100 e -10325 -10288
12101 e -12101 1771
12102 a -12102 -12100 -12098 -12096 -12094
12103 a 12094 12096 12098 12100 12102
12104 a -12104 -12103
12105 e -10645 -8805
12106 e -12106 -41
12107 e -10325 -10293
12108 e -12108 -10
12109 e -10319 -10299
12110 e -12110 3
12111 e -10325 -10297
12112 e -12112 -1743
12113 e -10323 -10299
12114 e -12114 1738
12115 e -10325 -10301
12116 e -12116 -4547
12117 a -12117 -12115 -12113 -12111 -12109 -12107
12118 a 12107 12109 12111 12113 12115 12117
12119 a -12119 -12118
12120 e -8380 7691
12121 e -12121 -11340
12122 e -12122 -1743
12123 e -10293 -10288
12124 e -12124 -1738
12125 e -10299 -10282
12126 e -12126 1771
12127 e -10293 -10284
12128 e -12128 -3
12129 e -10295 -10282
12130 e -12130 41
12131 e -10301 -10282
12132 e -12132 4547
12133 a -12133 -12131 -12129 -12127 -12125 -12123
12134 a 12123 12125 12127 12129 12131 12133
12135 a -12135 -12134
12136 e -8380 -7695
12137 e -12137 -10861
12138 e -12138 -1738
12139 e -10319 -10286
12140 e -12140 -1743
12141 e -10325 -10284
12142 e -12142 1771
12143 e -10319 -10282
12144 e -12144 -10
12145 e -10321 -10284
12146 e -12146 41
12147 a -12147 -12145 -12143 -12141 -12139
12148 a 12139 12141 12143 12145 12147
12149 a -12149 -12148
12150 e -8380 7705
12151 e -12151 -10645
12152 e -12152 -1771
12153 e -10321 -10297
12154 e -12154 -1743
12155 e -10323 -10295
12156 e -12156 1738
12157 e -10321 -10293
12158 e -12158 -10
12159 e -10319 -10295
12160 e -12160 3
12161 e -10321 -10301
12162 e -12162 -4547
12163 a -12163 -12161 -12159 -12157 -12155 -12153
12164 a 12153 12155 12157 12159 12161 12163
12165 a -12165 -12164
12166 e -7924 -7915
12167 e -12167 -7765
12168 e -12168 10
12169 e -7700 -7689
12170 e -7947 -7691
12171 e -12171 -12170
12172 e -12172 -1743
12173 e -10781 -10301
12174 e -12174 4547
12175 e -11007 -10284
12176 e -12176 -3
12177 e -10781 -10295
12178 e -12178 41
12179 e -11007 -10288
12180 e -12180 -1738
12181 e -10781 -10299
12182 e -12182 1771
12183 a -12183 -12181 -12179 -12177 -12175 -12173 -12169
12184 a 12169 12173 12175 12177 12179 12181 12183
12185 a -12185 -12184
12186 e -8380 -7915
12187 e -7705 7689
12188 e -12188 -12187
12189 e -12189 10
12190 e -10434 -10286
12191 e -12191 -1743
12192 e -10438 -10284
12193 e -12193 4547
12194 e -10436 -10284
12195 e -12195 41
12196 e -10434 -10288
12197 e -12197 -1738
12198 a -12198 -12196 -12194 -12192 -12190
12199 a 12190 12192 12194 12196 12198
12200 a -12200 -12199
12201 e -8380 7924
12202 e -7700 7695
12203 e -12203 -12202
12204 e -12204 10
12205 e -7691 7689
12206 e -7947 7700
12207 e -12207 -12206
12208 e -12208 -4547
12209 e -10436 -10297
12210 e -12210 -1743
12211 e -10434 -10295
12212 e -12212 3
12213 e -10436 -10299
12214 e -12214 -1771
12215 a -12215 -12213 -12211 -12209 -12205
12216 a 12205 12209 12211 12213 12215
12217 a -12217 -12216
12218 e -7947 7915
12219 e -12219 -7766
12220 e -12220 3
12221 e -7725 7689
12222 e -7924 -7695
12223 e -12223 -12222
12224 e -12224 -1738
12225 e -11486 -10282
12226 e -12226 -10
12227 e -10781 -10321
12228 e -12228 41
12229 e -11486 -10286
12230 e -12230 -1743
12231 e -10781 -10325
12232 e -12232 1771
12233 a -12233 -12231 -12229 -12227 -12225 -12221
12234 a 12221 12225 12227 12229 12231 12233
12235 a -12235 -12234
12236 e -12187 -7768
12237 e -12237 3
12238 e -10432 -10288
12239 e -12239 -1738
12240 e -10436 -10282
12241 e -12241 41
12242 e -10432 -10286
12243 e -12243 -1743
12244 e -10438 -10282
12245 e -12245 4547
12246 a -12246 -12244 -12242 -12240 -12238
12247 a 12238 12240 12242 12244 12246
12248 a -12248 -12247
12249 e -8380 -7947
12250 e -7725 7691
12251 e -12251 -12250
12252 e -12252 3
12253 e -10436 -10323
12254 e -12254 -1738
12255 e -10432 -10321
12256 e -12256 10
12257 e -10436 -10325
12258 e -12258 -1771
12259 e -10438 -10321
12260 e -12260 4547
12261 a -12261 -12259 -12257 -12255 -12253
12262 a 12253 12255 12257 12259 12261
12263 a -12263 -12262
12264 e -7947 -7924
12265 e -12265 -7768
12266 e -12266 41
12267 e -7725 -7700
12268 e -7915 -7705
12269 e -12269 -12268
12270 e -12270 -1771
12271 e -11486 -10301
12272 e -12272 -4547
12273 e -11486 -10293
12274 e -12274 -10
12275 e -11007 -10319
12276 e -12276 3
12277 e -11486 -10297
12278 e -12278 -1743
12279 e -11007 -10323
12280 e -12280 1738
12281 a -12281 -12279 -12277 -12275 -12273 -12271 -12267
12282 a 12267 12271 12273 12275 12277 12279 12281
12283 a -12283 -12282
12284 e -12202 -7766
12285 e -12285 41
12286 e -7915 7700
12287 e -12287 -11550
12288 e -12288 -4547
12289 e -10432 -10299
12290 e -12290 -1771
12291 e -10434 -10293
12292 e -12292 3
12293 e -10432 -10297
12294 e -12294 -1743
12295 a -12295 -12293 -12291 -12289 -12286
12296 a 12286 12289 12291 12293 12295
12297 a -12297 -12296
12298 e -12250 -7765
12299 e -12299 41
12300 e -10434 -10325
12301 e -12301 -1771
12302 e -10438 -10319
12303 e -12303 4547
12304 e -10432 -10319
12305 e -12305 10
12306 e -10434 -10323
12307 e -12307 -1738
12308 a -12308 -12306 -12304 -12302 -12300
12309 a 12300 12302 12304 12306 12308
12310 a -12310 -12309
12311 e -11578 -8388
12312 e -12312 -10
12313 e -10310 -10284
12314 e -12314 -3
12315 e -10308 -10286
12316 e -12316 62
12317 e -10310 -10288
12318 e -12318 -1738
12319 e -10312 -10286
12320 e -12320 1792
12321 e -10314 -10286
12322 e -12322 4568
12323 a -12323 -12321 -12319 -12317 -12315 -12313
12324 a 12313 12315 12317 12319 12321 12323
12325 a -12325 -12324
12326 e -11101 -8600
12327 e -12327 -3
12328 e -10334 -10282
12329 e -12329 -10
12330 e -10332 -10288
12331 e -12331 62
12332 e -10334 -10286
12333 e -12333 -1743
12334 e -10336 -10288
12335 e -12335 1792
12336 e -10338 -10288
12337 e -12337 5625
12338 a -12338 -12336 -12334 -12332 -12330 -12328
12339 a 12328 12330 12332 12334 12336 12338
12340 a -12340 -12339
12341 e -10645 -9016
12342 e -12342 -62
12343 e -10336 -10306
12344 e -12344 -10
12345 e -10330 -10312
12346 e -12346 3
12347 e -10336 -10310
12348 e -12348 -1743
12349 e -10334 -10312
12350 e -12350 1738
12351 e -10336 -10314
12352 e -12352 -4568
12353 e -10338 -10312
12354 e -12354 5625
12355 a -12355 -12353 -12351 -12349 -12347 -12345 -12343
12356 a 12343 12345 12347 12349 12351 12353 12355
12357 a -12357 -12356
12358 e -8387 7691
12359 e -12359 -11578
12360 e -12360 -1743
12361 e -10306 -10288
12362 e -12362 -1738
12363 e -10312 -10282
12364 e -12364 1792
12365 e -10306 -10284
12366 e -12366 -3
12367 e -10308 -10282
12368 e -12368 62
12369 e -10314 -10282
12370 e -12370 4568
12371 a -12371 -12369 -12367 -12365 -12363 -12361
12372 a 12361 12363 12365 12367 12369 12371
12373 a -12373 -12372
12374 e -8387 -7695
12375 e -12375 -11101
12376 e -12376 -1738
12377 e -10330 -10286
12378 e -12378 -1743
12379 e -10336 -10284
12380 e -12380 1792
12381 e -10330 -10282
12382 e -12382 -10
12383 e -10332 -10284
12384 e -12384 62
12385 e -10338 -10284
12386 e -12386 5625
12387 a -12387 -12385 -12383 -12381 -12379 -12377
12388 a 12377 12379 12381 12383 12385 12387
12389 a -12389 -12388
12390 e -8387 7714
12391 e -12391 -10645
12392 e -12392 -1792
12393 e -10332 -10310
12394 e -12394 -1743
12395 e -10334 -10308
12396 e -12396 1738
12397 e -10332 -10306
12398 e -12398 -10
12399 e -10330 -10308
12400 e -12400 3
12401 e -10332 -10314
12402 e -12402 -4568
12403 e -10338 -10308
12404 e -12404 5625
12405 a -12405 -12403 -12401 -12399 -12397 -12395 -12393
12406 a 12393 12395 12397 12399 12401 12403 12405
12407 a -12407 -12406
12408 e -7932 -7915
12409 e -12409 -7771
12410 e -12410 10
12411 e -7709 -7689
12412 e -7954 -7691
12413 e -12413 -12412
12414 e -12414 -1743
12415 e -10781 -10314
12416 e -12416 4568
12417 e -11247 -10284
12418 e -12418 -3
12419 e -10781 -10308
12420 e -12420 62
12421 e -11247 -10288
12422 e -12422 -1738
12423 e -10781 -10312
12424 e -12424 1792
12425 a -12425 -12423 -12421 -12419 -12417 -12415 -12411
12426 a 12411 12415 12417 12419 12421 12423 12425
12427 a -12427 -12426
12428 e -8387 -7915
12429 e -7714 7689
12430 e -12430 -12429
12431 e -12431 10
12432 e -10445 -10286
12433 e -12433 -1743
12434 e -10449 -10284
12435 e -12435 4568
12436 e -10447 -10284
12437 e -12437 62
12438 e -10445 -10288
12439 e -12439 -1738
12440 e -10451 -10284
12441 e -12441 5625
12442 a -12442 -12440 -12438 -12436 -12434 -12432
12443 a 12432 12434 12436 12438 12440 12442
12444 a -12444 -12443
12445 e -8387 7932
12446 e -7709 7695
12447 e -12447 -12446
12448 e -12448 10
12449 e -7954 7709
12450 e -12450 -12206
12451 e -12451 -4568
12452 e -10447 -10310
12453 e -12453 -1743
12454 e -10445 -10308
12455 e -12455 3
12456 e -10447 -10312
12457 e -12457 -1792
12458 e -10451 -10308
12459 e -12459 5625
12460 a -12460 -12458 -12456 -12454 -12452 -12449
12461 a 12449 12452 12454 12456 12458 12460
12462 a -12462 -12461
12463 e -7954 7915
12464 e -12464 -7772
12465 e -12465 3
12466 e -7732 7689
12467 e -7932 -7695
12468 e -12468 -12467
12469 e -12469 -1738
12470 e -10781 -10338
12471 e -12471 5625
12472 e -11735 -10282
12473 e -12473 -10
12474 e -10781 -10332
12475 e -12475 62
12476 e -11735 -10286
12477 e -12477 -1743
12478 e -10781 -10336
12479 e -12479 1792
12480 a -12480 -12478 -12476 -12474 -12472 -12470 -12466
12481 a 12466 12470 12472 12474 12476 12478 12480
12482 a -12482 -12481
12483 e -12429 -7774
12484 e -12484 3
12485 e -10443 -10288
12486 e -12486 -1738
12487 e -10451 -10282
12488 e -12488 5625
12489 e -10447 -10282
12490 e -12490 62
12491 e -10443 -10286
12492 e -12492 -1743
12493 e -10449 -10282
12494 e -12494 4568
12495 a -12495 -12493 -12491 -12489 -12487 -12485
12496 a 12485 12487 12489 12491 12493 12495
12497 a -12497 -12496
12498 e -8387 -7954
12499 e -7732 7691
12500 e -12500 -12499
12501 e -12501 3
12502 e -7932 7732
12503 e -12503 -10837
12504 e -12504 -5625
12505 e -10447 -10334
12506 e -12506 -1738
12507 e -10443 -10332
12508 e -12508 10
12509 e -10447 -10336
12510 e -12510 -1792
12511 e -10449 -10332
12512 e -12512 4568
12513 a -12513 -12511 -12509 -12507 -12505 -12502
12514 a 12502 12505 12507 12509 12511 12513
12515 a -12515 -12514
12516 e -7954 -7932
12517 e -12517 -7774
12518 e -12518 62
12519 e -7732 -7709
12520 e -7915 -7714
12521 e -12521 -12520
12522 e -12522 -1792
12523 e -11735 -10314
12524 e -12524 -4568
12525 e -11247 -10338
12526 e -12526 5625
12527 e -11735 -10306
12528 e -12528 -10
12529 e -11247 -10330
12530 e -12530 3
12531 e -11735 -10310
12532 e -12532 -1743
12533 e -11247 -10334
12534 e -12534 1738
12535 a -12535 -12533 -12531 -12529 -12527 -12525 -12523 -12519
12536 a 12519 12523 12525 12527 12529 12531 12533 12535
12537 a -12537 -12536
12538 e -12446 -7772
12539 e -12539 62
12540 e -7915 7709
12541 e -12541 -11809
12542 e -12542 -4568
12543 e -10443 -10312
12544 e -12544 -1792
12545 e -10451 -10306
12546 e -12546 5625
12547 e -10445 -10306
12548 e -12548 3
12549 e -10443 -10310
12550 e -12550 -1743
12551 a -12551 -12549 -12547 -12545 -12543 -12540
12552 a 12540 12543 12545 12547 12549 12551
12553 a -12553 -12552
12554 e -12499 -7771
12555 e -12555 62
12556 e -7915 -7732
12557 e -12557 -11310
12558 e -12558 -5625
12559 e -10445 -10336
12560 e -12560 -1792
12561 e -10449 -10330
12562 e -12562 4568
12563 e -10443 -10330
12564 e -12564 10
12565 e -10445 -10334
12566 e -12566 -1738
12567 a -12567 -12565 -12563 -12561 -12559 -12556
12568 a 12556 12559 12561 12563 12565 12567
12569 a -12569 -12568
12570 e -11842 -8401
12571 e -12571 -10
12572 e -10310 -10295
12573 e -12573 -41
12574 e -10308 -10297
12575 e -12575 62
12576 e -10310 -10299
12577 e -12577 -1771
12578 e -10312 -10297
12579 e -12579 1792
12580 e -10310 -10301
12581 e -12581 -4547
12582 e -10314 -10297
12583 e -12583 4568
12584 a -12584 -12582 -12580 -12578 -12576 -12574 -12572
12585 a 12572 12574 12576 12578 12580 12582 12584
12586 a -12586 -12585
12587 e -11101 -8811
12588 e -12588 -41
12589 e -10347 -10293
12590 e -12590 -10
12591 e -10345 -10299
12592 e -12592 62
12593 e -10347 -10297
12594 e -12594 -1743
12595 e -10349 -10299
12596 e -12596 1792
12597 e -10347 -10301
12598 e -12598 -4547
12599 a -12599 -12597 -12595 -12593 -12591 -12589
12600 a 12589 12591 12593 12595 12597 12599
12601 a -12601 -12600
12602 e -10861 -9022
12603 e -12603 -62
12604 e -10349 -10306
12605 e -12605 -10
12606 e -10343 -10312
12607 e -12607 41
12608 e -10349 -10310
12609 e -12609 -1743
12610 e -10347 -10312
12611 e -12611 1771
12612 e -10349 -10314
12613 e -12613 -4568
12614 a -12614 -12612 -12610 -12608 -12606 -12604
12615 a 12604 12606 12608 12610 12612 12614
12616 a -12616 -12615
12617 e -8400 7691
12618 e -12618 -11842
12619 e -12619 -1743
12620 e -10306 -10299
12621 e -12621 -1771
12622 e -10312 -10293
12623 e -12623 1792
12624 e -10306 -10295
12625 e -12625 -41
12626 e -10308 -10293
12627 e -12627 62
12628 e -10306 -10301
12629 e -12629 -4547
12630 e -10314 -10293
12631 e -12631 4568
12632 a -12632 -12630 -12628 -12626 -12624 -12622 -12620
12633 a 12620 12622 12624 12626 12628 12630 12632
12634 a -12634 -12633
12635 e -8400 -7705
12636 e -12636 -11101
12637 e -12637 -1771
12638 e -10343 -10297
12639 e -12639 -1743
12640 e -10349 -10295
12641 e -12641 1792
12642 e -10343 -10293
12643 e -12643 -10
12644 e -10345 -10295
12645 e -12645 62
12646 e -10343 -10301
12647 e -12647 -4547
12648 a -12648 -12646 -12644 -12642 -12640 -12638
12649 a 12638 12640 12642 12644 12646 12648
12650 a -12650 -12649
12651 e -8400 7714
12652 e -12652 -10861
12653 e -12653 -1792
12654 e -10345 -10310
12655 e -12655 -1743
12656 e -10347 -10308
12657 e -12657 1771
12658 e -10345 -10306
12659 e -12659 -10
12660 e -10343 -10308
12661 e -12661 41
12662 e -10345 -10314
12663 e -12663 -4568
12664 a -12664 -12662 -12660 -12658 -12656 -12654
12665 a 12654 12656 12658 12660 12662 12664
12666 a -12666 -12665
12667 e -7932 -7924
12668 e -12668 -7783
12669 e -12669 10
12670 e -7709 -7700
12671 e -7968 -7691
12672 e -12672 -12671
12673 e -12673 -1743
12674 e -11247 -10301
12675 e -12675 -4547
12676 e -11007 -10314
12677 e -12677 4568
12678 e -11247 -10295
12679 e -12679 -41
12680 e -11007 -10308
12681 e -12681 62
12682 e -11247 -10299
12683 e -12683 -1771
12684 e -11007 -10312
12685 e -12685 1792
12686 a -12686 -12684 -12682 -12680 -12678 -12676 -12674 -12670
12687 a 12670 12674 12676 12678 12680 12682 12684 12686
12688 a -12688 -12687
12689 e -8400 -7924
12690 e -7714 7700
12691 e -12691 -12690
12692 e -12692 10
12693 e -7709 7691
12694 e -7968 -7700
12695 e -12695 -12694
12696 e -12696 -4547
12697 e -10458 -10297
12698 e -12698 -1743
12699 e -10464 -10295
12700 e -12700 4568
12701 e -10460 -10295
12702 e -12702 62
12703 e -10458 -10299
12704 e -12704 -1771
12705 a -12705 -12703 -12701 -12699 -12697 -12693
12706 a 12693 12697 12699 12701 12703 12705
12707 a -12707 -12706
12708 e -8400 7932
12709 e -7709 7705
12710 e -12710 -12709
12711 e -12711 10
12712 e -7700 7691
12713 e -7968 7709
12714 e -12714 -12713
12715 e -12715 -4568
12716 e -10460 -10310
12717 e -12717 -1743
12718 e -10462 -10308
12719 e -12719 4547
12720 e -10458 -10308
12721 e -12721 41
12722 e -10460 -10312
12723 e -12723 -1792
12724 a -12724 -12722 -12720 -12718 -12716 -12712
12725 a 12712 12716 12718 12720 12722 12724
12726 a -12726 -12725
12727 e -7968 7924
12728 e -12728 -7784
12729 e -12729 41
12730 e -7745 7700
12731 e -7932 -7705
12732 e -12732 -12731
12733 e -12733 -1771
12734 e -11986 -10301
12735 e -12735 -4547
12736 e -11986 -10293
12737 e -12737 -10
12738 e -11007 -10345
12739 e -12739 62
12740 e -11986 -10297
12741 e -12741 -1743
12742 e -11007 -10349
12743 e -12743 1792
12744 a -12744 -12742 -12740 -12738 -12736 -12734 -12730
12745 a 12730 12734 12736 12738 12740 12742 12744
12746 a -12746 -12745
12747 e -12690 -7786
12748 e -12748 41
12749 e -7932 7700
12750 e -12750 -12000
12751 e -12751 -4547
12752 e -10456 -10299
12753 e -12753 -1771
12754 e -10460 -10293
12755 e -12755 62
12756 e -10456 -10297
12757 e -12757 -1743
12758 e -10464 -10293
12759 e -12759 4568
12760 a -12760 -12758 -12756 -12754 -12752 -12749
12761 a 12749 12752 12754 12756 12758 12760
12762 a -12762 -12761
12763 e -8400 -7968
12764 e -7745 7691
12765 e -12765 -12764
12766 e -12766 41
12767 e -10460 -10347
12768 e -12768 -1771
12769 e -10462 -10345
12770 e -12770 4547
12771 e -10456 -10345
12772 e -12772 10
12773 e -10460 -10349
12774 e -12774 -1792
12775 e -10464 -10345
12776 e -12776 4568
12777 a -12777 -12775 -12773 -12771 -12769 -12767
12778 a 12767 12769 12771 12773 12775 12777
12779 a -12779 -12778
12780 e -7968 -7932
12781 e -12781 -7786
12782 e -12782 62
12783 e -7745 -7709
12784 e -7924 -7714
12785 e -12785 -12784
12786 e -12786 -1792
12787 e -11986 -10314
12788 e -12788 -4568
12789 e -11986 -10306
12790 e -12790 -10
12791 e -11247 -10343
12792 e -12792 41
12793 e -11986 -10310
12794 e -12794 -1743
12795 e -11247 -10347
12796 e -12796 1771
12797 a -12797 -12795 -12793 -12791 -12789 -12787 -12783
12798 a 12783 12787 12789 12791 12793 12795 12797
12799 a -12799 -12798
12800 e -12709 -7784
12801 e -12801 62
12802 e -7924 7709
12803 e -12803 -12050
12804 e -12804 -4568
12805 e -10456 -10312
12806 e -12806 -1792
12807 e -10458 -10306
12808 e -12808 41
12809 e -10456 -10310
12810 e -12810 -1743
12811 e -10462 -10306
12812 e -12812 4547
12813 a -12813 -12811 -12809 -12807 -12805 -12802
12814 a 12802 12805 12807 12809 12811 12813
12815 a -12815 -12814
12816 e -12764 -7783
12817 e -12817 62
12818 e -10458 -10349
12819 e -12819 -1792
12820 e -10464 -10343
12821 e -12821 4568
12822 e -10456 -10343
12823 e -12823 10
12824 e -10458 -10347
12825 e -12825 -1771
12826 e -10462 -10343
12827 e -12827 4547
12828 a -12828 -12826 -12824 -12822 -12820 -12818
12829 a 12818 12820 12822 12824 12826 12828
12830 a -12830 -12829
12831 e -11842 -8613
12832 e -12832 -3
12833 e -10334 -10321
12834 e -12834 -41
12835 e -10332 -10323
12836 e -12836 62
12837 e -10334 -10325
12838 e -12838 -1771
12839 e -10336 -10323
12840 e -12840 1792
12841 e -10338 -10323
12842 e -12842 5625
12843 a -12843 -12841 -12839 -12837 -12835 -12833
12844 a 12833 12835 12837 12839 12841 12843
12845 a -12845 -12844
12846 e -11578 -8823
12847 e -12847 -41
12848 e -10347 -10319
12849 e -12849 -3
12850 e -10345 -10325
12851 e -12851 62
12852 e -10347 -10323
12853 e -12853 -1738
12854 e -10349 -10325
12855 e -12855 1792
12856 a -12856 -12854 -12852 -12850 -12848
12857 a 12848 12850 12852 12854 12856
12858 a -12858 -12857
12859 e -11340 -9034
12860 e -12860 -62
12861 e -10349 -10330
12862 e -12862 -3
12863 e -10343 -10336
12864 e -12864 41
12865 e -10349 -10334
12866 e -12866 -1738
12867 e -10347 -10336
12868 e -12868 1771
12869 e -10349 -10338
12870 e -12870 -5625
12871 a -12871 -12869 -12867 -12865 -12863 -12861
12872 a 12861 12863 12865 12867 12869 12871
12873 a -12873 -12872
12874 e -8612 7695
12875 e -12875 -11842
12876 e -12876 -1738
12877 e -10330 -10325
12878 e -12878 -1771
12879 e -10336 -10319
12880 e -12880 1792
12881 e -10330 -10321
12882 e -12882 -41
12883 e -10332 -10319
12884 e -12884 62
12885 e -10338 -10319
12886 e -12886 5625
12887 a -12887 -12885 -12883 -12881 -12879 -12877
12888 a 12877 12879 12881 12883 12885 12887
12889 a -12889 -12888
12890 e -8612 -7705
12891 e -12891 -11578
12892 e -12892 -1771
12893 e -10343 -10323
12894 e -12894 -1738
12895 e -10349 -10321
12896 e -12896 1792
12897 e -10343 -10319
12898 e -12898 -3
12899 e -10345 -10321
12900 e -12900 62
12901 a -12901 -12899 -12897 -12895 -12893
12902 a 12893 12895 12897 12899 12901
12903 a -12903 -12902
12904 e -8612 7714
12905 e -12905 -11340
12906 e -12906 -1792
12907 e -10345 -10334
12908 e -12908 -1738
12909 e -10347 -10332
12910 e -12910 1771
12911 e -10345 -10330
12912 e -12912 -3
12913 e -10343 -10332
12914 e -12914 41
12915 e -10345 -10338
12916 e -12916 -5625
12917 a -12917 -12915 -12913 -12911 -12909 -12907
12918 a 12907 12909 12911 12913 12915 12917
12919 a -12919 -12918
12920 e -7954 -7947
12921 e -12921 -7801
12922 e -12922 3
12923 e -7732 -7725
12924 e -7968 -7695
12925 e -12925 -12924
12926 e -12926 -1738
12927 e -11486 -10338
12928 e -12928 5625
12929 e -11735 -10321
12930 e -12930 -41
12931 e -11486 -10332
12932 e -12932 62
12933 e -11735 -10325
12934 e -12934 -1771
12935 e -11486 -10336
12936 e -12936 1792
12937 a -12937 -12935 -12933 -12931 -12929 -12927 -12923
12938 a 12923 12927 12929 12931 12933 12935 12937
12939 a -12939 -12938
12940 e -8612 -7947
12941 e -7725 7714
12942 e -12942 -12941
12943 e -12943 3
12944 e -10471 -10323
12945 e -12945 -1738
12946 e -10475 -10321
12947 e -12947 5625
12948 e -10473 -10321
12949 e -12949 62
12950 e -10471 -10325
12951 e -12951 -1771
12952 a -12952 -12950 -12948 -12946 -12944
12953 a 12944 12946 12948 12950 12952
12954 a -12954 -12953
12955 e -8612 7954
12956 e -7732 7705
12957 e -12957 -12956
12958 e -12958 3
12959 e -7968 7732
12960 e -12960 -11500
12961 e -12961 -5625
12962 e -10473 -10334
12963 e -12963 -1738
12964 e -10471 -10332
12965 e -12965 41
12966 e -10473 -10336
12967 e -12967 -1792
12968 a -12968 -12966 -12964 -12962 -12959
12969 a 12959 12962 12964 12966 12968
12970 a -12970 -12969
12971 e -7968 7947
12972 e -12972 -7802
12973 e -12973 41
12974 e -7745 7725
12975 e -7954 -7705
12976 e -12976 -12975
12977 e -12977 -1771
12978 e -11986 -10319
12979 e -12979 -3
12980 e -11486 -10345
12981 e -12981 62
12982 e -11986 -10323
12983 e -12983 -1738
12984 e -11486 -10349
12985 e -12985 1792
12986 a -12986 -12984 -12982 -12980 -12978 -12974
12987 a 12974 12978 12980 12982 12984 12986
12988 a -12988 -12987
12989 e -12941 -7804
12990 e -12990 41
12991 e -10469 -10325
12992 e -12992 -1771
12993 e -10473 -10319
12994 e -12994 62
12995 e -10469 -10323
12996 e -12996 -1738
12997 e -10475 -10319
12998 e -12998 5625
12999 a -12999 -12997 -12995 -12993 -12991
13000 a 12991 12993 12995 12997 12999
13001 a -13001 -13000
13002 e -8612 -7968
13003 e -7745 7695
13004 e -13004 -13003
13005 e -13005 41
13006 e -10473 -10347
13007 e -13007 -1771
13008 e -10469 -10345
13009 e -13009 3
13010 e -10473 -10349
13011 e -13011 -1792
13012 e -10475 -10345
13013 e -13013 5625
13014 a -13014 -13012 -13010 -13008 -13006
13015 a 13006 13008 13010 13012 13014
13016 a -13016 -13015
13017 e -7968 -7954
13018 e -13018 -7804
13019 e -13019 62
13020 e -7745 -7732
13021 e -7947 -7714
13022 e -13022 -13021
13023 e -13023 -1792
13024 e -11986 -10338
13025 e -13025 -5625
13026 e -11986 -10330
13027 e -13027 -3
13028 e -11735 -10343
13029 e -13029 41
13030 e -11986 -10334
13031 e -13031 -1738
13032 e -11735 -10347
13033 e -13033 1771
13034 a -13034 -13032 -13030 -13028 -13026 -13024 -13020
13035 a 13020 13024 13026 13028 13030 13032 13034
13036 a -13036 -13035
13037 e -12956 -7802
13038 e -13038 62
13039 e -7947 7732
13040 e -13040 -12050
13041 e -13041 -5625
13042 e -10469 -10336
13043 e -13043 -1792
13044 e -10471 -10330
13045 e -13045 41
13046 e -10469 -10334
13047 e -13047 -1738
13048 a -13048 -13046 -13044 -13042 -13039
13049 a 13039 13042 13044 13046 13048
13050 a -13050 -13049
13051 e -13003 -7801
13052 e -13052 62
13053 e -10471 -10349
13054 e -13054 -1792
13055 e -10475 -10343
13056 e -13056 5625
13057 e -10469 -10343
13058 e -13058 3
13059 e -10471 -10347
13060 e -13060 -1771
13061 a -13061 -13059 -13057 -13055 -13053
13062 a 13053 13055 13057 13059 13061
13063 a -13063 -13062
13064 e -8165 -7696
13065 e -13065 -12170
13066 e -13066 2
13067 e -7702 -7692
13068 e -13068 -8420
13069 e -13069 -10
13070 e -7702 7700
13071 e -13071 -10358
13072 e -13072 -3
13073 e -7692 7689
13074 e -13074 -10369
13075 e -13075 41
13076 e -13071 -10360
13077 e -13077 -3243
13078 e -13074 -10371
13079 e -13079 3271
13080 e -13074 -10373
13081 e -13081 4547
13082 a -13082 -13080 -13078 -13076 -13073 -13070 -13067
13083 a 13067 13070 13073 13076 13078 13080 13082
13084 a -13084 -13083
13085 e -8145 -7692
13086 e -13086 -12222
13087 e -13087 2
13088 e -7702 -7696
13089 e -13089 -8631
13090 e -13090 -3
13091 e -10397 -10356
13092 e -13092 -10
13093 e -10395 -10360
13094 e -13094 41
13095 e -10399 -10360
13096 e -13096 3271
13097 a -13097 -13095 -13093 -13091 -13088
13098 a 13088 13091 13093 13095 13097
13099 a -13099 -13098
13100 e -8138 -7702
13101 e -13101 -12268
13102 e -13102 2
13103 e -7696 -7692
13104 e -13104 -8842
13105 e -13105 -41
13106 e -10399 -10367
13107 e -13107 -10
13108 e -10393 -10371
13109 e -13109 3
13110 e -10397 -10371
13111 e -13111 3243
13112 e -10399 -10373
13113 e -13113 -4547
13114 a -13114 -13112 -13110 -13108 -13106 -13103
13115 a 13103 13106 13108 13110 13112 13114
13116 a -13116 -13115
13117 e -8145 -8138
13118 e -7725 7696
13119 e -13119 -13118
13120 e -13120 2
13121 e -10367 -10360
13122 e -13122 -3243
13123 e -10371 -10356
13124 e -13124 3271
13125 e -10367 -10358
13126 e -13126 -3
13127 e -10369 -10356
13128 e -13128 41
13129 e -10373 -10356
13130 e -13130 4547
13131 a -13131 -13129 -13127 -13125 -13123 -13121
13132 a 13121 13123 13125 13127 13129 13131
13133 a -13133 -13132
13134 e -8165 8138
13135 e -7700 7692
13136 e -13136 -13135
13137 e -13137 2
13138 e -8380 -7692
13139 e -13139 -13089
13140 e -13140 -3243
13141 e -10399 -10358
13142 e -13142 3271
13143 e -10393 -10356
13144 e -13144 -10
13145 e -10395 -10358
13146 e -13146 41
13147 a -13147 -13145 -13143 -13141 -13138
13148 a 13138 13141 13143 13145 13147
13149 a -13149 -13148
13150 e -8165 -8145
13151 e -7702 7689
13152 e -13152 -13151
13153 e -13153 2
13154 e -8380 7702
13155 e -13155 -13104
13156 e -13156 -3271
13157 e -10397 -10369
13158 e -13158 3243
13159 e -10395 -10367
13160 e -13160 -10
13161 e -10393 -10369
13162 e -13162 3
13163 e -10395 -10373
13164 e -13164 -4547
13165 a -13165 -13163 -13161 -13159 -13157 -13154
13166 a 13154 13157 13159 13161 13163 13165
13167 a -13167 -13166
13168 e -13118 -7825
13169 e -13169 10
13170 e -10373 -10354
13171 e -13171 4547
13172 e -10365 -10358
13173 e -13173 -3
13174 e -10369 -10354
13175 e -13175 41
13176 e -10365 -10360
13177 e -13177 -3243
13178 e -10371 -10354
13179 e -13179 3271
13180 a -13180 -13178 -13176 -13174 -13172 -13170
13181 a 13170 13172 13174 13176 13178 13180
13182 a -13182 -13181
13183 e -8380 -8138
13184 e -13184 -13152
13185 e -13185 10
13186 e -10438 -10358
13187 e -13187 4547
13188 e -10434 -10354
13189 e -13189 -2
13190 e -10436 -10358
13191 e -13191 41
13192 e -10434 -10360
13193 e -13193 -3243
13194 a -13194 -13192 -13190 -13188 -13186
13195 a 13186 13188 13190 13192 13194
13196 a -13196 -13195
13197 e -8380 8145
13198 e -13198 -13136
13199 e -13199 10
13200 e -8165 7700
13201 e -13201 -10777
13202 e -13202 -4547
13203 e -10436 -10365
13204 e -13204 -2
13205 e -10434 -10369
13206 e -13206 3
13207 e -10436 -10371
13208 e -13208 -3271
13209 a -13209 -13207 -13205 -13203 -13200
13210 a 13200 13203 13205 13207 13209
13211 a -13211 -13210
13212 e -13135 -7826
13213 e -13213 3
13214 e -13087 -3243
13215 e -10391 -10356
13216 e -13216 -10
13217 e -10395 -10354
13218 e -13218 41
13219 e -10399 -10354
13220 e -13220 3271
13221 a -13221 -13219 -13217 -13215 -13214
13222 a 13214 13215 13217 13219 13221
13223 a -13223 -13222
13224 e -13184 -7828
13225 e -13225 3
13226 e -10432 -10360
13227 e -13227 -3243
13228 e -10432 -10354
13229 e -13229 -2
13230 e -10436 -10356
13231 e -13231 41
13232 e -10438 -10356
13233 e -13233 4547
13234 a -13234 -13232 -13230 -13228 -13226
13235 a 13226 13228 13230 13232 13234
13236 a -13236 -13235
13237 e -8380 -8165
13238 e -13238 -13119
13239 e -13239 3
13240 e -10436 -10397
13241 e -13241 -3243
13242 e -10436 -10391
13243 e -13243 -2
13244 e -10432 -10395
13245 e -13245 10
13246 e -10436 -10399
13247 e -13247 -3271
13248 e -10438 -10395
13249 e -13249 4547
13250 a -13250 -13248 -13246 -13244 -13242 -13240
13251 a 13240 13242 13244 13246 13248 13250
13252 a -13252 -13251
13253 e -13151 -7828
13254 e -13254 41
13255 e -13102 -3271
13256 e -10391 -10373
13257 e -13257 -4547
13258 e -10391 -10367
13259 e -13259 -10
13260 e -10393 -10365
13261 e -13261 3
13262 e -10397 -10365
13263 e -13263 3243
13264 a -13264 -13262 -13260 -13258 -13256 -13255
13265 a 13255 13256 13258 13260 13262 13264
13266 a -13266 -13265
13267 e -13198 -7826
13268 e -13268 41
13269 e -8138 7700
13270 e -13270 -11533
13271 e -13271 -4547
13272 e -10432 -10371
13273 e -13273 -3271
13274 e -10432 -10365
13275 e -13275 -2
13276 e -10434 -10367
13277 e -13277 3
13278 a -13278 -13276 -13274 -13272 -13269
13279 a 13269 13272 13274 13276 13278
13280 a -13280 -13279
13281 e -13238 -7825
13282 e -13282 41
13283 e -10434 -10399
13284 e -13284 -3271
13285 e -10438 -10393
13286 e -13286 4547
13287 e -10434 -10391
13288 e -13288 -2
13289 e -10432 -10393
13290 e -13290 10
13291 e -10434 -10397
13292 e -13292 -3243
13293 a -13293 -13291 -13289 -13287 -13285 -13283
13294 a 13283 13285 13287 13289 13291 13293
13295 a -13295 -13294
13296 e -8172 -7696
13297 e -13297 -12412
13298 e -13298 2
13299 e -7711 -7692
13300 e -13300 -8426
13301 e -13301 -10
13302 e -7711 7709
13303 e -13303 -10358
13304 e -13304 -3
13305 e -13074 -10382
13306 e -13306 62
13307 e -13303 -10360
13308 e -13308 -3243
13309 e -13074 -10384
13310 e -13310 3292
13311 e -13074 -10386
13312 e -13312 4568
13313 a -13313 -13311 -13309 -13307 -13305 -13302 -13299
13314 a 13299 13302 13305 13307 13309 13311 13313
13315 a -13315 -13314
13316 e -8152 -7692
13317 e -13317 -12467
13318 e -13318 2
13319 e -7711 -7696
13320 e -13320 -8637
13321 e -13321 -3
13322 e -10410 -10356
13323 e -13323 -10
13324 e -10408 -10360
13325 e -13325 62
13326 e -10412 -10360
13327 e -13327 3292
13328 e -10414 -10360
13329 e -13329 5625
13330 a -13330 -13328 -13326 -13324 -13322 -13319
13331 a 13319 13322 13324 13326 13328 13330
13332 a -13332 -13331
13333 e -8138 -7711
13334 e -13334 -12520
13335 e -13335 2
13336 e -13104 -9052
13337 e -13337 -62
13338 e -10412 -10380
13339 e -13339 -10
13340 e -10406 -10384
13341 e -13341 3
13342 e -10410 -10384
13343 e -13343 3243
13344 e -10412 -10386
13345 e -13345 -4568
13346 e -10414 -10384
13347 e -13347 5625
13348 a -13348 -13346 -13344 -13342 -13340 -13338 -13336
13349 a 13336 13338 13340 13342 13344 13346 13348
13350 a -13350 -13349
13351 e -8152 -8138
13352 e -7732 7696
13353 e -13353 -13352
13354 e -13354 2
13355 e -10380 -10360
13356 e -13356 -3243
13357 e -10384 -10356
13358 e -13358 3292
13359 e -10380 -10358
13360 e -13360 -3
13361 e -10382 -10356
13362 e -13362 62
13363 e -10386 -10356
13364 e -13364 4568
13365 a -13365 -13363 -13361 -13359 -13357 -13355
13366 a 13355 13357 13359 13361 13363 13365
13367 a -13367 -13366
13368 e -8172 8138
13369 e -7709 7692
13370 e -13370 -13369
13371 e -13371 2
13372 e -8387 -7692
13373 e -13373 -13320
13374 e -13374 -3243
13375 e -10412 -10358
13376 e -13376 3292
13377 e -10406 -10356
13378 e -13378 -10
13379 e -10408 -10358
13380 e -13380 62
13381 e -10414 -10358
13382 e -13382 5625
13383 a -13383 -13381 -13379 -13377 -13375 -13372
13384 a 13372 13375 13377 13379 13381 13383
13385 a -13385 -13384
13386 e -8172 -8152
13387 e -7711 7689
13388 e -13388 -13387
13389 e -13389 2
13390 e -8387 7711
13391 e -13391 -13104
13392 e -13392 -3292
13393 e -10410 -10382
13394 e -13394 3243
13395 e -10408 -10380
13396 e -13396 -10
13397 e -10406 -10382
13398 e -13398 3
13399 e -10408 -10386
13400 e -13400 -4568
13401 e -10414 -10382
13402 e -13402 5625
13403 a -13403 -13401 -13399 -13397 -13395 -13393 -13390
13404 a 13390 13393 13395 13397 13399 13401 13403
13405 a -13405 -13404
13406 e -13352 -7831
13407 e -13407 10
13408 e -10386 -10354
13409 e -13409 4568
13410 e -10378 -10358
13411 e -13411 -3
13412 e -10382 -10354
13413 e -13413 62
13414 e -10378 -10360
13415 e -13415 -3243
13416 e -10384 -10354
13417 e -13417 3292
13418 a -13418 -13416 -13414 -13412 -13410 -13408
13419 a 13408 13410 13412 13414 13416 13418
13420 a -13420 -13419
13421 e -8387 -8138
13422 e -13422 -13388
13423 e -13423 10
13424 e -10449 -10358
13425 e -13425 4568
13426 e -10445 -10354
13427 e -13427 -2
13428 e -10447 -10358
13429 e -13429 62
13430 e -10445 -10360
13431 e -13431 -3243
13432 e -10451 -10358
13433 e -13433 5625
13434 a -13434 -13432 -13430 -13428 -13426 -13424
13435 a 13424 13426 13428 13430 13432 13434
13436 a -13436 -13435
13437 e -8387 8152
13438 e -13438 -13370
13439 e -13439 10
13440 e -8172 7709
13441 e -13441 -10777
13442 e -13442 -4568
13443 e -10447 -10378
13444 e -13444 -2
13445 e -10445 -10382
13446 e -13446 3
13447 e -10447 -10384
13448 e -13448 -3292
13449 e -10451 -10382
13450 e -13450 5625
13451 a -13451 -13449 -13447 -13445 -13443 -13440
13452 a 13440 13443 13445 13447 13449 13451
13453 a -13453 -13452
13454 e -13369 -7832
13455 e -13455 3
13456 e -13318 -3243
13457 e -10414 -10354
13458 e -13458 5625
13459 e -10404 -10356
13460 e -13460 -10
13461 e -10408 -10354
13462 e -13462 62
13463 e -10412 -10354
13464 e -13464 3292
13465 a -13465 -13463 -13461 -13459 -13457 -13456
13466 a 13456 13457 13459 13461 13463 13465
13467 a -13467 -13466
13468 e -13422 -7834
13469 e -13469 3
13470 e -10443 -10360
13471 e -13471 -3243
13472 e -10451 -10356
13473 e -13473 5625
13474 e -10443 -10354
13475 e -13475 -2
13476 e -10447 -10356
13477 e -13477 62
13478 e -10449 -10356
13479 e -13479 4568
13480 a -13480 -13478 -13476 -13474 -13472 -13470
13481 a 13470 13472 13474 13476 13478 13480
13482 a -13482 -13481
13483 e -8387 -8172
13484 e -13484 -13353
13485 e -13485 3
13486 e -8152 7732
13487 e -13487 -10820
13488 e -13488 -5625
13489 e -10447 -10410
13490 e -13490 -3243
13491 e -10447 -10404
13492 e -13492 -2
13493 e -10443 -10408
13494 e -13494 10
13495 e -10447 -10412
13496 e -13496 -3292
13497 e -10449 -10408
13498 e -13498 4568
13499 a -13499 -13497 -13495 -13493 -13491 -13489 -13486
13500 a 13486 13489 13491 13493 13495 13497 13499
13501 a -13501 -13500
13502 e -13387 -7834
13503 e -13503 62
13504 e -13335 -3292
13505 e -10404 -10386
13506 e -13506 -4568
13507 e -10414 -10378
13508 e -13508 5625
13509 e -10404 -10380
13510 e -13510 -10
13511 e -10406 -10378
13512 e -13512 3
13513 e -10410 -10378
13514 e -13514 3243
13515 a -13515 -13513 -13511 -13509 -13507 -13505 -13504
13516 a 13504 13505 13507 13509 13511 13513 13515
13517 a -13517 -13516
13518 e -13438 -7832
13519 e -13519 62
13520 e -8138 7709
13521 e -13521 -11790
13522 e -13522 -4568
13523 e -10443 -10384
13524 e -13524 -3292
13525 e -10451 -10380
13526 e -13526 5625
13527 e -10443 -10378
13528 e -13528 -2
13529 e -10445 -10380
13530 e -13530 3
13531 a -13531 -13529 -13527 -13525 -13523 -13520
13532 a 13520 13523 13525 13527 13529 13531
13533 a -13533 -13532
13534 e -13484 -7831
13535 e -13535 62
13536 e -8138 -7732
13537 e -13537 -11291
13538 e -13538 -5625
13539 e -10445 -10412
13540 e -13540 -3292
13541 e -10449 -10406
13542 e -13542 4568
13543 e -10445 -10404
13544 e -13544 -2
13545 e -10443 -10406
13546 e -13546 10
13547 e -10445 -10410
13548 e -13548 -3243
13549 a -13549 -13547 -13545 -13543 -13541 -13539 -13536
13550 a 13536 13539 13541 13543 13545 13547 13549
13551 a -13551 -13550
13552 e -8186 -7696
13553 e -13553 -12671
13554 e -13554 2
13555 e -7711 -7702
13556 e -13556 -8438
13557 e -13557 -10
13558 e -13303 -10369
13559 e -13559 -41
13560 e -13071 -10382
13561 e -13561 62
13562 e -13303 -10371
13563 e -13563 -3271
13564 e -13071 -10384
13565 e -13565 3292
13566 e -13303 -10373
13567 e -13567 -4547
13568 e -13071 -10386
13569 e -13569 4568
13570 a -13570 -13568 -13566 -13564 -13562 -13560 -13558 -13555
13571 a 13555 13558 13560 13562 13564 13566 13568 13570
13572 a -13572 -13571
13573 e -8152 -7702
13574 e -13574 -12731
13575 e -13575 2
13576 e -13320 -8848
13577 e -13577 -41
13578 e -10425 -10367
13579 e -13579 -10
13580 e -10423 -10371
13581 e -13581 62
13582 e -10427 -10371
13583 e -13583 3292
13584 e -10425 -10373
13585 e -13585 -4547
13586 a -13586 -13584 -13582 -13580 -13578 -13576
13587 a 13576 13578 13580 13582 13584 13586
13588 a -13588 -13587
13589 e -8145 -7711
13590 e -13590 -12784
13591 e -13591 2
13592 e -13089 -9058
13593 e -13593 -62
13594 e -10427 -10380
13595 e -13595 -10
13596 e -10421 -10384
13597 e -13597 41
13598 e -10425 -10384
13599 e -13599 3271
13600 e -10427 -10386
13601 e -13601 -4568
13602 a -13602 -13600 -13598 -13596 -13594 -13592
13603 a 13592 13594 13596 13598 13600 13602
13604 a -13604 -13603
13605 e -8152 -8145
13606 e -7745 7696
13607 e -13607 -13606
13608 e -13608 2
13609 e -10380 -10371
13610 e -13610 -3271
13611 e -10384 -10367
13612 e -13612 3292
13613 e -10380 -10369
13614 e -13614 -41
13615 e -10382 -10367
13616 e -13616 62
13617 e -10380 -10373
13618 e -13618 -4547
13619 e -10386 -10367
13620 e -13620 4568
13621 a -13621 -13619 -13617 -13615 -13613 -13611 -13609
13622 a 13609 13611 13613 13615 13617 13619 13621
13623 a -13623 -13622
13624 e -8186 8145
13625 e -7709 7702
13626 e -13626 -13625
13627 e -13627 2
13628 e -8400 -7702
13629 e -13629 -13320
13630 e -13630 -3271
13631 e -10427 -10369
13632 e -13632 3292
13633 e -10421 -10367
13634 e -13634 -10
13635 e -10423 -10369
13636 e -13636 62
13637 e -10421 -10373
13638 e -13638 -4547
13639 a -13639 -13637 -13635 -13633 -13631 -13628
13640 a 13628 13631 13633 13635 13637 13639
13641 a -13641 -13640
13642 e -8186 -8152
13643 e -7711 7700
13644 e -13644 -13643
13645 e -13645 2
13646 e -8400 7711
13647 e -13647 -13089
13648 e -13648 -3292
13649 e -10425 -10382
13650 e -13650 3271
13651 e -10423 -10380
13652 e -13652 -10
13653 e -10421 -10382
13654 e -13654 41
13655 e -10423 -10386
13656 e -13656 -4568
13657 a -13657 -13655 -13653 -13651 -13649 -13646
13658 a 13646 13649 13651 13653 13655 13657
13659 a -13659 -13658
13660 e -13606 -7843
13661 e -13661 10
13662 e -10378 -10373
13663 e -13663 -4547
13664 e -10386 -10365
13665 e -13665 4568
13666 e -10378 -10369
13667 e -13667 -41
13668 e -10382 -10365
13669 e -13669 62
13670 e -10378 -10371
13671 e -13671 -3271
13672 e -10384 -10365
13673 e -13673 3292
13674 a -13674 -13672 -13670 -13668 -13666 -13664 -13662
13675 a 13662 13664 13666 13668 13670 13672 13674
13676 a -13676 -13675
13677 e -8400 -8145
13678 e -13678 -13644
13679 e -13679 10
13680 e -8186 -7700
13681 e -13681 -11241
13682 e -13682 -4547
13683 e -10464 -10369
13684 e -13684 4568
13685 e -10458 -10365
13686 e -13686 -2
13687 e -10460 -10369
13688 e -13688 62
13689 e -10458 -10371
13690 e -13690 -3271
13691 a -13691 -13689 -13687 -13685 -13683 -13680
13692 a 13680 13683 13685 13687 13689 13691
13693 a -13693 -13692
13694 e -8400 8152
13695 e -13695 -13626
13696 e -13696 10
13697 e -8186 7709
13698 e -13698 -11001
13699 e -13699 -4568
13700 e -10462 -10382
13701 e -13701 4547
13702 e -10460 -10378
13703 e -13703 -2
13704 e -10458 -10382
13705 e -13705 41
13706 e -10460 -10384
13707 e -13707 -3292
13708 a -13708 -13706 -13704 -13702 -13700 -13697
13709 a 13697 13700 13702 13704 13706 13708
13710 a -13710 -13709
13711 e -13625 -7844
13712 e -13712 41
13713 e -13575 -3271
13714 e -10419 -10373
13715 e -13715 -4547
13716 e -10419 -10367
13717 e -13717 -10
13718 e -10423 -10365
13719 e -13719 62
13720 e -10427 -10365
13721 e -13721 3292
13722 a -13722 -13720 -13718 -13716 -13714 -13713
13723 a 13713 13714 13716 13718 13720 13722
13724 a -13724 -13723
13725 e -13678 -7846
13726 e -13726 41
13727 e -8152 7700
13728 e -13728 -11982
13729 e -13729 -4547
13730 e -10456 -10371
13731 e -13731 -3271
13732 e -10456 -10365
13733 e -13733 -2
13734 e -10460 -10367
13735 e -13735 62
13736 e -10464 -10367
13737 e -13737 4568
13738 a -13738 -13736 -13734 -13732 -13730 -13727
13739 a 13727 13730 13732 13734 13736 13738
13740 a -13740 -13739
13741 e -8400 -8186
13742 e -13742 -13607
13743 e -13743 41
13744 e -10460 -10425
13745 e -13745 -3271
13746 e -10462 -10423
13747 e -13747 4547
13748 e -10460 -10419
13749 e -13749 -2
13750 e -10456 -10423
13751 e -13751 10
13752 e -10460 -10427
13753 e -13753 -3292
13754 e -10464 -10423
13755 e -13755 4568
13756 a -13756 -13754 -13752 -13750 -13748 -13746 -13744
13757 a 13744 13746 13748 13750 13752 13754 13756
13758 a -13758 -13757
13759 e -13643 -7846
13760 e -13760 62
13761 e -13591 -3292
13762 e -10419 -10386
13763 e -13763 -4568
13764 e -10419 -10380
13765 e -13765 -10
13766 e -10421 -10378
13767 e -13767 41
13768 e -10425 -10378
13769 e -13769 3271
13770 a -13770 -13768 -13766 -13764 -13762 -13761
13771 a 13761 13762 13764 13766 13768 13770
13772 a -13772 -13771
13773 e -13695 -7844
13774 e -13774 62
13775 e -8145 7709
13776 e -13776 -12033
13777 e -13777 -4568
13778 e -10456 -10384
13779 e -13779 -3292
13780 e -10456 -10378
13781 e -13781 -2
13782 e -10458 -10380
13783 e -13783 41
13784 e -10462 -10380
13785 e -13785 4547
13786 a -13786 -13784 -13782 -13780 -13778 -13775
13787 a 13775 13778 13780 13782 13784 13786
13788 a -13788 -13787
13789 e -13742 -7843
13790 e -13790 62
13791 e -10458 -10427
13792 e -13792 -3292
13793 e -10464 -10421
13794 e -13794 4568
13795 e -10458 -10419
13796 e -13796 -2
13797 e -10456 -10421
13798 e -13798 10
13799 e -10458 -10425
13800 e -13800 -3271
13801 e -10462 -10421
13802 e -13802 4547
13803 a -13803 -13801 -13799 -13797 -13795 -13793 -13791
13804 a 13791 13793 13795 13797 13799 13801 13803
13805 a -13805 -13804
13806 e -8186 -7692
13807 e -13807 -12924
13808 e -13808 2
13809 e -13556 -8649
13810 e -13810 -3
13811 e -10410 -10395
13812 e -13812 -41
13813 e -10408 -10397
13814 e -13814 62
13815 e -10410 -10399
13816 e -13816 -3271
13817 e -10412 -10397
13818 e -13818 3292
13819 e -10414 -10397
13820 e -13820 5625
13821 a -13821 -13819 -13817 -13815 -13813 -13811 -13809
13822 a 13809 13811 13813 13815 13817 13819 13821
13823 a -13823 -13822
13824 e -8172 -7702
13825 e -13825 -12975
13826 e -13826 2
13827 e -13300 -8860
13828 e -13828 -41
13829 e -10425 -10393
13830 e -13830 -3
13831 e -10423 -10399
13832 e -13832 62
13833 e -10425 -10397
13834 e -13834 -3243
13835 e -10427 -10399
13836 e -13836 3292
13837 a -13837 -13835 -13833 -13831 -13829 -13827
13838 a 13827 13829 13831 13833 13835 13837
13839 a -13839 -13838
13840 e -8165 -7711
13841 e -13841 -13021
13842 e -13842 2
13843 e -13068 -9070
13844 e -13844 -62
13845 e -10427 -10406
13846 e -13846 -3
13847 e -10421 -10412
13848 e -13848 41
13849 e -10427 -10410
13850 e -13850 -3243
13851 e -10425 -10412
13852 e -13852 3271
13853 e -10427 -10414
13854 e -13854 -5625
13855 a -13855 -13853 -13851 -13849 -13847 -13845 -13843
13856 a 13843 13845 13847 13849 13851 13853 13855
13857 a -13857 -13856
13858 e -8172 -8165
13859 e -7745 7692
13860 e -13860 -13859
13861 e -13861 2
13862 e -8612 7692
13863 e -13863 -13556
13864 e -13864 -3243
13865 e -10406 -10399
13866 e -13866 -3271
13867 e -10412 -10393
13868 e -13868 3292
13869 e -10406 -10395
13870 e -13870 -41
13871 e -10408 -10393
13872 e -13872 62
13873 e -10414 -10393
13874 e -13874 5625
13875 a -13875 -13873 -13871 -13869 -13867 -13865 -13862
13876 a 13862 13865 13867 13869 13871 13873 13875
13877 a -13877 -13876
13878 e -8186 8165
13879 e -7732 7702
13880 e -13880 -13879
13881 e -13881 2
13882 e -8612 -7702
13883 e -13883 -13300
13884 e -13884 -3271
13885 e -10421 -10397
13886 e -13886 -3243
13887 e -10427 -10395
13888 e -13888 3292
13889 e -10421 -10393
13890 e -13890 -3
13891 e -10423 -10395
13892 e -13892 62
13893 a -13893 -13891 -13889 -13887 -13885 -13882
13894 a 13882 13885 13887 13889 13891 13893
13895 a -13895 -13894
13896 e -8186 -8172
13897 e -7725 7711
13898 e -13898 -13897
13899 e -13899 2
13900 e -8612 7711
13901 e -13901 -13068
13902 e -13902 -3292
13903 e -10423 -10410
13904 e -13904 -3243
13905 e -10425 -10408
13906 e -13906 3271
13907 e -10423 -10406
13908 e -13908 -3
13909 e -10421 -10408
13910 e -13910 41
13911 e -10423 -10414
13912 e -13912 -5625
13913 a -13913 -13911 -13909 -13907 -13905 -13903 -13900
13914 a 13900 13903 13905 13907 13909 13911 13913
13915 a -13915 -13914
13916 e -13859 -7861
13917 e -13917 3
13918 e -13808 -3243
13919 e -10414 -10391
13920 e -13920 5625
13921 e -10404 -10395
13922 e -13922 -41
13923 e -10408 -10391
13924 e -13924 62
13925 e -10404 -10399
13926 e -13926 -3271
13927 e -10412 -10391
13928 e -13928 3292
13929 a -13929 -13927 -13925 -13923 -13921 -13919 -13918
13930 a 13918 13919 13921 13923 13925 13927 13929
13931 a -13931 -13930
13932 e -8612 -8165
13933 e -13933 -13898
13934 e -13934 3
13935 e -10471 -10397
13936 e -13936 -3243
13937 e -10475 -10395
13938 e -13938 5625
13939 e -10471 -10391
13940 e -13940 -2
13941 e -10473 -10395
13942 e -13942 62
13943 e -10471 -10399
13944 e -13944 -3271
13945 a -13945 -13943 -13941 -13939 -13937 -13935
13946 a 13935 13937 13939 13941 13943 13945
13947 a -13947 -13946
13948 e -8612 8172
13949 e -13949 -13880
13950 e -13950 3
13951 e -8186 7732
13952 e -13952 -11482
13953 e -13953 -5625
13954 e -10473 -10410
13955 e -13955 -3243
13956 e -10473 -10404
13957 e -13957 -2
13958 e -10471 -10408
13959 e -13959 41
13960 e -10473 -10412
13961 e -13961 -3292
13962 a -13962 -13960 -13958 -13956 -13954 -13951
13963 a 13951 13954 13956 13958 13960 13962
13964 a -13964 -13963
13965 e -13879 -7862
13966 e -13966 41
13967 e -13826 -3271
13968 e -10419 -10393
13969 e -13969 -3
13970 e -10423 -10391
13971 e -13971 62
13972 e -10419 -10397
13973 e -13973 -3243
13974 e -10427 -10391
13975 e -13975 3292
13976 a -13976 -13974 -13972 -13970 -13968 -13967
13977 a 13967 13968 13970 13972 13974 13976
13978 a -13978 -13977
13979 e -13933 -7864
13980 e -13980 41
13981 e -10469 -10399
13982 e -13982 -3271
13983 e -10469 -10391
13984 e -13984 -2
13985 e -10473 -10393
13986 e -13986 62
13987 e -10469 -10397
13988 e -13988 -3243
13989 e -10475 -10393
13990 e -13990 5625
13991 a -13991 -13989 -13987 -13985 -13983 -13981
13992 a 13981 13983 13985 13987 13989 13991
13993 a -13993 -13992
13994 e -8612 -8186
13995 e -13995 -13860
13996 e -13996 41
13997 e -10473 -10425
13998 e -13998 -3271
13999 e -10473 -10419
14000 e -14000 -2
14001 e -10469 -10423
14002 e -14002 3
14003 e -10473 -10427
14004 e -14004 -3292
14005 e -10475 -10423
14006 e -14006 5625
14007 a -14007 -14005 -14003 -14001 -13999 -13997
14008 a 13997 13999 14001 14003 14005 14007
14009 a -14009 -14008
14010 e -13897 -7864
14011 e -14011 62
14012 e -13842 -3292
14013 e -10419 -10414
14014 e -14014 -5625
14015 e -10419 -10406
14016 e -14016 -3
14017 e -10421 -10404
14018 e -14018 41
14019 e -10419 -10410
14020 e -14020 -3243
14021 e -10425 -10404
14022 e -14022 3271
14023 a -14023 -14021 -14019 -14017 -14015 -14013 -14012
14024 a 14012 14013 14015 14017 14019 14021 14023
14025 a -14025 -14024
14026 e -13949 -7862
14027 e -14027 62
14028 e -8165 7732
14029 e -14029 -12033
14030 e -14030 -5625
14031 e -10469 -10412
14032 e -14032 -3292
14033 e -10469 -10404
14034 e -14034 -2
14035 e -10471 -10406
14036 e -14036 41
14037 e -10469 -10410
14038 e -14038 -3243
14039 a -14039 -14037 -14035 -14033 -14031 -14028
14040 a 14028 14031 14033 14035 14037 14039
14041 a -14041 -14040
14042 e -13995 -7861
14043 e -14043 62
14044 e -10471 -10427
14045 e -14045 -3292
14046 e -10475 -10421
14047 e -14047 5625
14048 e -10471 -10419
14049 e -14049 -2
14050 e -10469 -10421
14051 e -14051 3
14052 e -10471 -10425
14053 e -14053 -3271
14054 a -14054 -14052 -14050 -14048 -14046 -14044
14055 a 14044 14046 14048 14050 14052 14054
14056 a -14056 -14055
14057 e -8400 -7689
14058 e -14058 -12924
14059 e -14059 10
14060 e -12671 -8667
14061 e -14061 -3
14062 e -7732 7709
14063 e -14063 -10436
14064 e -14064 -41
14065 e -7725 7700
14066 e -14066 -10447
14067 e -14067 62
14068 e -14063 -10438
14069 e -14069 -4547
14070 e -14066 -10449
14071 e -14071 4568
14072 e -14066 -10451
14073 e -14073 5625
14074 a -14074 -14072 -14070 -14068 -14065 -14062 -14060
14075 a 14060 14062 14065 14068 14070 14072 14074
14076 a -14076 -14075
14077 e -8387 -7700
14078 e -14078 -12975
14079 e -14079 10
14080 e -12412 -8878
14081 e -14081 -41
14082 e -10462 -10434
14083 e -14083 -3
14084 e -10460 -10438
14085 e -14085 62
14086 e -10464 -10438
14087 e -14087 4568
14088 a -14088 -14086 -14084 -14082 -14080
14089 a 14080 14082 14084 14086 14088
14090 a -14090 -14089
14091 e -8380 -7709
14092 e -14092 -13021
14093 e -14093 10
14094 e -12170 -9088
14095 e -14095 -62
14096 e -10464 -10445
14097 e -14097 -3
14098 e -10458 -10449
14099 e -14099 41
14100 e -10462 -10449
14101 e -14101 4547
14102 e -10464 -10451
14103 e -14103 -5625
14104 a -14104 -14102 -14100 -14098 -14096 -14094
14105 a 14094 14096 14098 14100 14102 14104
14106 a -14106 -14105
14107 e -8387 -8380
14108 e -7745 7689
14109 e -14109 -14108
14110 e -14110 10
14111 e -10445 -10438
14112 e -14112 -4547
14113 e -10449 -10434
14114 e -14114 4568
14115 e -10445 -10436
14116 e -14116 -41
14117 e -10447 -10434
14118 e -14118 62
14119 e -10451 -10434
14120 e -14120 5625
14121 a -14121 -14119 -14117 -14115 -14113 -14111
14122 a 14111 14113 14115 14117 14119 14121
14123 a -14123 -14122
14124 e -8400 8380
14125 e -7732 7700
14126 e -14126 -14125
14127 e -14127 10
14128 e -8612 -7700
14129 e -14129 -12412
14130 e -14130 -4547
14131 e -10464 -10436
14132 e -14132 4568
14133 e -10458 -10434
14134 e -14134 -3
14135 e -10460 -10436
14136 e -14136 62
14137 a -14137 -14135 -14133 -14131 -14128
14138 a 14128 14131 14133 14135 14137
14139 a -14139 -14138
14140 e -8400 -8387
14141 e -7725 7709
14142 e -14142 -14141
14143 e -14143 10
14144 e -8612 7709
14145 e -14145 -12170
14146 e -14146 -4568
14147 e -10462 -10447
14148 e -14148 4547
14149 e -10460 -10445
14150 e -14150 -3
14151 e -10458 -10447
14152 e -14152 41
14153 e -10460 -10451
14154 e -14154 -5625
14155 a -14155 -14153 -14151 -14149 -14147 -14144
14156 a 14144 14147 14149 14151 14153 14155
14157 a -14157 -14156
14158 e -14108 -7885
14159 e -14159 3
14160 e -10451 -10432
14161 e -14161 5625
14162 e -10443 -10436
14163 e -14163 -41
14164 e -10447 -10432
14165 e -14165 62
14166 e -10443 -10438
14167 e -14167 -4547
14168 e -10449 -10432
14169 e -14169 4568
14170 a -14170 -14168 -14166 -14164 -14162 -14160
14171 a 14160 14162 14164 14166 14168 14170
14172 a -14172 -14171
14173 e -8612 -8380
14174 e -14174 -14142
14175 e -14175 3
14176 e -10475 -10436
14177 e -14177 5625
14178 e -10471 -10432
14179 e -14179 -10
14180 e -10473 -10436
14181 e -14181 62
14182 e -10471 -10438
14183 e -14183 -4547
14184 a -14184 -14182 -14180 -14178 -14176
14185 a 14176 14178 14180 14182 14184
14186 a -14186 -14185
14187 e -8612 8387
14188 e -14188 -14126
14189 e -14189 3
14190 e -8400 7732
14191 e -14191 -12222
14192 e -14192 -5625
14193 e -10473 -10443
14194 e -14194 -10
14195 e -10471 -10447
14196 e -14196 41
14197 e -10473 -10449
14198 e -14198 -4568
14199 a -14199 -14197 -14195 -14193 -14190
14200 a 14190 14193 14195 14197 14199
14201 a -14201 -14200
14202 e -14125 -7886
14203 e -14203 41
14204 e -14079 -4547
14205 e -10456 -10434
14206 e -14206 -3
14207 e -10460 -10432
14208 e -14208 62
14209 e -10464 -10432
14210 e -14210 4568
14211 a -14211 -14209 -14207 -14205 -14204
14212 a 14204 14205 14207 14209 14211
14213 a -14213 -14212
14214 e -14174 -7888
14215 e -14215 41
14216 e -10469 -10438
14217 e -14217 -4547
14218 e -10469 -10432
14219 e -14219 -10
14220 e -10473 -10434
14221 e -14221 62
14222 e -10475 -10434
14223 e -14223 5625
14224 a -14224 -14222 -14220 -14218 -14216
14225 a 14216 14218 14220 14222 14224
14226 a -14226 -14225
14227 e -8612 -8400
14228 e -14228 -14109
14229 e -14229 41
14230 e -10473 -10462
14231 e -14231 -4547
14232 e -10473 -10456
14233 e -14233 -10
14234 e -10469 -10460
14235 e -14235 3
14236 e -10473 -10464
14237 e -14237 -4568
14238 e -10475 -10460
14239 e -14239 5625
14240 a -14240 -14238 -14236 -14234 -14232 -14230
14241 a 14230 14232 14234 14236 14238 14240
14242 a -14242 -14241
14243 e -14141 -7888
14244 e -14244 62
14245 e -14093 -4568
14246 e -10456 -10451
14247 e -14247 -5625
14248 e -10456 -10445
14249 e -14249 -3
14250 e -10458 -10443
14251 e -14251 41
14252 e -10462 -10443
14253 e -14253 4547
14254 a -14254 -14252 -14250 -14248 -14246 -14245
14255 a 14245 14246 14248 14250 14252 14254
14256 a -14256 -14255
14257 e -14188 -7886
14258 e -14258 62
14259 e -8380 7732
14260 e -14260 -12784
14261 e -14261 -5625
14262 e -10469 -10449
14263 e -14263 -4568
14264 e -10469 -10443
14265 e -14265 -10
14266 e -10471 -10445
14267 e -14267 41
14268 a -14268 -14266 -14264 -14262 -14259
14269 a 14259 14262 14264 14266 14268
14270 a -14270 -14269
14271 e -14228 -7885
14272 e -14272 62
14273 e -10471 -10464
14274 e -14274 -4568
14275 e -10475 -10458
14276 e -14276 5625
14277 e -10471 -10456
14278 e -14278 -10
14279 e -10469 -10458
14280 e -14280 3
14281 e -10471 -10462
14282 e -14282 -4547
14283 a -14283 -14281 -14279 -14277 -14275 -14273
14284 a 14273 14275 14277 14279 14281 14283
14285 a -14285 -14284
14286 e -11427 -8480
14287 e -14287 -1743
14288 e -7926 7924
14289 e -14289 -10482
14290 e -14290 -1738
14291 e -7917 7915
14292 e -14292 -10491
14293 e -14293 1771
14294 e -14289 -10484
14295 e -14295 -3243
14296 e -14292 -10493
14297 e -14297 3271
14298 e -14292 -10495
14299 e -14299 4547
14300 a -14300 -14298 -14296 -14294 -14291 -14288
14301 a 14288 14291 14294 14296 14298 14300
14302 a -14302 -14301
14303 e -10950 -8691
14304 e -14304 -1738
14305 e -10515 -10480
14306 e -14306 -1743
14307 e -10513 -10484
14308 e -14308 1771
14309 e -10517 -10484
14310 e -14310 3271
14311 a -14311 -14309 -14307 -14305
14312 a 14305 14307 14309 14311
14313 a -14313 -14312
14314 e -10728 -8902
14315 e -14315 -1771
14316 e -10517 -10489
14317 e -14317 -1743
14318 e -10511 -10493
14319 e -14319 1738
14320 e -10515 -10493
14321 e -14321 3243
14322 e -10517 -10495
14323 e -14323 -4547
14324 a -14324 -14322 -14320 -14318 -14316
14325 a 14316 14318 14320 14322 14324
14326 a -14326 -14325
14327 e -10489 -10484
14328 e -14328 -3243
14329 e -10493 -10480
14330 e -14330 3271
14331 e -10489 -10482
14332 e -14332 -1738
14333 e -10491 -10480
14334 e -14334 1771
14335 e -10495 -10480
14336 e -14336 4547
14337 a -14337 -14335 -14333 -14331 -14329
14338 a 14329 14331 14333 14335 14337
14339 a -14339 -14338
14340 e -8380 -7917
14341 e -14341 -10950
14342 e -14342 -3243
14343 e -10517 -10482
14344 e -14344 3271
14345 e -10511 -10480
14346 e -14346 -1743
14347 e -10513 -10482
14348 e -14348 1771
14349 a -14349 -14347 -14345 -14343
14350 a 14343 14345 14347 14349
14351 a -14351 -14350
14352 e -8380 7926
14353 e -14353 -10728
14354 e -14354 -3271
14355 e -10515 -10491
14356 e -14356 3243
14357 e -10513 -10489
14358 e -14358 -1743
14359 e -10511 -10491
14360 e -14360 1738
14361 e -10513 -10495
14362 e -14362 -4547
14363 a -14363 -14361 -14359 -14357 -14355
14364 a 14355 14357 14359 14361 14363
14365 a -14365 -14364
14366 e -13118 -8048
14367 e -14367 1743
14368 e -8138 7915
14369 e -14369 -10495
14370 e -14370 4547
14371 e -8145 7924
14372 e -14372 -10482
14373 e -14373 -1738
14374 e -14369 -10491
14375 e -14375 1771
14376 e -14372 -10484
14377 e -14377 -3243
14378 e -14369 -10493
14379 e -14379 3271
14380 a -14380 -14378 -14376 -14374 -14371 -14368
14381 a 14368 14371 14374 14376 14378 14380
14382 a -14382 -14381
14383 e -7926 7915
14384 e -14384 -13184
14385 e -14385 1743
14386 e -10552 -10482
14387 e -14387 4547
14388 e -10550 -10482
14389 e -14389 1771
14390 e -10548 -10484
14391 e -14391 -3243
14392 a -14392 -14390 -14388 -14386
14393 a 14386 14388 14390 14392
14394 a -14394 -14393
14395 e -7924 7917
14396 e -14396 -13198
14397 e -14397 1743
14398 e -8165 7924
14399 e -14399 -10774
14400 e -14400 -4547
14401 e -10548 -10491
14402 e -14402 1738
14403 e -10550 -10493
14404 e -14404 -3271
14405 a -14405 -14403 -14401 -14398
14406 a 14398 14401 14403 14405
14407 a -14407 -14406
14408 e -13135 -8049
14409 e -14409 1738
14410 e -8145 -7917
14411 e -14411 -12219
14412 e -14412 -3243
14413 e -8165 7947
14414 e -14414 -10480
14415 e -14415 -1743
14416 e -14369 -10513
14417 e -14417 1771
14418 e -14369 -10517
14419 e -14419 3271
14420 a -14420 -14418 -14416 -14413 -14410
14421 a 14410 14413 14416 14418 14420
14422 a -14422 -14421
14423 e -13184 -8051
14424 e -14424 1738
14425 e -10546 -10484
14426 e -14426 -3243
14427 e -10550 -10480
14428 e -14428 1771
14429 e -10552 -10480
14430 e -14430 4547
14431 a -14431 -14429 -14427 -14425
14432 a 14425 14427 14429 14431
14433 a -14433 -14432
14434 e -7947 7920
14435 e -14435 -13238
14436 e -14436 1738
14437 e -10550 -10515
14438 e -14438 -3243
14439 e -10546 -10513
14440 e -14440 1743
14441 e -10550 -10517
14442 e -14442 -3271
14443 e -10552 -10513
14444 e -14444 4547
14445 a -14445 -14443 -14441 -14439 -14437
14446 a 14437 14439 14441 14443 14445
14447 a -14447 -14446
14448 e -13151 -8051
14449 e -14449 1771
14450 e -8138 -7926
14451 e -14451 -12265
14452 e -14452 -3271
14453 e -14414 -10495
14454 e -14454 -4547
14455 e -14414 -10489
14456 e -14456 -1743
14457 e -14372 -10511
14458 e -14458 1738
14459 e -14372 -10515
14460 e -14460 3243
14461 a -14461 -14459 -14457 -14455 -14453 -14450
14462 a 14450 14453 14455 14457 14459 14461
14463 a -14463 -14462
14464 e -13198 -8049
14465 e -14465 1771
14466 e -8138 7924
14467 e -14467 -11530
14468 e -14468 -4547
14469 e -10546 -10493
14470 e -14470 -3271
14471 e -10548 -10489
14472 e -14472 1738
14473 a -14473 -14471 -14469 -14466
14474 a 14466 14469 14471 14473
14475 a -14475 -14474
14476 e -13238 -8048
14477 e -14477 1771
14478 e -10548 -10517
14479 e -14479 -3271
14480 e -10552 -10511
14481 e -14481 4547
14482 e -10546 -10511
14483 e -14483 1743
14484 e -10548 -10515
14485 e -14485 -3243
14486 a -14486 -14484 -14482 -14480 -14478
14487 a 14478 14480 14482 14484 14486
14488 a -14488 -14487
14489 e -11673 -8486
14490 e -14490 -1743
14491 e -7934 7932
14492 e -14492 -10482
14493 e -14493 -1738
14494 e -14292 -10502
14495 e -14495 1792
14496 e -14492 -10484
14497 e -14497 -3243
14498 e -14292 -10504
14499 e -14499 3292
14500 e -14292 -10506
14501 e -14501 4568
14502 a -14502 -14500 -14498 -14496 -14494 -14491
14503 a 14491 14494 14496 14498 14500 14502
14504 a -14504 -14503
14505 e -11190 -8697
14506 e -14506 -1738
14507 e -10526 -10480
14508 e -14508 -1743
14509 e -10524 -10484
14510 e -14510 1792
14511 e -10528 -10484
14512 e -14512 3292
14513 e -10530 -10484
14514 e -14514 5625
14515 a -14515 -14513 -14511 -14509 -14507
14516 a 14507 14509 14511 14513 14515
14517 a -14517 -14516
14518 e -10728 -9112
14519 e -14519 -1792
14520 e -10528 -10500
14521 e -14521 -1743
14522 e -10522 -10504
14523 e -14523 1738
14524 e -10526 -10504
14525 e -14525 3243
14526 e -10528 -10506
14527 e -14527 -4568
14528 e -10530 -10504
14529 e -14529 5625
14530 a -14530 -14528 -14526 -14524 -14522 -14520
14531 a 14520 14522 14524 14526 14528 14530
14532 a -14532 -14531
14533 e -10500 -10484
14534 e -14534 -3243
14535 e -10504 -10480
14536 e -14536 3292
14537 e -10500 -10482
14538 e -14538 -1738
14539 e -10502 -10480
14540 e -14540 1792
14541 e -10506 -10480
14542 e -14542 4568
14543 a -14543 -14541 -14539 -14537 -14535
14544 a 14535 14537 14539 14541 14543
14545 a -14545 -14544
14546 e -8387 -7917
14547 e -14547 -11190
14548 e -14548 -3243
14549 e -10528 -10482
14550 e -14550 3292
14551 e -10522 -10480
14552 e -14552 -1743
14553 e -10524 -10482
14554 e -14554 1792
14555 e -10530 -10482
14556 e -14556 5625
14557 a -14557 -14555 -14553 -14551 -14549
14558 a 14549 14551 14553 14555 14557
14559 a -14559 -14558
14560 e -8387 7934
14561 e -14561 -10728
14562 e -14562 -3292
14563 e -10526 -10502
14564 e -14564 3243
14565 e -10524 -10500
14566 e -14566 -1743
14567 e -10522 -10502
14568 e -14568 1738
14569 e -10524 -10506
14570 e -14570 -4568
14571 e -10530 -10502
14572 e -14572 5625
14573 a -14573 -14571 -14569 -14567 -14565 -14563
14574 a 14563 14565 14567 14569 14571 14573
14575 a -14575 -14574
14576 e -13352 -8054
14577 e -14577 1743
14578 e -14369 -10506
14579 e -14579 4568
14580 e -8152 7932
14581 e -14581 -10482
14582 e -14582 -1738
14583 e -14369 -10502
14584 e -14584 1792
14585 e -14581 -10484
14586 e -14586 -3243
14587 e -14369 -10504
14588 e -14588 3292
14589 a -14589 -14587 -14585 -14583 -14580 -14578
14590 a 14578 14580 14583 14585 14587 14589
14591 a -14591 -14590
14592 e -7934 7915
14593 e -14593 -13422
14594 e -14594 1743
14595 e -10563 -10482
14596 e -14596 4568
14597 e -10561 -10482
14598 e -14598 1792
14599 e -10559 -10484
14600 e -14600 -3243
14601 e -10565 -10482
14602 e -14602 5625
14603 a -14603 -14601 -14599 -14597 -14595
14604 a 14595 14597 14599 14601 14603
14605 a -14605 -14604
14606 e -7932 7917
14607 e -14607 -13438
14608 e -14608 1743
14609 e -8172 7932
14610 e -14610 -10774
14611 e -14611 -4568
14612 e -10559 -10502
14613 e -14613 1738
14614 e -10561 -10504
14615 e -14615 -3292
14616 e -10565 -10502
14617 e -14617 5625
14618 a -14618 -14616 -14614 -14612 -14609
14619 a 14609 14612 14614 14616 14618
14620 a -14620 -14619
14621 e -13369 -8055
14622 e -14622 1738
14623 e -8152 -7917
14624 e -14624 -12464
14625 e -14625 -3243
14626 e -14369 -10530
14627 e -14627 5625
14628 e -8172 7954
14629 e -14629 -10480
14630 e -14630 -1743
14631 e -14369 -10524
14632 e -14632 1792
14633 e -14369 -10528
14634 e -14634 3292
14635 a -14635 -14633 -14631 -14628 -14626 -14623
14636 a 14623 14626 14628 14631 14633 14635
14637 a -14637 -14636
14638 e -13422 -8057
14639 e -14639 1738
14640 e -10557 -10484
14641 e -14641 -3243
14642 e -10565 -10480
14643 e -14643 5625
14644 e -10561 -10480
14645 e -14645 1792
14646 e -10563 -10480
14647 e -14647 4568
14648 a -14648 -14646 -14644 -14642 -14640
14649 a 14640 14642 14644 14646 14648
14650 a -14650 -14649
14651 e -7954 7920
14652 e -14652 -13484
14653 e -14653 1738
14654 e -8152 7954
14655 e -14655 -10817
14656 e -14656 -5625
14657 e -10561 -10526
14658 e -14658 -3243
14659 e -10557 -10524
14660 e -14660 1743
14661 e -10561 -10528
14662 e -14662 -3292
14663 e -10563 -10524
14664 e -14664 4568
14665 a -14665 -14663 -14661 -14659 -14657 -14654
14666 a 14654 14657 14659 14661 14663 14665
14667 a -14667 -14666
14668 e -13387 -8057
14669 e -14669 1792
14670 e -8138 -7934
14671 e -14671 -12517
14672 e -14672 -3292
14673 e -14629 -10506
14674 e -14674 -4568
14675 e -14581 -10530
14676 e -14676 5625
14677 e -14629 -10500
14678 e -14678 -1743
14679 e -14581 -10522
14680 e -14680 1738
14681 e -14581 -10526
14682 e -14682 3243
14683 a -14683 -14681 -14679 -14677 -14675 -14673 -14670
14684 a 14670 14673 14675 14677 14679 14681 14683
14685 a -14685 -14684
14686 e -13438 -8055
14687 e -14687 1792
14688 e -8138 7932
14689 e -14689 -11787
14690 e -14690 -4568
14691 e -10557 -10504
14692 e -14692 -3292
14693 e -10565 -10500
14694 e -14694 5625
14695 e -10559 -10500
14696 e -14696 1738
14697 a -14697 -14695 -14693 -14691 -14688
14698 a 14688 14691 14693 14695 14697
14699 a -14699 -14698
14700 e -13484 -8054
14701 e -14701 1792
14702 e -8138 -7954
14703 e -14703 -11288
14704 e -14704 -5625
14705 e -10559 -10528
14706 e -14706 -3292
14707 e -10563 -10522
14708 e -14708 4568
14709 e -10557 -10522
14710 e -14710 1743
14711 e -10559 -10526
14712 e -14712 -3243
14713 a -14713 -14711 -14709 -14707 -14705 -14702
14714 a 14702 14705 14707 14709 14711 14713
14715 a -14715 -14714
14716 e -11929 -8498
14717 e -14717 -1743
14718 e -14492 -10491
14719 e -14719 -1771
14720 e -14289 -10502
14721 e -14721 1792
14722 e -14492 -10493
14723 e -14723 -3271
14724 e -14289 -10504
14725 e -14725 3292
14726 e -14492 -10495
14727 e -14727 -4547
14728 e -14289 -10506
14729 e -14729 4568
14730 a -14730 -14728 -14726 -14724 -14722 -14720 -14718
14731 a 14718 14720 14722 14724 14726 14728 14730
14732 a -14732 -14731
14733 e -11190 -8908
14734 e -14734 -1771
14735 e -10539 -10489
14736 e -14736 -1743
14737 e -10537 -10493
14738 e -14738 1792
14739 e -10541 -10493
14740 e -14740 3292
14741 e -10539 -10495
14742 e -14742 -4547
14743 a -14743 -14741 -14739 -14737 -14735
14744 a 14735 14737 14739 14741 14743
14745 a -14745 -14744
14746 e -10950 -9118
14747 e -14747 -1792
14748 e -10541 -10500
14749 e -14749 -1743
14750 e -10535 -10504
14751 e -14751 1771
14752 e -10539 -10504
14753 e -14753 3271
14754 e -10541 -10506
14755 e -14755 -4568
14756 a -14756 -14754 -14752 -14750 -14748
14757 a 14748 14750 14752 14754 14756
14758 a -14758 -14757
14759 e -10500 -10493
14760 e -14760 -3271
14761 e -10504 -10489
14762 e -14762 3292
14763 e -10500 -10491
14764 e -14764 -1771
14765 e -10502 -10489
14766 e -14766 1792
14767 e -10500 -10495
14768 e -14768 -4547
14769 e -10506 -10489
14770 e -14770 4568
14771 a -14771 -14769 -14767 -14765 -14763 -14761
14772 a 14761 14763 14765 14767 14769 14771
14773 a -14773 -14772
14774 e -8400 -7926
14775 e -14775 -11190
14776 e -14776 -3271
14777 e -10541 -10491
14778 e -14778 3292
14779 e -10535 -10489
14780 e -14780 -1743
14781 e -10537 -10491
14782 e -14782 1792
14783 e -10535 -10495
14784 e -14784 -4547
14785 a -14785 -14783 -14781 -14779 -14777
14786 a 14777 14779 14781 14783 14785
14787 a -14787 -14786
14788 e -8400 7934
14789 e -14789 -10950
14790 e -14790 -3292
14791 e -10539 -10502
14792 e -14792 3271
14793 e -10537 -10500
14794 e -14794 -1743
14795 e -10535 -10502
14796 e -14796 1771
14797 e -10537 -10506
14798 e -14798 -4568
14799 a -14799 -14797 -14795 -14793 -14791
14800 a 14791 14793 14795 14797 14799
14801 a -14801 -14800
14802 e -13606 -8066
14803 e -14803 1743
14804 e -14581 -10495
14805 e -14805 -4547
14806 e -14372 -10506
14807 e -14807 4568
14808 e -14581 -10491
14809 e -14809 -1771
14810 e -14372 -10502
14811 e -14811 1792
14812 e -14581 -10493
14813 e -14813 -3271
14814 e -14372 -10504
14815 e -14815 3292
14816 a -14816 -14814 -14812 -14810 -14808 -14806 -14804
14817 a 14804 14806 14808 14810 14812 14814 14816
14818 a -14818 -14817
14819 e -7934 7924
14820 e -14820 -13678
14821 e -14821 1743
14822 e -8186 -7924
14823 e -14823 -11238
14824 e -14824 -4547
14825 e -10578 -10491
14826 e -14826 4568
14827 e -10574 -10491
14828 e -14828 1792
14829 e -10572 -10493
14830 e -14830 -3271
14831 a -14831 -14829 -14827 -14825 -14822
14832 a 14822 14825 14827 14829 14831
14833 a -14833 -14832
14834 e -7932 7926
14835 e -14835 -13695
14836 e -14836 1743
14837 e -8186 7932
14838 e -14838 -10998
14839 e -14839 -4568
14840 e -10576 -10502
14841 e -14841 4547
14842 e -10572 -10502
14843 e -14843 1771
14844 e -10574 -10504
14845 e -14845 -3292
14846 a -14846 -14844 -14842 -14840 -14837
14847 a 14837 14840 14842 14844 14846
14848 a -14848 -14847
14849 e -13625 -8067
14850 e -14850 1771
14851 e -8152 -7926
14852 e -14852 -12728
14853 e -14853 -3271
14854 e -8186 7968
14855 e -14855 -10495
14856 e -14856 -4547
14857 e -14855 -10489
14858 e -14858 -1743
14859 e -14372 -10537
14860 e -14860 1792
14861 e -14372 -10541
14862 e -14862 3292
14863 a -14863 -14861 -14859 -14857 -14854 -14851
14864 a 14851 14854 14857 14859 14861 14863
14865 a -14865 -14864
14866 e -13678 -8069
14867 e -14867 1771
14868 e -8152 7924
14869 e -14869 -11979
14870 e -14870 -4547
14871 e -10570 -10493
14872 e -14872 -3271
14873 e -10574 -10489
14874 e -14874 1792
14875 e -10578 -10489
14876 e -14876 4568
14877 a -14877 -14875 -14873 -14871 -14868
14878 a 14868 14871 14873 14875 14877
14879 a -14879 -14878
14880 e -7968 7920
14881 e -14881 -13742
14882 e -14882 1771
14883 e -10574 -10539
14884 e -14884 -3271
14885 e -10576 -10537
14886 e -14886 4547
14887 e -10570 -10537
14888 e -14888 1743
14889 e -10574 -10541
14890 e -14890 -3292
14891 e -10578 -10537
14892 e -14892 4568
14893 a -14893 -14891 -14889 -14887 -14885 -14883
14894 a 14883 14885 14887 14889 14891 14893
14895 a -14895 -14894
14896 e -13643 -8069
14897 e -14897 1792
14898 e -8145 -7934
14899 e -14899 -12781
14900 e -14900 -3292
14901 e -14855 -10506
14902 e -14902 -4568
14903 e -14855 -10500
14904 e -14904 -1743
14905 e -14581 -10535
14906 e -14906 1771
14907 e -14581 -10539
14908 e -14908 3271
14909 a -14909 -14907 -14905 -14903 -14901 -14898
14910 a 14898 14901 14903 14905 14907 14909
14911 a -14911 -14910
14912 e -13695 -8067
14913 e -14913 1792
14914 e -8145 7932
14915 e -14915 -12030
14916 e -14916 -4568
14917 e -10570 -10504
14918 e -14918 -3292
14919 e -10572 -10500
14920 e -14920 1771
14921 e -10576 -10500
14922 e -14922 4547
14923 a -14923 -14921 -14919 -14917 -14914
14924 a 14914 14917 14919 14921 14923
14925 a -14925 -14924
14926 e -13742 -8066
14927 e -14927 1792
14928 e -10572 -10541
14929 e -14929 -3292
14930 e -10578 -10535
14931 e -14931 4568
14932 e -10570 -10535
14933 e -14933 1743
14934 e -10572 -10539
14935 e -14935 -3271
14936 e -10576 -10535
14937 e -14937 4547
14938 a -14938 -14936 -14934 -14932 -14930 -14928
14939 a 14928 14930 14932 14934 14936 14938
14940 a -14940 -14939
14941 e -11929 -8709
14942 e -14942 -1738
14943 e -10526 -10513
14944 e -14944 -1771
14945 e -10524 -10515
14946 e -14946 1792
14947 e -10526 -10517
14948 e -14948 -3271
14949 e -10528 -10515
14950 e -14950 3292
14951 e -10530 -10515
14952 e -14952 5625
14953 a -14953 -14951 -14949 -14947 -14945 -14943
14954 a 14943 14945 14947 14949 14951 14953
14955 a -14955 -14954
14956 e -11673 -8920
14957 e -14957 -1771
14958 e -10539 -10511
14959 e -14959 -1738
14960 e -10537 -10517
14961 e -14961 1792
14962 e -10539 -10515
14963 e -14963 -3243
14964 e -10541 -10517
14965 e -14965 3292
14966 a -14966 -14964 -14962 -14960 -14958
14967 a 14958 14960 14962 14964 14966
14968 a -14968 -14967
14969 e -11427 -9130
14970 e -14970 -1792
14971 e -10541 -10522
14972 e -14972 -1738
14973 e -10535 -10528
14974 e -14974 1771
14975 e -10541 -10526
14976 e -14976 -3243
14977 e -10539 -10528
14978 e -14978 3271
14979 e -10541 -10530
14980 e -14980 -5625
14981 a -14981 -14979 -14977 -14975 -14973 -14971
14982 a 14971 14973 14975 14977 14979 14981
14983 a -14983 -14982
14984 e -8612 7917
14985 e -14985 -11929
14986 e -14986 -3243
14987 e -10522 -10517
14988 e -14988 -3271
14989 e -10528 -10511
14990 e -14990 3292
14991 e -10522 -10513
14992 e -14992 -1771
14993 e -10524 -10511
14994 e -14994 1792
14995 e -10530 -10511
14996 e -14996 5625
14997 a -14997 -14995 -14993 -14991 -14989 -14987
14998 a 14987 14989 14991 14993 14995 14997
14999 a -14999 -14998
15000 e -8612 -7926
15001 e -15001 -11673
15002 e -15002 -3271
15003 e -10535 -10515
15004 e -15004 -3243
15005 e -10541 -10513
15006 e -15006 3292
15007 e -10535 -10511
15008 e -15008 -1738
15009 e -10537 -10513
15010 e -15010 1792
15011 a -15011 -15009 -15007 -15005 -15003
15012 a 15003 15005 15007 15009 15011
15013 a -15013 -15012
15014 e -8612 7934
15015 e -15015 -11427
15016 e -15016 -3292
15017 e -10537 -10526
15018 e -15018 -3243
15019 e -10539 -10524
15020 e -15020 3271
15021 e -10537 -10522
15022 e -15022 -1738
15023 e -10535 -10524
15024 e -15024 1771
15025 e -10537 -10530
15026 e -15026 -5625
15027 a -15027 -15025 -15023 -15021 -15019 -15017
15028 a 15017 15019 15021 15023 15025 15027
15029 a -15029 -15028
15030 e -13859 -8084
15031 e -15031 1738
15032 e -8186 -7917
15033 e -15033 -12921
15034 e -15034 -3243
15035 e -14414 -10530
15036 e -15036 5625
15037 e -14629 -10513
15038 e -15038 -1771
15039 e -14414 -10524
15040 e -15040 1792
15041 e -14629 -10517
15042 e -15042 -3271
15043 e -14414 -10528
15044 e -15044 3292
15045 a -15045 -15043 -15041 -15039 -15037 -15035 -15032
15046 a 15032 15035 15037 15039 15041 15043 15045
15047 a -15047 -15046
15048 e -7947 7934
15049 e -15049 -13933
15050 e -15050 1738
15051 e -10585 -10515
15052 e -15052 -3243
15053 e -10589 -10513
15054 e -15054 5625
15055 e -10587 -10513
15056 e -15056 1792
15057 e -10585 -10517
15058 e -15058 -3271
15059 a -15059 -15057 -15055 -15053 -15051
15060 a 15051 15053 15055 15057 15059
15061 a -15061 -15060
15062 e -7954 7926
15063 e -15063 -13949
15064 e -15064 1738
15065 e -8186 7954
15066 e -15066 -11479
15067 e -15067 -5625
15068 e -10587 -10526
15069 e -15069 -3243
15070 e -10585 -10524
15071 e -15071 1771
15072 e -10587 -10528
15073 e -15073 -3292
15074 a -15074 -15072 -15070 -15068 -15065
15075 a 15065 15068 15070 15072 15074
15076 a -15076 -15075
15077 e -13879 -8085
15078 e -15078 1771
15079 e -8172 -7926
15080 e -15080 -12972
15081 e -15081 -3271
15082 e -14855 -10511
15083 e -15083 -1738
15084 e -14414 -10537
15085 e -15085 1792
15086 e -14855 -10515
15087 e -15087 -3243
15088 e -14414 -10541
15089 e -15089 3292
15090 a -15090 -15088 -15086 -15084 -15082 -15079
15091 a 15079 15082 15084 15086 15088 15090
15092 a -15092 -15091
15093 e -13933 -8087
15094 e -15094 1771
15095 e -10583 -10517
15096 e -15096 -3271
15097 e -10587 -10511
15098 e -15098 1792
15099 e -10583 -10515
15100 e -15100 -3243
15101 e -10589 -10511
15102 e -15102 5625
15103 a -15103 -15101 -15099 -15097 -15095
15104 a 15095 15097 15099 15101 15103
15105 a -15105 -15104
15106 e -7968 7917
15107 e -15107 -13995
15108 e -15108 1771
15109 e -10587 -10539
15110 e -15110 -3271
15111 e -10583 -10537
15112 e -15112 1738
15113 e -10587 -10541
15114 e -15114 -3292
15115 e -10589 -10537
15116 e -15116 5625
15117 a -15117 -15115 -15113 -15111 -15109
15118 a 15109 15111 15113 15115 15117
15119 a -15119 -15118
15120 e -13897 -8087
15121 e -15121 1792
15122 e -8165 -7934
15123 e -15123 -13018
15124 e -15124 -3292
15125 e -14855 -10530
15126 e -15126 -5625
15127 e -14855 -10522
15128 e -15128 -1738
15129 e -14629 -10535
15130 e -15130 1771
15131 e -14855 -10526
15132 e -15132 -3243
15133 e -14629 -10539
15134 e -15134 3271
15135 a -15135 -15133 -15131 -15129 -15127 -15125 -15122
15136 a 15122 15125 15127 15129 15131 15133 15135
15137 a -15137 -15136
15138 e -13949 -8085
15139 e -15139 1792
15140 e -8165 7954
15141 e -15141 -12030
15142 e -15142 -5625
15143 e -10583 -10528
15144 e -15144 -3292
15145 e -10585 -10522
15146 e -15146 1771
15147 e -10583 -10526
15148 e -15148 -3243
15149 a -15149 -15147 -15145 -15143 -15140
15150 a 15140 15143 15145 15147 15149
15151 a -15151 -15150
15152 e -13995 -8084
15153 e -15153 1792
15154 e -10585 -10541
15155 e -15155 -3292
15156 e -10589 -10535
15157 e -15157 5625
15158 e -10583 -10535
15159 e -15159 1738
15160 e -10585 -10539
15161 e -15161 -3271
15162 a -15162 -15160 -15158 -15156 -15154
15163 a 15154 15156 15158 15160 15162
15164 a -15164 -15163
15165 e -8400 -7915
15166 e -15166 -12921
15167 e -15167 1743
15168 e -12668 -8727
15169 e -15169 -1738
15170 e -7954 7932
15171 e -15171 -10550
15172 e -15172 -1771
15173 e -7947 7924
15174 e -15174 -10561
15175 e -15175 1792
15176 e -15171 -10552
15177 e -15177 -4547
15178 e -15174 -10563
15179 e -15179 4568
15180 e -15174 -10565
15181 e -15181 5625
15182 a -15182 -15180 -15178 -15176 -15173 -15170 -15168
15183 a 15168 15170 15173 15176 15178 15180 15182
15184 a -15184 -15183
15185 e -8387 -7924
15186 e -15186 -12972
15187 e -15187 1743
15188 e -12409 -8938
15189 e -15189 -1771
15190 e -10576 -10548
15191 e -15191 -1738
15192 e -10574 -10552
15193 e -15193 1792
15194 e -10578 -10552
15195 e -15195 4568
15196 a -15196 -15194 -15192 -15190 -15188
15197 a 15188 15190 15192 15194 15196
15198 a -15198 -15197
15199 e -8380 -7932
15200 e -15200 -13018
15201 e -15201 1743
15202 e -12167 -9148
15203 e -15203 -1792
15204 e -10578 -10559
15205 e -15205 -1738
15206 e -10572 -10563
15207 e -15207 1771
15208 e -10576 -10563
15209 e -15209 4547
15210 e -10578 -10565
15211 e -15211 -5625
15212 a -15212 -15210 -15208 -15206 -15204 -15202
15213 a 15202 15204 15206 15208 15210 15212
15214 a -15214 -15213
15215 e -7968 7915
15216 e -15216 -14108
15217 e -15217 1743
15218 e -10559 -10552
15219 e -15219 -4547
15220 e -10563 -10548
15221 e -15221 4568
15222 e -10559 -10550
15223 e -15223 -1771
15224 e -10561 -10548
15225 e -15225 1792
15226 e -10565 -10548
15227 e -15227 5625
15228 a -15228 -15226 -15224 -15222 -15220 -15218
15229 a 15218 15220 15222 15224 15226 15228
15230 a -15230 -15229
15231 e -7954 7924
15232 e -15232 -14125
15233 e -15233 1743
15234 e -8612 -7924
15235 e -15235 -12409
15236 e -15236 -4547
15237 e -10578 -10550
15238 e -15238 4568
15239 e -10572 -10548
15240 e -15240 -1738
15241 e -10574 -10550
15242 e -15242 1792
15243 a -15243 -15241 -15239 -15237 -15234
15244 a 15234 15237 15239 15241 15243
15245 a -15245 -15244
15246 e -7947 7932
15247 e -15247 -14141
15248 e -15248 1743
15249 e -8612 7932
15250 e -15250 -12167
15251 e -15251 -4568
15252 e -10576 -10561
15253 e -15253 4547
15254 e -10574 -10559
15255 e -15255 -1738
15256 e -10572 -10561
15257 e -15257 1771
15258 e -10574 -10565
15259 e -15259 -5625
15260 a -15260 -15258 -15256 -15254 -15252 -15249
15261 a 15249 15252 15254 15256 15258 15260
15262 a -15262 -15261
15263 e -14108 -8108
15264 e -15264 1738
15265 e -10565 -10546
15266 e -15266 5625
15267 e -10557 -10550
15268 e -15268 -1771
15269 e -10561 -10546
15270 e -15270 1792
15271 e -10557 -10552
15272 e -15272 -4547
15273 e -10563 -10546
15274 e -15274 4568
15275 a -15275 -15273 -15271 -15269 -15267 -15265
15276 a 15265 15267 15269 15271 15273 15275
15277 a -15277 -15276
15278 e -15247 -14174
15279 e -15279 1738
15280 e -10589 -10550
15281 e -15281 5625
15282 e -10585 -10546
15283 e -15283 -1743
15284 e -10587 -10550
15285 e -15285 1792
15286 e -10585 -10552
15287 e -15287 -4547
15288 a -15288 -15286 -15284 -15282 -15280
15289 a 15280 15282 15284 15286 15288
15290 a -15290 -15289
15291 e -15232 -14188
15292 e -15292 1738
15293 e -8400 7954
15294 e -15294 -12219
15295 e -15295 -5625
15296 e -10587 -10557
15297 e -15297 -1743
15298 e -10585 -10561
15299 e -15299 1771
15300 e -10587 -10563
15301 e -15301 -4568
15302 a -15302 -15300 -15298 -15296 -15293
15303 a 15293 15296 15298 15300 15302
15304 a -15304 -15303
15305 e -14125 -8109
15306 e -15306 1771
15307 e -15187 -4547
15308 e -10570 -10548
15309 e -15309 -1738
15310 e -10574 -10546
15311 e -15311 1792
15312 e -10578 -10546
15313 e -15313 4568
15314 a -15314 -15312 -15310 -15308 -15307
15315 a 15307 15308 15310 15312 15314
15316 a -15316 -15315
15317 e -14174 -8111
15318 e -15318 1771
15319 e -10583 -10552
15320 e -15320 -4547
15321 e -10583 -10546
15322 e -15322 -1743
15323 e -10587 -10548
15324 e -15324 1792
15325 e -10589 -10548
15326 e -15326 5625
15327 a -15327 -15325 -15323 -15321 -15319
15328 a 15319 15321 15323 15325 15327
15329 a -15329 -15328
15330 e -15216 -14228
15331 e -15331 1771
15332 e -10587 -10576
15333 e -15333 -4547
15334 e -10587 -10570
15335 e -15335 -1743
15336 e -10583 -10574
15337 e -15337 1738
15338 e -10587 -10578
15339 e -15339 -4568
15340 e -10589 -10574
15341 e -15341 5625
15342 a -15342 -15340 -15338 -15336 -15334 -15332
15343 a 15332 15334 15336 15338 15340 15342
15344 a -15344 -15343
15345 e -14141 -8111
15346 e -15346 1792
15347 e -15201 -4568
15348 e -10570 -10565
15349 e -15349 -5625
15350 e -10570 -10559
15351 e -15351 -1738
15352 e -10572 -10557
15353 e -15353 1771
15354 e -10576 -10557
15355 e -15355 4547
15356 a -15356 -15354 -15352 -15350 -15348 -15347
15357 a 15347 15348 15350 15352 15354 15356
15358 a -15358 -15357
15359 e -14188 -8109
15360 e -15360 1792
15361 e -8380 7954
15362 e -15362 -12781
15363 e -15363 -5625
15364 e -10583 -10563
15365 e -15365 -4568
15366 e -10583 -10557
15367 e -15367 -1743
15368 e -10585 -10559
15369 e -15369 1771
15370 a -15370 -15368 -15366 -15364 -15361
15371 a 15361 15364 15366 15368 15370
15372 a -15372 -15371
15373 e -14228 -8108
15374 e -15374 1792
15375 e -10585 -10578
15376 e -15376 -4568
15377 e -10589 -10572
15378 e -15378 5625
15379 e -10585 -10570
15380 e -15380 -1743
15381 e -10583 -10572
15382 e -15382 1738
15383 e -10585 -10576
15384 e -15384 -4547
15385 a -15385 -15383 -15381 -15379 -15377 -15375
15386 a 15375 15377 15379 15381 15383 15385
15387 a -15387 -15386
15388 e -13606 -8751
15389 e -15389 -3243
15390 e -8172 8152
15391 e -15391 -10596
15392 e -15392 -3271
15393 e -8165 8145
15394 e -15394 -10605
15395 e -15395 3292
15396 e -15391 -10598
15397 e -15397 -4547
15398 e -15394 -10607
15399 e -15399 4568
15400 e -15394 -10609
15401 e -15401 5625
15402 a -15402 -15400 -15398 -15396 -15393 -15390
15403 a 15390 15393 15396 15398 15400 15402
15404 a -15404 -15403
15405 e -13352 -8962
15406 e -15406 -3271
15407 e -10618 -10594
15408 e -15408 -3243
15409 e -10616 -10598
15410 e -15410 3292
15411 e -10620 -10598
15412 e -15412 4568
15413 a -15413 -15411 -15409 -15407
15414 a 15407 15409 15411 15413
15415 a -15415 -15414
15416 e -13118 -9172
15417 e -15417 -3292
15418 e -10620 -10603
15419 e -15419 -3243
15420 e -10614 -10607
15421 e -15421 3271
15422 e -10618 -10607
15423 e -15423 4547
15424 e -10620 -10609
15425 e -15425 -5625
15426 a -15426 -15424 -15422 -15420 -15418
15427 a 15418 15420 15422 15424 15426
15428 a -15428 -15427
15429 e -10603 -10598
15430 e -15430 -4547
15431 e -10607 -10594
15432 e -15432 4568
15433 e -10603 -10596
15434 e -15434 -3271
15435 e -10605 -10594
15436 e -15436 3292
15437 e -10609 -10594
15438 e -15438 5625
15439 a -15439 -15437 -15435 -15433 -15431
15440 a 15431 15433 15435 15437 15439
15441 a -15441 -15440
15442 e -8612 -8145
15443 e -15443 -13352
15444 e -15444 -4547
15445 e -10620 -10596
15446 e -15446 4568
15447 e -10614 -10594
15448 e -15448 -3243
15449 e -10616 -10596
15450 e -15450 3292
15451 a -15451 -15449 -15447 -15445
15452 a 15445 15447 15449 15451
15453 a -15453 -15452
15454 e -8612 8152
15455 e -15455 -13118
15456 e -15456 -4568
15457 e -10618 -10605
15458 e -15458 4547
15459 e -10616 -10603
15460 e -15460 -3243
15461 e -10614 -10605
15462 e -15462 3271
15463 e -10616 -10609
15464 e -15464 -5625
15465 a -15465 -15463 -15461 -15459 -15457
15466 a 15457 15459 15461 15463 15465
15467 a -15467 -15466
15468 e -14108 -8326
15469 e -15469 3243
15470 e -8380 8165
15471 e -15471 -10609
15472 e -15472 5625
15473 e -8387 8172
15474 e -15474 -10596
15475 e -15475 -3271
15476 e -15471 -10605
15477 e -15477 3292
15478 e -15474 -10598
15479 e -15479 -4547
15480 e -15471 -10607
15481 e -15481 4568
15482 a -15482 -15480 -15478 -15476 -15473 -15470
15483 a 15470 15473 15476 15478 15480 15482
15484 a -15484 -15483
15485 e -8165 8152
15486 e -15486 -14174
15487 e -15487 3243
15488 e -10631 -10596
15489 e -15489 5625
15490 e -10629 -10596
15491 e -15491 3292
15492 e -10627 -10598
15493 e -15493 -4547
15494 a -15494 -15492 -15490 -15488
15495 a 15488 15490 15492 15494
15496 a -15496 -15495
15497 e -8172 8145
15498 e -15498 -14188
15499 e -15499 3243
15500 e -8400 8172
15501 e -15501 -13135
15502 e -15502 -5625
15503 e -10627 -10605
15504 e -15504 3271
15505 e -10629 -10607
15506 e -15506 -4568
15507 a -15507 -15505 -15503 -15500
15508 a 15500 15503 15505 15507
15509 a -15509 -15508
15510 e -14125 -8327
15511 e -15511 3271
15512 e -8387 -8145
15513 e -15513 -13879
15514 e -15514 -4547
15515 e -8400 8186
15516 e -15516 -10594
15517 e -15517 -3243
15518 e -15471 -10616
15519 e -15519 3292
15520 e -15471 -10620
15521 e -15521 4568
15522 a -15522 -15520 -15518 -15515 -15512
15523 a 15512 15515 15518 15520 15522
15524 a -15524 -15523
15525 e -14174 -8329
15526 e -15526 3271
15527 e -10625 -10598
15528 e -15528 -4547
15529 e -10629 -10594
15530 e -15530 3292
15531 e -10631 -10594
15532 e -15532 5625
15533 a -15533 -15531 -15529 -15527
15534 a 15527 15529 15531 15533
15535 a -15535 -15534
15536 e -8186 8138
15537 e -15537 -14228
15538 e -15538 3271
15539 e -10629 -10618
15540 e -15540 -4547
15541 e -10625 -10616
15542 e -15542 3243
15543 e -10629 -10620
15544 e -15544 -4568
15545 e -10631 -10616
15546 e -15546 5625
15547 a -15547 -15545 -15543 -15541 -15539
15548 a 15539 15541 15543 15545 15547
15549 a -15549 -15548
15550 e -14141 -8329
15551 e -15551 3292
15552 e -8380 -8152
15553 e -15553 -13897
15554 e -15554 -4568
15555 e -15516 -10609
15556 e -15556 -5625
15557 e -15516 -10603
15558 e -15558 -3243
15559 e -15474 -10614
15560 e -15560 3271
15561 e -15474 -10618
15562 e -15562 4547
15563 a -15563 -15561 -15559 -15557 -15555 -15552
15564 a 15552 15555 15557 15559 15561 15563
15565 a -15565 -15564
15566 e -14188 -8327
15567 e -15567 3292
15568 e -8380 8172
15569 e -15569 -13643
15570 e -15570 -5625
15571 e -10625 -10607
15572 e -15572 -4568
15573 e -10627 -10603
15574 e -15574 3271
15575 a -15575 -15573 -15571 -15568
15576 a 15568 15571 15573 15575
15577 a -15577 -15576
15578 e -14228 -8326
15579 e -15579 3292
15580 e -10627 -10620
15581 e -15581 -4568
15582 e -10631 -10614
15583 e -15583 5625
15584 e -10625 -10614
15585 e -15585 3243
15586 e -10627 -10618
15587 e -15587 -4547
15588 a -15588 -15586 -15584 -15582 -15580
15589 a 15580 15582 15584 15586 15588
15590 a -15590 -15589
15591 e -37 -34
15592 e -260 2
15593 e -1765 260
15594 a -15592 15593 15594
15595 e -34 -32
15596 e -479 10
15597 e -1984 479
15598 a -15596 15597 15598
15599 e -55 -32
15600 e -716 3
15601 e -2221 716
15602 a -15600 15601 15602
15603 e -69 -55
15604 e -943 41
15605 e -2448 943
15606 a -15604 15605 15606
15607 e -76 -69
15608 e -1161 62
15609 e -2666 1161
15610 a -15608 15609 15610
15611 a -15611 -15607 -15603 -15599 -15595
15612 e -5 -2
15613 e -1743 -10
15614 e -238 10
15615 a -15613 15614 15615
15616 e -9 -5
15617 e -1738 -3
15618 e -233 3
15619 a -15617 15618 15619
15620 e -19 -9
15621 e -1771 -41
15622 e -266 41
15623 a -15621 15622 15623
15624 e -28 -19
15625 e -1792 -62
15626 e -287 62
15627 a -15625 15626 15627
15628 e -37 -28
15629 e -1806 -76
15630 e -301 76
15631 a -15629 15630 15631
15632 a -15632 -15628 -15624 -15620 -15616
15633 e -1743 -1740
15634 e -3243 -1738
15635 e -1963 1738
15636 a -15634 15635 15636
15637 e -1749 -1740
15638 e -3271 -1771
15639 e -1991 1771
15640 a -15638 15639 15640
15641 e -1757 -1749
15642 e -3292 -1792
15643 e -2012 1792
15644 a -15642 15643 15644
15645 e -1765 -1757
15646 e -3306 -1806
15647 e -2026 1806
15648 a -15646 15647 15648
15649 e -1765 2
15650 e -260 -37
15651 e -37 34
15652 a -15650 15651 15652
15653 a -15653 -15649 -15645 -15641 -15637
15654 e -1743 -238
15655 e -10 -2
15656 e -5 2
15657 a -15655 15656 15657
15658 e -3250 -3243
15659 e -4547 -3271
15660 e -3487 3271
15661 a -15659 15660 15661
15662 e -3257 -3250
15663 e -4568 -3292
15664 e -3508 3292
15665 a -15663 15664 15665
15666 e -3264 -3257
15667 e -4582 -3306
15668 e -3522 3306
15669 a -15667 15668 15669
15670 e -3264 238
15671 e -479 -260
15672 e -260 258
15673 a -15671 15672 15673
15674 a -15674 -15670 -15666 -15662 -15658
15675 e -1963 -458
15676 e -10 -3
15677 e -10 6
15678 a -15676 15677 15678
15679 e -3243 -1963
15680 e -1743 -1738
15681 e -1743 1740
15682 a -15680 15681 15682
15683 e -4554 -4547
15684 e -5625 -4568
15685 e -4781 4568
15686 a -15684 15685 15686
15687 e -4561 -4554
15688 e -5639 -4582
15689 e -4795 4582
15690 a -15688 15689 15690
15691 e -4561 458
15692 e -716 -479
15693 e -500 479
15694 a -15692 15693 15694
15695 a -15695 -15691 -15687 -15683 -15679
15696 e -2207 -702
15697 e -41 -3
15698 e -14 3
15699 a -15697 15698 15699
15700 e -3487 -2207
15701 e -1771 -1738
15702 e -1747 1738
15703 a -15701 15702 15703
15704 e -4547 -3487
15705 e -3271 -3243
15706 e -3250 3243
15707 a -15705 15706 15707
15708 e -5632 -5625
15709 e -6481 -5639
15710 e -5850 5639
15711 a -15709 15710 15711
15712 e -5632 702
15713 e -943 -716
15714 e -730 716
15715 a -15713 15714 15715
15716 a -15716 -15712 -15708 -15704 -15700
15717 e -2441 -936
15718 e -62 -41
15719 e -48 41
15720 a -15718 15719 15720
15721 e -3721 -2441
15722 e -1792 -1771
15723 e -1778 1771
15724 a -15722 15723 15724
15725 e -4781 -3721
15726 e -3292 -3271
15727 e -3278 3271
15728 a -15726 15727 15728
15729 e -5625 -4781
15730 e -4568 -4547
15731 e -4554 4547
15732 a -15730 15731 15732
15733 e -6481 936
15734 e -1161 -943
15735 e -950 943
15736 a -15734 15735 15736
15737 a -15737 -15733 -15729 -15725 -15721
15738 e -2666 -1161
15739 e -76 -62
15740 e -69 62
15741 a -15739 15740 15741
15742 e -3946 -2666
15743 e -1806 -1792
15744 e -1799 1792
15745 a -15743 15744 15745
15746 e -5006 -3946
15747 e -3306 -3292
15748 e -3299 3292
15749 a -15747 15748 15749
15750 e -5850 -5006
15751 e -4582 -4568
15752 e -4575 4568
15753 a -15751 15752 15753
15754 e -6481 -5850
15755 e -5639 -5625
15756 e -5632 5625
15757 a -15755 15756 15757
15758 a -15758 -15754 -15750 -15746 -15742
15759 e -301 -76
15760 e -1806 37
15761 e -1806 -28
15762 a -15760 15761 15762
15763 e -521 -301
15764 e -3306 260
15765 e -3306 -252
15766 a -15764 15765 15766
15767 e -737 -521
15768 e -4582 479
15769 e -4582 -472
15770 a -15768 15769 15770
15771 e -950 -737
15772 e -5639 716
15773 e -5639 -709
15774 a -15772 15773 15774
15775 e -1161 -950
15776 e -6481 943
15777 e -6481 -936
15778 a -15776 15777 15778
15779 a -15779 -15775 -15771 -15767 -15763
15780 e -1765 -260
15781 a -15781 -15592
15782 e -1765 -34
15783 a 15782 15783
15784 e -1984 -479
15785 a -15785 -15596
15786 e -1984 -32
15787 a 15786 15787
15788 e -2221 -716
15789 a -15789 -15600
15790 e -2221 -55
15791 a 15790 15791
15792 e -2448 -943
15793 a -15793 -15604
15794 e -2448 -69
15795 a 15794 15795
15796 a -15739 -15608
15797 e -2666 -76
15798 a 15797 15798
15799 e -1765 -1763
15800 e -3264 -1984
15801 a -15801 -15800
15802 e -3264 -1763
15803 a 15802 15803
15804 e -1785 -1763
15805 e -3501 -2221
15806 a -15806 -15805
15807 e -3501 -1785
15808 a 15807 15808
15809 e -1799 -1785
15810 e -3728 -2448
15811 a -15811 -15810
15812 e -3728 -1799
15813 a 15812 15813
15814 e -1806 -1799
15815 a -15815 -15743
15816 e -3946 -1806
15817 a 15816 15817
15818 e -1806 -37
15819 a -15819 -15760
15820 e -301 -37
15821 a 15820 15821
15822 e -3285 -3264
15823 e -4561 -3501
15824 a -15824 -15823
15825 e -4561 -3285
15826 a 15825 15826
15827 e -3299 -3285
15828 e -4788 -3728
15829 a -15829 -15828
15830 e -4788 -3299
15831 a 15830 15831
15832 e -3306 -3299
15833 a -15833 -15747
15834 e -5006 -3306
15835 a 15834 15835
15836 e -3306 -260
15837 a -15837 -15764
15838 e -521 -260
15839 a 15838 15839
15840 e -4575 -4561
15841 e -5632 -4788
15842 a -15842 -15841
15843 e -5632 -4575
15844 a 15843 15844
15845 e -4582 -4575
15846 a -15846 -15751
15847 e -5850 -4582
15848 a 15847 15848
15849 e -4582 -479
15850 a -15850 -15768
15851 e -737 -479
15852 a 15851 15852
15853 e -5639 -5632
15854 a -15854 -15755
15855 a 15710 15855
15856 e -5639 -716
15857 a -15857 -15772
15858 e -950 -716
15859 a 15858 15859
15860 e -6481 -943
15861 a -15861 -15776
15862 a 15735 15862
15863 a 15782 15786 15790
15864 e -7696 -34
15865 e -15865 -32
15866 e -7689 -32
15867 e -15867 -55
15868 e -7692 55
15869 e -15869 -34
15870 a -15870 -15868 -15866
15871 a 15866 15868 15870
15872 a -15872 -15871
15873 a -15873 15864
15874 a 15782 15786 15794
15875 e -7700 -32
15876 e -15876 -69
15877 e -7702 69
15878 e -15878 -34
15879 a -15879 -15877 -15866
15880 a 15866 15877 15879
15881 a -15881 -15880
15882 a -15882 15875
15883 a 15782 15786 15797
15884 e -7709 -32
15885 e -15885 -76
15886 e -7711 76
15887 e -15887 -34
15888 a -15888 -15886 -15866
15889 a 15866 15886 15888
15890 a -15890 -15889
15891 a -15891 15884
15892 a 15782 15790 15794
15893 e -7692 -34
15894 e -15894 -55
15895 e -7725 -55
15896 e -15896 -69
15897 a -15897 -15895 -15879
15898 a 15879 15895 15897
15899 a -15899 -15898
15900 a -15900 15893
15901 a 15782 15790 15797
15902 e -7732 -55
15903 e -15903 -76
15904 a -15904 -15895 -15888
15905 a 15888 15895 15904
15906 a -15906 -15905
15907 a -15907 15902
15908 a 15782 15794 15797
15909 e -7702 -34
15910 e -15910 -69
15911 e -7745 -69
15912 e -15912 -76
15913 a -15913 -15911 -15888
15914 a 15888 15911 15913
15915 a -15915 -15914
15916 a -15916 15909
15917 a 15786 15790 15794
15918 e -7700 69
15919 e -15919 -32
15920 a -15920 -15897 -15868
15921 a 15868 15897 15920
15922 a -15922 -15921
15923 a -15923 15918
15924 a 15786 15790 15797
15925 e -7709 76
15926 e -15926 -32
15927 a -15927 -15904 -15868
15928 a 15868 15904 15927
15929 a -15929 -15928
15930 a -15930 15925
15931 a 15786 15794 15797
15932 a -15927 -15913 -15877
15933 a 15877 15913 15927
15934 a -15934 -15933
15935 a -15935 15932
15936 a 15790 15794 15797
15937 e -7732 76
15938 e -15938 -55
15939 a -15939 -15913 -15897
15940 a 15897 15913 15939
15941 a -15941 -15940
15942 a -15942 15937
15943 a 15802 15807 15812
15944 e -7915 -1763
15945 e -15945 -1785
15946 e -7947 -1785
15947 e -15947 -1799
15948 e -7924 1799
15949 e -15949 -1763
15950 a -15950 -15948 -15946
15951 a 15946 15948 15950
15952 a -15952 -15951
15953 a -15953 15944
15954 a 15802 15807 15816
15955 e -7954 -1785
15956 e -15956 -1806
15957 e -7932 1806
15958 e -15958 -1763
15959 a -15959 -15957 -15946
15960 a 15946 15957 15959
15961 a -15961 -15960
15962 a -15962 15955
15963 a 15802 15807 15820
15964 e -7961 -1785
15965 e -15965 -37
15966 e -7940 37
15967 e -15967 -1763
15968 a -15968 -15966 -15946
15969 a 15946 15966 15968
15970 a -15970 -15969
15971 a -15971 15964
15972 a 15802 15812 15816
15973 e -7924 -1763
15974 e -15974 -1799
15975 e -7968 -1799
15976 e -15976 -1806
15977 a -15977 -15975 -15959
15978 a 15959 15975 15977
15979 a -15979 -15978
15980 a -15980 15973
15981 a 15802 15812 15820
15982 e -7975 -1799
15983 e -15983 -37
15984 a -15984 -15975 -15968
15985 a 15968 15975 15984
15986 a -15986 -15985
15987 a -15987 15982
15988 a 15802 15816 15820
15989 e -7932 -1763
15990 e -15990 -1806
15991 e -7499 -1806
15992 e -15992 -37
15993 a -15993 -15991 -15968
15994 a 15968 15991 15993
15995 a -15995 -15994
15996 a -15996 15989
15997 a 15807 15812 15816
15998 e -7954 1806
15999 e -15999 -1785
16000 a -16000 -15977 -15948
16001 a 15948 15977 16000
16002 a -16002 -16001
16003 a -16003 15998
16004 a 15807 15812 15820
16005 e -7961 37
16006 e -16006 -1785
16007 a -16007 -15984 -15948
16008 a 15948 15984 16007
16009 a -16009 -16008
16010 a -16010 16005
16011 a 15807 15816 15820
16012 a -16007 -15993 -15957
16013 a 15957 15993 16007
16014 a -16014 -16013
16015 a -16015 16012
16016 a 15812 15816 15820
16017 e -7975 37
16018 e -16018 -1799
16019 a -16019 -15993 -15977
16020 a 15977 15993 16019
16021 a -16021 -16020
16022 a -16022 16017
16023 a 15782 15825 15830
16024 e -15894 -3285
16025 e -8165 -3285
16026 e -16026 -3299
16027 e -7702 -3299
16028 e -16028 34
16029 a -16029 -16027 -16025
16030 a 16025 16027 16029
16031 a -16031 -16030
16032 a -16032 16024
16033 a 15782 15825 15834
16034 e -8172 -3285
16035 e -16035 -3306
16036 e -7711 -3306
16037 e -16037 34
16038 a -16038 -16036 -16025
16039 a 16025 16036 16038
16040 a -16040 -16039
16041 a -16041 16034
16042 a 15782 15825 15838
16043 e -8179 -3285
16044 e -16044 -260
16045 e -1549 -260
16046 e -16046 34
16047 a -16047 -16045 -16025
16048 a 16025 16045 16047
16049 a -16049 -16048
16050 a -16050 16043
16051 a 15782 15830 15834
16052 e -15910 -3299
16053 e -8186 -3299
16054 e -16054 -3306
16055 a -16055 -16053 -16038
16056 a 16038 16053 16055
16057 a -16057 -16056
16058 a -16058 16052
16059 a 15782 15830 15838
16060 e -8193 -3299
16061 e -16061 -260
16062 a -16062 -16053 -16047
16063 a 16047 16053 16062
16064 a -16064 -16063
16065 a -16065 16060
16066 a 15782 15834 15838
16067 e -7711 -34
16068 e -16068 -3306
16069 e -7553 -3306
16070 e -16070 -260
16071 a -16071 -16069 -16047
16072 a 16047 16069 16071
16073 a -16073 -16072
16074 a -16074 16067
16075 a 15825 15830 15834
16076 e -8172 3306
16077 e -16077 -3285
16078 a -16078 -16055 -16027
16079 a 16027 16055 16078
16080 a -16080 -16079
16081 a -16081 16076
16082 a 15825 15830 15838
16083 e -8179 260
16084 e -16084 -3285
16085 a -16085 -16062 -16027
16086 a 16027 16062 16085
16087 a -16087 -16086
16088 a -16088 16083
16089 a 15825 15834 15838
16090 a -16085 -16071 -16036
16091 a 16036 16071 16085
16092 a -16092 -16091
16093 a -16093 16090
16094 a 15830 15834 15838
16095 e -8193 260
16096 e -16096 -3299
16097 a -16097 -16071 -16055
16098 a 16055 16071 16097
16099 a -16099 -16098
16100 a -16100 16095
16101 a 15786 15802 15843
16102 e -7691 32
16103 e -16103 1763
16104 e -15974 -4575
16105 e -7700 -4575
16106 e -16106 32
16107 a -16107 -16105 -16104
16108 a 16104 16105 16107
16109 a -16109 -16108
16110 a -16110 16102
16111 a 15786 15802 15847
16112 e -15990 -4582
16113 e -7709 -4582
16114 e -16114 32
16115 a -16115 -16113 -16104
16116 a 16104 16113 16115
16117 a -16117 -16116
16118 a -16118 16112
16119 a 15786 15802 15851
16120 e -7940 -1763
16121 e -16121 -479
16122 e -1603 -479
16123 e -16123 32
16124 a -16124 -16122 -16104
16125 a 16104 16122 16124
16126 a -16126 -16125
16127 a -16127 16120
16128 a 15786 15843 15847
16129 e -15876 -4575
16130 e -8400 -4575
16131 e -16131 -4582
16132 a -16132 -16130 -16115
16133 a 16115 16130 16132
16134 a -16134 -16133
16135 a -16135 16129
16136 a 15786 15843 15851
16137 e -8407 -4575
16138 e -16138 -479
16139 a -16139 -16130 -16124
16140 a 16124 16130 16139
16141 a -16141 -16140
16142 a -16142 16137
16143 a 15786 15847 15851
16144 e -15885 -4582
16145 e -7583 -4582
16146 e -16146 -479
16147 a -16147 -16145 -16124
16148 a 16124 16145 16147
16149 a -16149 -16148
16150 a -16150 16144
16151 a 15802 15843 15847
16152 e -7932 -4582
16153 e -16153 1763
16154 a -16154 -16132 -16105
16155 a 16105 16132 16154
16156 a -16156 -16155
16157 a -16157 16152
16158 a 15802 15843 15851
16159 e -7940 -479
16160 e -16160 1763
16161 a -16161 -16139 -16105
16162 a 16105 16139 16161
16163 a -16163 -16162
16164 a -16164 16159
16165 a 15802 15847 15851
16166 a -16161 -16147 -16113
16167 a 16113 16147 16161
16168 a -16168 -16167
16169 a -16169 16166
16170 a 15843 15847 15851
16171 e -8407 479
16172 e -16172 -4575
16173 a -16173 -16147 -16132
16174 a 16132 16147 16173
16175 a -16175 -16174
16176 a -16176 16171
16177 a 15790 15807 15825
16178 e -7695 55
16179 e -16179 1785
16180 e -7917 1785
16181 e -16181 3285
16182 e -7692 -3285
16183 e -16183 55
16184 a -16184 -16182 -16180
16185 a 16180 16182 16184
16186 a -16186 -16185
16187 a -16187 16178
16188 a 15790 15807 15855
16189 e -15956 -5639
16190 e -7732 -5639
16191 e -16191 55
16192 a -16192 -16190 -16180
16193 a 16180 16190 16192
16194 a -16194 -16193
16195 a -16195 16189
16196 a 15790 15807 15858
16197 e -15965 -716
16198 e -1633 -716
16199 e -16199 55
16200 a -16200 -16198 -16180
16201 a 16180 16198 16200
16202 a -16202 -16201
16203 a -16203 16197
16204 a 15790 15825 15855
16205 e -15869 3285
16206 e -16035 -5639
16207 a -16207 -16206 -16192
16208 a 16192 16206 16207
16209 a -16209 -16208
16210 a -16210 16205
16211 a 15790 15825 15858
16212 e -16044 -716
16213 a -16213 -16206 -16200
16214 a 16200 16206 16213
16215 a -16215 -16214
16216 a -16216 16212
16217 a 15790 15855 15858
16218 e -15903 -5639
16219 e -7595 -5639
16220 e -16220 -716
16221 a -16221 -16219 -16200
16222 a 16200 16219 16221
16223 a -16223 -16222
16224 a -16224 16218
16225 a 15807 15825 15855
16226 e -7954 -5639
16227 e -16227 1785
16228 a -16228 -16207 -16182
16229 a 16182 16207 16228
16230 a -16230 -16229
16231 a -16231 16226
16232 a 15807 15825 15858
16233 e -7961 -716
16234 e -16234 1785
16235 a -16235 -16213 -16182
16236 a 16182 16213 16235
16237 a -16237 -16236
16238 a -16238 16233
16239 a 15807 15855 15858
16240 a -16235 -16221 -16190
16241 a 16190 16221 16235
16242 a -16242 -16241
16243 a -16243 16240
16244 a 15825 15855 15858
16245 e -8179 -716
16246 e -16246 3285
16247 a -16247 -16221 -16207
16248 a 16207 16221 16247
16249 a -16249 -16248
16250 a -16250 16245
16251 a 15794 15812 15830
16252 e -7705 69
16253 e -16253 1799
16254 e -7926 1799
16255 e -16255 3299
16256 e -16028 69
16257 a -16257 -16256 -16254
16258 a 16254 16256 16257
16259 a -16259 -16258
16260 a -16260 16252
16261 a 15794 15812 15843
16262 e -15949 4575
16263 e -16106 69
16264 a -16264 -16263 -16254
16265 a 16254 16263 16264
16266 a -16266 -16265
16267 a -16267 16262
16268 a 15794 15812 15862
16269 e -15983 -943
16270 e -1645 -943
16271 e -16271 69
16272 a -16272 -16270 -16254
16273 a 16254 16270 16272
16274 a -16274 -16273
16275 a -16275 16269
16276 a 15794 15830 15843
16277 e -15878 3299
16278 e -8145 3299
16279 e -16279 4575
16280 a -16280 -16278 -16264
16281 a 16264 16278 16280
16282 a -16282 -16281
16283 a -16283 16277
16284 a 15794 15830 15862
16285 e -16061 -943
16286 a -16286 -16278 -16272
16287 a 16272 16278 16286
16288 a -16288 -16287
16289 a -16289 16285
16290 a 15794 15843 15862
16291 e -15919 4575
16292 e -16138 -943
16293 a -16293 -16292 -16272
16294 a 16272 16292 16293
16295 a -16295 -16294
16296 a -16296 16291
16297 a 15812 15830 15843
16298 e -7924 -4575
16299 e -16299 1799
16300 a -16300 -16280 -16256
16301 a 16256 16280 16300
16302 a -16302 -16301
16303 a -16303 16298
16304 a 15812 15830 15862
16305 e -7975 -943
16306 e -16306 1799
16307 a -16307 -16286 -16256
16308 a 16256 16286 16307
16309 a -16309 -16308
16310 a -16310 16305
16311 a 15812 15843 15862
16312 a -16307 -16293 -16263
16313 a 16263 16293 16307
16314 a -16314 -16313
16315 a -16315 16312
16316 a 15830 15843 15862
16317 e -8193 -943
16318 e -16318 3299
16319 a -16319 -16293 -16280
16320 a 16280 16293 16319
16321 a -16321 -16320
16322 a -16322 16317
16323 a 15797 15816 15834
16324 e -7714 76
16325 e -16325 1806
16326 e -7934 1806
16327 e -16327 3306
16328 e -16037 76
16329 a -16329 -16328 -16326
16330 a 16326 16328 16329
16331 a -16331 -16330
16332 a -16332 16324
16333 a 15797 15816 15847
16334 e -15958 4582
16335 e -16114 76
16336 a -16336 -16335 -16326
16337 a 16326 16335 16336
16338 a -16338 -16337
16339 a -16339 16334
16340 a 15797 15816 15855
16341 e -15999 5639
16342 e -16191 76
16343 a -16343 -16342 -16326
16344 a 16326 16342 16343
16345 a -16345 -16344
16346 a -16346 16341
16347 a 15797 15834 15847
16348 e -15887 3306
16349 e -8152 3306
16350 e -16350 4582
16351 a -16351 -16349 -16336
16352 a 16336 16349 16351
16353 a -16353 -16352
16354 a -16354 16348
16355 a 15797 15834 15855
16356 e -16077 5639
16357 a -16357 -16349 -16343
16358 a 16343 16349 16357
16359 a -16359 -16358
16360 a -16360 16356
16361 a 15797 15847 15855
16362 e -15926 4582
16363 e -8387 4582
16364 e -16364 5639
16365 a -16365 -16363 -16343
16366 a 16343 16363 16365
16367 a -16367 -16366
16368 a -16368 16362
16369 a 15816 15834 15847
16370 e -16153 1806
16371 a -16371 -16351 -16328
16372 a 16328 16351 16371
16373 a -16373 -16372
16374 a -16374 16370
16375 a 15816 15834 15855
16376 e -16227 1806
16377 a -16377 -16357 -16328
16378 a 16328 16357 16377
16379 a -16379 -16378
16380 a -16380 16376
16381 a 15816 15847 15855
16382 a -16377 -16365 -16335
16383 a 16335 16365 16377
16384 a -16384 -16383
16385 a -16385 16382
16386 a 15834 15847 15855
16387 e -8172 -5639
16388 e -16388 3306
16389 a -16389 -16365 -16351
16390 a 16351 16365 16389
16391 a -16391 -16390
16392 a -16392 16387
16393 a 15820 15838 15851
16394 e -4334 37
16395 e -16395 260
16396 e -5448 260
16397 e -16397 479
16398 e -16160 37
16399 a -16399 -16398 -16396
16400 a 16396 16398 16399
16401 a -16401 -16400
16402 a -16402 16394
16403 a 15820 15838 15858
16404 e -16084 716
16405 e -16234 37
16406 a -16406 -16405 -16396
16407 a 16396 16405 16406
16408 a -16408 -16407
16409 a -16409 16404
16410 a 15820 15838 15862
16411 e -16096 943
16412 e -16306 37
16413 a -16413 -16412 -16396
16414 a 16396 16412 16413
16415 a -16415 -16414
16416 a -16416 16411
16417 a 15820 15851 15858
16418 e -15967 479
16419 e -6322 479
16420 e -16420 716
16421 a -16421 -16419 -16406
16422 a 16406 16419 16421
16423 a -16423 -16422
16424 a -16424 16418
16425 a 15820 15851 15862
16426 e -16172 943
16427 a -16427 -16419 -16413
16428 a 16413 16419 16427
16429 a -16429 -16428
16430 a -16430 16426
16431 a 15820 15858 15862
16432 e -16006 716
16433 e -6965 716
16434 e -16434 943
16435 a -16435 -16433 -16413
16436 a 16413 16433 16435
16437 a -16437 -16436
16438 a -16438 16432
16439 a 15838 15851 15858
16440 e -16246 260
16441 a -16441 -16421 -16398
16442 a 16398 16421 16441
16443 a -16443 -16442
16444 a -16444 16440
16445 a 15838 15851 15862
16446 e -16318 260
16447 a -16447 -16427 -16398
16448 a 16398 16427 16447
16449 a -16449 -16448
16450 a -16450 16446
16451 a 15838 15858 15862
16452 a -16447 -16435 -16405
16453 a 16405 16435 16447
16454 a -16454 -16453
16455 a -16455 16452
16456 a 15851 15858 15862
16457 e -8407 -943
16458 e -16458 479
16459 a -16459 -16435 -16421
16460 a 16421 16435 16459
16461 a -16461 -16460
16462 a -16462 16457
16463 e -34 -2
16464 e -32 -10
16465 e -16465 -16464
16466 a -16466 15782 15786 15866
16467 a 15656 16467
16468 a -15656 16467
16469 e -55 -3
16470 e -16470 -16464
16471 a -16471 15782 15790 15895
16472 a 4 16472
16473 a -4 16472
16474 e -69 -41
16475 e -16475 -16464
16476 a -16476 15782 15794 15911
16477 a 42 16477
16478 a -42 16477
16479 e -16068 -76
16480 e -16464 -15740
16481 a -16481 15782 15797 16480
16482 a 63 16482
16483 a -63 16482
16484 e -1763 -1743
16485 e -16485 -16464
16486 a -16486 15782 15802
16487 e -1743 -2
16488 a 16487 16488
16489 a -16488 16487
16490 e -1785 -1738
16491 e -16491 -16464
16492 a -16492 15782 15807
16493 a 1739 16493
16494 a -1739 16493
16495 e -1799 -1771
16496 e -16496 -16464
16497 a -16497 15782 15812
16498 a 1772 16498
16499 a -1772 16498
16500 e -16464 -15744
16501 a -16501 15782 15816
16502 a 1793 16502
16503 a -1793 16502
16504 a 15782 15820 16464
16505 e -37 2
16506 a 16505 16506
16507 a -16506 16505
16508 e -16183 34
16509 e -3285 -3243
16510 e -16510 -16464
16511 a -16511 15782 15825 16509
16512 a 3244 16512
16513 a -3244 16512
16514 e -3299 -3271
16515 e -16515 -16464
16516 a -16516 15782 15830 16029
16517 a 3272 16517
16518 a -3272 16517
16519 e -16464 -15748
16520 a -16520 15782 15834 16038
16521 a 3293 16521
16522 a -3293 16521
16523 a 15782 15838 16047 16464
16524 a 15593 16524
16525 a -15593 16524
16526 e -4575 -4547
16527 e -16527 -16464
16528 e -4547 -2
16529 e -16464 -15752
16530 e -4568 -2
16531 e -479 2
16532 e -16464 -15756
16533 e -5625 -2
16534 e -716 2
16535 e -943 2
16536 e -16470 -16465
16537 a -16537 15786 15790 15868
16538 a 15677 16538
16539 a -15677 16538
16540 e -16475 -16465
16541 a -16541 15786 15794 15877
16542 a 143 16542
16543 a -143 16542
16544 e -16465 -15740
16545 a -16545 15786 15797 15886
16546 a 161 16546
16547 a -161 16546
16548 e -7691 -1763
16549 e -16549 32
16550 e -16485 -16465
16551 a -16551 -16550 15786 15802
16552 a 15614 16552
16553 a -15614 16552
16554 e -16491 -16465
16555 a -16555 15786 15807
16556 a 2184 16556
16557 a -2184 16556
16558 e -16496 -16465
16559 a -16559 15786 15812
16560 e -1771 -10
16561 a 16560 16561
16562 a -16561 16560
16563 e -16465 -15744
16564 a -16564 15786 15816
16565 e -1792 -10
16566 a 16565 16566
16567 a -16566 16565
16568 a 15786 15820 16465
16569 e -37 10
16570 a 16569 16570
16571 a -16570 16569
16572 e -16510 -16465
16573 a -16573 15786 15825
16574 a 4523 16574
16575 a -4523 16574
16576 e -16515 -16465
16577 a -16577 15786 15830
16578 e -3271 -10
16579 a 16578 16579
16580 a -16579 16578
16581 e -16465 -15748
16582 a -16582 15786 15834
16583 e -3292 -10
16584 a 16583 16584
16585 a -16584 16583
16586 a 15786 15838 16465
16587 e -260 10
16588 a 16587 16588
16589 a -16588 16587
16590 e -16527 -16465
16591 a -16591 15786 15843 16107
16592 a 4548 16592
16593 a -4548 16592
16594 e -16465 -15752
16595 a -16595 15786 15847 16115
16596 a 4569 16596
16597 a -4569 16596
16598 a 15786 15851 16124 16465
16599 a 15597 16599
16600 a -15597 16599
16601 e -16465 -15756
16602 e -5625 -10
16603 e -716 10
16604 e -943 10
16605 e -16475 -16470
16606 a -16606 15790 15794 15897
16607 a 15698 16607
16608 a -15698 16607
16609 e -16470 -15740
16610 a -16610 15790 15797 15904
16611 a 203 16611
16612 a -203 16611
16613 e -16485 -16470
16614 e -7695 -1785
16615 e -16615 55
16616 e -16491 -16470
16617 a -16617 -16616 15790 15807
16618 a 15618 16618
16619 a -15618 16618
16620 e -16496 -16470
16621 a -16621 15790 15812
16622 a 2424 16622
16623 a -2424 16622
16624 e -16470 -15744
16625 a -16625 15790 15816
16626 e -1792 -3
16627 a 16626 16627
16628 a -16627 16626
16629 a 15790 15820 16470
16630 e -37 3
16631 a 16630 16631
16632 a -16631 16630
16633 e -16510 -16470
16634 a -16634 -16184 15790 15825
16635 a 5583 16635
16636 a -5583 16635
16637 e -16515 -16470
16638 a -16638 15790 15830
16639 e -3271 -3
16640 a 16639 16640
16641 a -16640 16639
16642 e -16470 -15748
16643 a -16643 15790 15834
16644 e -3292 -3
16645 a 16644 16645
16646 a -16645 16644
16647 a 15790 15838 16470
16648 e -260 3
16649 a 16648 16649
16650 a -16649 16648
16651 e -16527 -16470
16652 a -16652 15790 15843
16653 a 5607 16653
16654 a -5607 16653
16655 e -16470 -15752
16656 a -16656 15790 15847
16657 e -4568 -3
16658 a 16657 16658
16659 a -16658 16657
16660 a 15790 15851 16470
16661 e -479 3
16662 a 16661 16662
16663 a -16662 16661
16664 e -16470 -15756
16665 a -16665 15790 15855 16192
16666 a 5626 16666
16667 a -5626 16666
16668 a 15790 15858 16200 16470
16669 a 15601 16669
16670 a -15601 16669
16671 e -943 3
16672 e -16475 -15740
16673 a -16673 15794 15797 15913
16674 a 15719 16674
16675 a -15719 16674
16676 e -16485 -16475
16677 e -1743 -41
16678 e -16491 -16475
16679 e -7705 -1799
16680 e -16680 69
16681 e -16496 -16475
16682 a -16682 -16681 15794 15812
16683 a 15622 16683
16684 a -15622 16683
16685 e -16475 -15744
16686 a -16686 15794 15816
16687 a 2655 16687
16688 a -2655 16687
16689 a 15794 15820 16475
16690 e -41 37
16691 a 16690 16691
16692 a -16691 16690
16693 e -16510 -16475
16694 e -3243 -41
16695 e -16515 -16475
16696 a -16696 -16257 15794 15830
16697 a 6427 16697
16698 a -6427 16697
16699 e -16475 -15748
16700 a -16700 15794 15834
16701 e -3292 -41
16702 a 16701 16702
16703 a -16702 16701
16704 a 15794 15838 16475
16705 e -260 41
16706 a 16705 16706
16707 a -16706 16705
16708 e -16527 -16475
16709 a -16709 -16264 15794 15843
16710 a 6451 16710
16711 a -6451 16710
16712 e -16475 -15752
16713 a -16713 15794 15847
16714 e -4568 -41
16715 a 16714 16715
16716 a -16715 16714
16717 a 15794 15851 16475
16718 e -479 41
16719 a 16718 16719
16720 a -16719 16718
16721 e -16475 -15756
16722 a -16722 15794 15855
16723 a 6469 16723
16724 a -6469 16723
16725 a 15794 15858 16475
16726 e -716 41
16727 a 16726 16727
16728 a -16727 16726
16729 a 15794 15862 16272 16475
16730 a 15605 16730
16731 a -15605 16730
16732 e -16485 -15740
16733 e -1743 -62
16734 e -16491 -15740
16735 e -1738 -62
16736 e -16496 -15740
16737 e -7714 -1806
16738 e -16738 76
16739 e -15744 -15740
16740 a -16740 -16739 15797 15816
16741 a 15626 16741
16742 a -15626 16741
16743 a 15740 15797 15820
16744 e -62 37
16745 a 16744 16745
16746 a -16745 16744
16747 e -16510 -15740
16748 e -3243 -62
16749 e -16515 -15740
16750 e -3271 -62
16751 e -15748 -15740
16752 a -16752 -16329 15797 15834
16753 a 7058 16753
16754 a -7058 16753
16755 a 15740 15797 15838
16756 e -260 62
16757 a 16756 16757
16758 a -16757 16756
16759 e -16527 -15740
16760 e -4547 -62
16761 e -15752 -15740
16762 a -16762 -16336 15797 15847
16763 a 7082 16763
16764 a -7082 16763
16765 a 15740 15797 15851
16766 e -479 62
16767 a 16766 16767
16768 a -16767 16766
16769 e -15756 -15740
16770 a -16770 -16343 15797 15855
16771 a 7100 16771
16772 a -7100 16771
16773 a 15740 15797 15858
16774 e -716 62
16775 a 16774 16775
16776 a -16775 16774
16777 a 15740 15797 15862
16778 e -943 62
16779 a 16778 16779
16780 a -16779 16778
16781 e -16491 -16485
16782 a -16782 15802 15807 15946
16783 a 15681 16783
16784 a -15681 16783
16785 e -16496 -16485
16786 a -16786 15802 15812 15975
16787 a 1873 16787
16788 a -1873 16787
16789 e -16485 -15744
16790 a -16790 15802 15816 15991
16791 a 1891 16791
16792 a -1891 16791
16793 e -16121 -37
16794 a 15802 15820 16485 16794
16795 e -1743 37
16796 a 16795 16796
16797 a -16796 16795
16798 e -16510 -16485
16799 a -16799 15802 15825
16800 e -3243 -1743
16801 a 16800 16801
16802 a -16801 16800
16803 e -16515 -16485
16804 a -16804 15802 15830
16805 a 3373 16805
16806 a -3373 16805
16807 e -16485 -15748
16808 a -16808 15802 15834
16809 a 3391 16809
16810 a -3391 16809
16811 a 15802 15838 16485
16812 e -1743 260
16813 a 16812 16813
16814 a -16813 16812
16815 e -16299 1763
16816 e -16527 -16485
16817 a -16817 15802 15843 16816
16818 a 4649 16818
16819 a -4649 16818
16820 e -16485 -15752
16821 a -16821 15802 15847 16154
16822 a 4667 16822
16823 a -4667 16822
16824 a 15802 15851 16161 16485
16825 e -1743 479
16826 a 16825 16826
16827 a -16826 16825
16828 e -16485 -15756
16829 e -5625 -1743
16830 e -1743 716
16831 e -1743 943
16832 e -16496 -16491
16833 a -16833 15807 15812 15948
16834 a 15702 16834
16835 a -15702 16834
16836 e -16491 -15744
16837 a -16837 15807 15816 15957
16838 a 1933 16838
16839 a -1933 16838
16840 a 15807 15820 15966 16491
16841 e -1738 37
16842 a 16841 16842
16843 a -16842 16841
16844 e -7917 -3285
16845 e -16845 1785
16846 e -16510 -16491
16847 a -16847 -16846 15807 15825
16848 a 15635 16848
16849 a -15635 16848
16850 e -16515 -16491
16851 a -16851 15807 15830
16852 a 3803 16852
16853 a -3803 16852
16854 e -16491 -15748
16855 a -16855 15807 15834
16856 e -3292 -1738
16857 a 16856 16857
16858 a -16857 16856
16859 a 15807 15838 16491
16860 e -1738 260
16861 a 16860 16861
16862 a -16861 16860
16863 e -16527 -16491
16864 a -16864 15807 15843
16865 a 5706 16865
16866 a -5706 16865
16867 e -16491 -15752
16868 a -16868 15807 15847
16869 e -4568 -1738
16870 a 16869 16870
16871 a -16870 16869
16872 a 15807 15851 16491
16873 e -1738 479
16874 a 16873 16874
16875 a -16874 16873
16876 e -16491 -15756
16877 a -16877 15807 15855 16228
16878 a 5724 16878
16879 a -5724 16878
16880 a 15807 15858 16235 16491
16881 e -1738 716
16882 a 16881 16882
16883 a -16882 16881
16884 e -1738 943
16885 e -16496 -15744
16886 a -16886 15812 15816 15977
16887 a 15723 16887
16888 a -15723 16887
16889 a 15812 15820 15984 16496
16890 e -1771 37
16891 a 16890 16891
16892 a -16891 16890
16893 e -16510 -16496
16894 e -7926 -3299
16895 e -16895 1799
16896 e -16515 -16496
16897 a -16897 -16896 15812 15830
16898 a 15639 16898
16899 a -15639 16898
16900 e -16496 -15748
16901 a -16901 15812 15834
16902 a 4032 16902
16903 a -4032 16902
16904 a 15812 15838 16496
16905 e -1771 260
16906 a 16905 16906
16907 a -16906 16905
16908 e -16527 -16496
16909 a -16909 -16300 15812 15843
16910 a 6548 16910
16911 a -6548 16910
16912 e -16496 -15752
16913 a -16913 15812 15847
16914 e -4568 -1771
16915 a 16914 16915
16916 a -16915 16914
16917 a 15812 15851 16496
16918 e -1771 479
16919 a 16918 16919
16920 a -16919 16918
16921 e -16496 -15756
16922 a -16922 15812 15855
16923 a 6566 16923
16924 a -6566 16923
16925 a 15812 15858 16496
16926 e -1771 716
16927 a 16926 16927
16928 a -16927 16926
16929 a 15812 15862 16307 16496
16930 e -1771 943
16931 a 16930 16931
16932 a -16931 16930
16933 a 15744 15816 15820 15993
16934 e -1792 37
16935 a 16934 16935
16936 a -16935 16934
16937 e -16510 -15744
16938 e -3243 -1792
16939 e -16515 -15744
16940 e -7934 -3306
16941 e -16941 1806
16942 e -15748 -15744
16943 a -16943 -16942 15816 15834
16944 a 15643 16944
16945 a -15643 16944
16946 a 15744 15816 15838
16947 e -1792 260
16948 a 16947 16948
16949 a -16948 16947
16950 e -16527 -15744
16951 e -4547 -1792
16952 e -15752 -15744
16953 a -16953 -16371 15816 15847
16954 a 7178 16954
16955 a -7178 16954
16956 a 15744 15816 15851
16957 e -1792 479
16958 a 16957 16958
16959 a -16958 16957
16960 e -15756 -15744
16961 a -16961 -16377 15816 15855
16962 a 7196 16962
16963 a -7196 16962
16964 a 15744 15816 15858
16965 e -1792 716
16966 a 16965 16966
16967 a -16966 16965
16968 a 15744 15816 15862
16969 e -1792 943
16970 a 16969 16970
16971 a -16970 16969
16972 e -3243 37
16973 e -3271 37
16974 e -3292 37
16975 e -4334 -260
16976 e -16976 37
16977 e -4547 37
16978 e -4568 37
16979 e -5625 37
16980 e -16515 -16510
16981 a -16981 15825 15830 16027
16982 a 15706 16982
16983 a -15706 16982
16984 e -16510 -15748
16985 a -16985 15825 15834 16036
16986 a 3433 16986
16987 a -3433 16986
16988 a 15825 15838 16045 16510
16989 e -3243 260
16990 a 16989 16990
16991 a -16990 16989
16992 e -16527 -16510
16993 a -16993 15825 15843
16994 e -4547 -3243
16995 a 16994 16995
16996 a -16995 16994
16997 e -16510 -15752
16998 a -16998 15825 15847
16999 a 4709 16999
17000 a -4709 16999
17001 a 15825 15851 16510
17002 e -3243 479
17003 a 17002 17003
17004 a -17003 17002
17005 e -16388 3285
17006 e -16510 -15756
17007 a -17007 15825 15855 17006
17008 a 5766 17008
17009 a -5766 17008
17010 a 15825 15858 16247 16510
17011 e -3243 716
17012 a 17011 17012
17013 a -17012 17011
17014 e -3243 943
17015 e -16515 -15748
17016 a -17016 15830 15834 16055
17017 a 15727 17017
17018 a -15727 17017
17019 a 15830 15838 16062 16515
17020 e -3271 260
17021 a 17020 17021
17022 a -17021 17020
17023 e -8145 -4575
17024 e -17024 3299
17025 e -16527 -16515
17026 a -17026 -17025 15830 15843
17027 a 15660 17027
17028 a -15660 17027
17029 e -16515 -15752
17030 a -17030 15830 15847
17031 a 5134 17031
17032 a -5134 17031
17033 a 15830 15851 16515
17034 e -3271 479
17035 a 17034 17035
17036 a -17035 17034
17037 e -16515 -15756
17038 a -17038 15830 15855
17039 a 6608 17039
17040 a -6608 17039
17041 a 15830 15858 16515
17042 e -3271 716
17043 a 17042 17043
17044 a -17043 17042
17045 a 15830 15862 16319 16515
17046 e -3271 943
17047 a 17046 17047
17048 a -17047 17046
17049 a 15748 15834 15838 16071
17050 e -3292 260
17051 a 17050 17051
17052 a -17051 17050
17053 e -16527 -15748
17054 e -8152 -4582
17055 e -17055 3306
17056 e -15752 -15748
17057 a -17057 -17056 15834 15847
17058 a 15664 17058
17059 a -15664 17058
17060 a 15748 15834 15851
17061 e -3292 479
17062 a 17061 17062
17063 a -17062 17061
17064 e -15756 -15748
17065 a -17065 -16389 15834 15855
17066 a 7238 17066
17067 a -7238 17066
17068 a 15748 15834 15858
17069 e -3292 716
17070 a 17069 17070
17071 a -17070 17069
17072 a 15748 15834 15862
17073 e -3292 943
17074 a 17073 17074
17075 a -17074 17073
17076 e -4547 260
17077 e -4568 260
17078 e -5448 -479
17079 e -17079 260
17080 e -5625 260
17081 e -16527 -15752
17082 a -17082 15843 15847 16132
17083 a 15731 17083
17084 a -15731 17083
17085 a 15843 15851 16139 16527
17086 e -4547 479
17087 a 17086 17087
17088 a -17087 17086
17089 e -16527 -15756
17090 a -17090 15843 15855
17091 e -5625 -4547
17092 a 17091 17092
17093 a -17092 17091
17094 a 15843 15858 16527
17095 e -4547 716
17096 a 17095 17096
17097 a -17096 17095
17098 e -16458 4575
17099 a 15843 15862 16527 17099
17100 e -4547 943
17101 a 17100 17101
17102 a -17101 17100
17103 a 15752 15847 15851 16147
17104 e -4568 479
17105 a 17104 17105
17106 a -17105 17104
17107 e -8387 -5639
17108 e -17108 4582
17109 e -15756 -15752
17110 a -17110 -17109 15847 15855
17111 a 15685 17111
17112 a -15685 17111
17113 a 15752 15847 15858
17114 e -4568 716
17115 a 17114 17115
17116 a -17115 17114
17117 a 15752 15847 15862
17118 e -4568 943
17119 a 17118 17119
17120 a -17119 17118
17121 e -5625 479
17122 e -6322 -716
17123 e -17123 479
17124 a 15756 15855 15858 16221
17125 e -5625 716
17126 a 17125 17126
17127 a -17126 17125
17128 a 15756 15855 15862
17129 e -5625 943
17130 a 17129 17130
17131 a -17130 17129
17132 e -6965 -943
17133 e -17133 716
17134 e -16469 16468
17135 a -16469 16468
17136 e -16474 16473
17137 a -16474 16473
17138 e -16479 16478
17139 a -16479 16478
17140 e -16484 16483
17141 a -16484 16483
17142 e -16490 16489
17143 a -16490 16489
17144 e -16495 16494
17145 a -16495 16494
17146 e -16500 16499
17147 a -16500 16499
17148 e -16504 16503
17149 a -16504 16503
17150 e -16508 16507
17151 a -16508 16507
17152 e -16514 16513
17153 a -16514 16513
17154 e -16519 16518
17155 a -16519 16518
17156 e -16523 16522
17157 a -16523 16522
17158 e -16526 16525
17159 a -16526 16525
17160 e -16540 16539
17161 a -16540 16539
17162 e -16544 16543
17163 a -16544 16543
17164 e -16548 16547
17165 a -16548 16547
17166 e -16554 16553
17167 a -16554 16553
17168 e -16558 16557
17169 a -16558 16557
17170 e -16563 16562
17171 a -16563 16562
17172 e -16568 16567
17173 a -16568 16567
17174 e -16572 16571
17175 a -16572 16571
17176 e -16576 16575
17177 a -16576 16575
17178 e -16581 16580
17179 a -16581 16580
17180 e -16586 16585
17181 a -16586 16585
17182 e -16590 16589
17183 a -16590 16589
17184 e -16594 16593
17185 a -16594 16593
17186 e -16598 16597
17187 a -16598 16597
17188 e -16601 16600
17189 a -16601 16600
17190 e -16609 16608
17191 a -16609 16608
17192 e -16613 16612
17193 a -16613 16612
17194 e -16620 16619
17195 a -16620 16619
17196 e -16624 16623
17197 a -16624 16623
17198 e -16629 16628
17199 a -16629 16628
17200 e -16633 16632
17201 a -16633 16632
17202 e -16637 16636
17203 a -16637 16636
17204 e -16642 16641
17205 a -16642 16641
17206 e -16647 16646
17207 a -16647 16646
17208 e -16651 16650
17209 a -16651 16650
17210 e -16655 16654
17211 a -16655 16654
17212 e -16660 16659
17213 a -16660 16659
17214 e -16664 16663
17215 a -16664 16663
17216 e -16668 16667
17217 a -16668 16667
17218 e -16671 16670
17219 a -16671 16670
17220 e -16676 16675
17221 a -16676 16675
17222 e -16685 16684
17223 a -16685 16684
17224 e -16689 16688
17225 a -16689 16688
17226 e -16693 16692
17227 a -16693 16692
17228 e -16699 16698
17229 a -16699 16698
17230 e -16704 16703
17231 a -16704 16703
17232 e -16708 16707
17233 a -16708 16707
17234 e -16712 16711
17235 a -16712 16711
17236 e -16717 16716
17237 a -16717 16716
17238 e -16721 16720
17239 a -16721 16720
17240 e -16725 16724
17241 a -16725 16724
17242 e -16729 16728
17243 a -16729 16728
17244 e -16732 16731
17245 a -16732 16731
17246 e -16743 16742
17247 a -16743 16742
17248 e -16747 16746
17249 a -16747 16746
17250 e -16755 16754
17251 a -16755 16754
17252 e -16759 16758
17253 a -16759 16758
17254 e -16765 16764
17255 a -16765 16764
17256 e -16769 16768
17257 a -16769 16768
17258 e -16773 16772
17259 a -16773 16772
17260 e -16777 16776
17261 a -16777 16776
17262 e -16781 16780
17263 a -16781 16780
17264 e -16785 16784
17265 a -16785 16784
17266 e -16789 16788
17267 a -16789 16788
17268 e -16793 16792
17269 a -16793 16792
17270 e -16798 16797
17271 a -16798 16797
17272 e -16803 16802
17273 a -16803 16802
17274 e -16807 16806
17275 a -16807 16806
17276 e -16811 16810
17277 a -16811 16810
17278 e -16815 16814
17279 a -16815 16814
17280 e -16820 16819
17281 a -16820 16819
17282 e -16824 16823
17283 a -16824 16823
17284 e -16828 16827
17285 a -16828 16827
17286 e -16836 16835
17287 a -16836 16835
17288 e -16840 16839
17289 a -16840 16839
17290 e -16844 16843
17291 a -16844 16843
17292 e -16850 16849
17293 a -16850 16849
17294 e -16854 16853
17295 a -16854 16853
17296 e -16859 16858
17297 a -16859 16858
17298 e -16863 16862
17299 a -16863 16862
17300 e -16867 16866
17301 a -16867 16866
17302 e -16872 16871
17303 a -16872 16871
17304 e -16876 16875
17305 a -16876 16875
17306 e -16880 16879
17307 a -16880 16879
17308 e -16884 16883
17309 a -16884 16883
17310 e -16889 16888
17311 a -16889 16888
17312 e -16893 16892
17313 a -16893 16892
17314 e -16900 16899
17315 a -16900 16899
17316 e -16904 16903
17317 a -16904 16903
17318 e -16908 16907
17319 a -16908 16907
17320 e -16912 16911
17321 a -16912 16911
17322 e -16917 16916
17323 a -16917 16916
17324 e -16921 16920
17325 a -16921 16920
17326 e -16925 16924
17327 a -16925 16924
17328 e -16929 16928
17329 a -16929 16928
17330 e -16933 16932
17331 a -16933 16932
17332 e -16937 16936
17333 a -16937 16936
17334 e -16946 16945
17335 a -16946 16945
17336 e -16950 16949
17337 a -16950 16949
17338 e -16956 16955
17339 a -16956 16955
17340 e -16960 16959
17341 a -16960 16959
17342 e -16964 16963
17343 a -16964 16963
17344 e -16968 16967
17345 a -16968 16967
17346 e -16972 16971
17347 a -16972 16971
17348 e -16984 16983
17349 a -16984 16983
17350 e -16988 16987
17351 a -16988 16987
17352 e -16992 16991
17353 a -16992 16991
17354 e -16997 16996
17355 a -16997 16996
17356 e -17001 17000
17357 a -17001 17000
17358 e -17005 17004
17359 a -17005 17004
17360 e -17010 17009
17361 a -17010 17009
17362 e -17014 17013
17363 a -17014 17013
17364 e -17019 17018
17365 a -17019 17018
17366 e -17023 17022
17367 a -17023 17022
17368 e -17029 17028
17369 a -17029 17028
17370 e -17033 17032
17371 a -17033 17032
17372 e -17037 17036
17373 a -17037 17036
17374 e -17041 17040
17375 a -17041 17040
17376 e -17045 17044
17377 a -17045 17044
17378 e -17049 17048
17379 a -17049 17048
17380 e -17053 17052
17381 a -17053 17052
17382 e -17060 17059
17383 a -17060 17059
17384 e -17064 17063
17385 a -17064 17063
17386 e -17068 17067
17387 a -17068 17067
17388 e -17072 17071
17389 a -17072 17071
17390 e -17076 17075
17391 a -17076 17075
17392 e -17085 17084
17393 a -17085 17084
17394 e -17089 17088
17395 a -17089 17088
17396 e -17094 17093
17397 a -17094 17093
17398 e -17098 17097
17399 a -17098 17097
17400 e -17103 17102
17401 a -17103 17102
17402 e -17107 17106
17403 a -17107 17106
17404 e -17113 17112
17405 a -17113 17112
17406 e -17117 17116
17407 a -17117 17116
17408 e -17121 17120
17409 a -17121 17120
17410 e -17128 17127
17411 a -17128 17127
17412 e -17132 17131
17413 a -17132 17131
17414 e -17137 -17135
17415 a -17137 -17135
17416 e -17138 -17136
17417 e -17417 17416
17418 m 17136 17138 17416
17419 e -17141 -17139
17420 a -17141 -17139
17421 e -17142 -17140
17422 e -17422 17421
17423 m 17140 17142 17421
17424 e -17145 -17143
17425 a -17145 -17143
17426 e -17146 -17144
17427 e -17427 17426
17428 m 17144 17146 17426
17429 e -17149 -17147
17430 a -17149 -17147
17431 e -17150 -17148
17432 e -17432 17431
17433 m 17148 17150 17431
17434 e -17153 -17151
17435 a -17153 -17151
17436 e -17154 -17152
17437 e -17437 17436
17438 m 17152 17154 17436
17439 e -17157 -17155
17440 a -17157 -17155
17441 e -17158 -17156
17442 e -17442 17441
17443 m 17156 17158 17441
17444 e -17161 -17159
17445 a -17161 -17159
17446 e -17162 -17160
17447 e -17447 17446
17448 m 17160 17162 17446
17449 e -17165 -17163
17450 a -17165 -17163
17451 e -17166 -17164
17452 e -17452 17451
17453 m 17164 17166 17451
17454 e -17169 -17167
17455 a -17169 -17167
17456 e -17170 -17168
17457 e -17457 17456
17458 m 17168 17170 17456
17459 e -17173 -17171
17460 a -17173 -17171
17461 e -17174 -17172
17462 e -17462 17461
17463 m 17172 17174 17461
17464 e -17177 -17175
17465 a -17177 -17175
17466 e -17178 -17176
17467 e -17467 17466
17468 m 17176 17178 17466
17469 e -17181 -17179
17470 a -17181 -17179
17471 e -17182 -17180
17472 e -17472 17471
17473 m 17180 17182 17471
17474 e -17185 -17183
17475 a -17185 -17183
17476 e -17186 -17184
17477 e -17477 17476
17478 m 17184 17186 17476
17479 e -17189 -17187
17480 a -17189 -17187
17481 e -17190 -17188
17482 e -17482 17481
17483 m 17188 17190 17481
17484 e -17193 -17191
17485 a -17193 -17191
17486 e -17194 -17192
17487 e -17487 17486
17488 m 17192 17194 17486
17489 e -17197 -17195
17490 a -17197 -17195
17491 e -17198 -17196
17492 e -17492 17491
17493 m 17196 17198 17491
17494 e -17201 -17199
17495 a -17201 -17199
17496 e -17202 -17200
17497 e -17497 17496
17498 m 17200 17202 17496
17499 e -17205 -17203
17500 a -17205 -17203
17501 e -17206 -17204
17502 e -17502 17501
17503 m 17204 17206 17501
17504 e -17209 -17207
17505 a -17209 -17207
17506 e -17210 -17208
17507 e -17507 17506
17508 m 17208 17210 17506
17509 e -17213 -17211
17510 a -17213 -17211
17511 e -17214 -17212
17512 e -17512 17511
17513 m 17212 17214 17511
17514 e -17217 -17215
17515 a -17217 -17215
17516 e -17218 -17216
17517 e -17517 17516
17518 m 17216 17218 17516
17519 e -17221 -17219
17520 a -17221 -17219
17521 e -17222 -17220
17522 e -17522 17521
17523 m 17220 17222 17521
17524 e -17225 -17223
17525 a -17225 -17223
17526 e -17226 -17224
17527 e -17527 17526
17528 m 17224 17226 17526
17529 e -17229 -17227
17530 a -17229 -17227
17531 e -17230 -17228
17532 e -17532 17531
17533 m 17228 17230 17531
17534 e -17233 -17231
17535 a -17233 -17231
17536 e -17234 -17232
17537 e -17537 17536
17538 m 17232 17234 17536
17539 e -17237 -17235
17540 a -17237 -17235
17541 e -17238 -17236
17542 e -17542 17541
17543 m 17236 17238 17541
17544 e -17241 -17239
17545 a -17241 -17239
17546 e -17242 -17240
17547 e -17547 17546
17548 m 17240 17242 17546
17549 e -17245 -17243
17550 a -17245 -17243
17551 e -17246 -17244
17552 e -17552 17551
17553 m 17244 17246 17551
17554 e -17249 -17247
17555 a -17249 -17247
17556 e -17250 -17248
17557 e -17557 17556
17558 m 17248 17250 17556
17559 e -17253 -17251
17560 a -17253 -17251
17561 e -17254 -17252
17562 e -17562 17561
17563 m 17252 17254 17561
17564 e -17257 -17255
17565 a -17257 -17255
17566 e -17258 -17256
17567 e -17567 17566
17568 m 17256 17258 17566
17569 e -17261 -17259
17570 a -17261 -17259
17571 e -17262 -17260
17572 e -17572 17571
17573 m 17260 17262 17571
17574 e -17265 -17263
17575 a -17265 -17263
17576 e -17266 -17264
17577 e -17577 17576
17578 m 17264 17266 17576
17579 e -17269 -17267
17580 a -17269 -17267
17581 e -17270 -17268
17582 e -17582 17581
17583 m 17268 17270 17581
17584 e -17273 -17271
17585 a -17273 -17271
17586 e -17274 -17272
17587 e -17587 17586
17588 m 17272 17274 17586
17589 e -17277 -17275
17590 a -17277 -17275
17591 e -17278 -17276
17592 e -17592 17591
17593 m 17276 17278 17591
17594 e -17281 -17279
17595 a -17281 -17279
17596 e -17282 -17280
17597 e -17597 17596
17598 m 17280 17282 17596
17599 e -17285 -17283
17600 a -17285 -17283
17601 e -17286 -17284
17602 e -17602 17601
17603 m 17284 17286 17601
17604 e -17289 -17287
17605 a -17289 -17287
17606 e -17290 -17288
17607 e -17607 17606
17608 m 17288 17290 17606
17609 e -17293 -17291
17610 a -17293 -17291
17611 e -17294 -17292
17612 e -17612 17611
17613 m 17292 17294 17611
17614 e -17297 -17295
17615 a -17297 -17295
17616 e -17298 -17296
17617 e -17617 17616
17618 m 17296 17298 17616
17619 e -17301 -17299
17620 a -17301 -17299
17621 e -17302 -17300
17622 e -17622 17621
17623 m 17300 17302 17621
17624 e -17305 -17303
17625 a -17305 -17303
17626 e -17306 -17304
17627 e -17627 17626
17628 m 17304 17306 17626
17629 e -17309 -17307
17630 a -17309 -17307
17631 e -17310 -17308
17632 e -17632 17631
17633 m 17308 17310 17631
17634 e -17313 -17311
17635 a -17313 -17311
17636 e -17314 -17312
17637 e -17637 17636
17638 m 17312 17314 17636
17639 e -17317 -17315
17640 a -17317 -17315
17641 e -17318 -17316
17642 e -17642 17641
17643 m 17316 17318 17641
17644 e -17321 -17319
17645 a -17321 -17319
17646 e -17322 -17320
17647 e -17647 17646
17648 m 17320 17322 17646
17649 e -17325 -17323
17650 a -17325 -17323
17651 e -17326 -17324
17652 e -17652 17651
17653 m 17324 17326 17651
17654 e -17329 -17327
17655 a -17329 -17327
17656 e -17330 -17328
17657 e -17657 17656
17658 m 17328 17330 17656
17659 e -17333 -17331
17660 a -17333 -17331
17661 e -17334 -17332
17662 e -17662 17661
17663 m 17332 17334 17661
17664 e -17337 -17335
17665 a -17337 -17335
17666 e -17338 -17336
17667 e -17667 17666
17668 m 17336 17338 17666
17669 e -17341 -17339
17670 a -17341 -17339
17671 e -17342 -17340
17672 e -17672 17671
17673 m 17340 17342 17671
17674 e -17345 -17343
17675 a -17345 -17343
17676 e -17346 -17344
17677 e -17677 17676
17678 m 17344 17346 17676
17679 e -17349 -17347
17680 a -17349 -17347
17681 e -17350 -17348
17682 e -17682 17681
17683 m 17348 17350 17681
17684 e -17353 -17351
17685 a -17353 -17351
17686 e -17354 -17352
17687 e -17687 17686
17688 m 17352 17354 17686
17689 e -17357 -17355
17690 a -17357 -17355
17691 e -17358 -17356
17692 e -17692 17691
17693 m 17356 17358 17691
17694 e -17361 -17359
17695 a -17361 -17359
17696 e -17362 -17360
17697 e -17697 17696
17698 m 17360 17362 17696
17699 e -17365 -17363
17700 a -17365 -17363
17701 e -17366 -17364
17702 e -17702 17701
17703 m 17364 17366 17701
17704 e -17369 -17367
17705 a -17369 -17367
17706 e -17370 -17368
17707 e -17707 17706
17708 m 17368 17370 17706
17709 e -17373 -17371
17710 a -17373 -17371
17711 e -17374 -17372
17712 e -17712 17711
17713 m 17372 17374 17711
17714 e -17377 -17375
17715 a -17377 -17375
17716 e -17378 -17376
17717 e -17717 17716
17718 m 17376 17378 17716
17719 e -17381 -17379
17720 a -17381 -17379
17721 e -17382 -17380
17722 e -17722 17721
17723 m 17380 17382 17721
17724 e -17385 -17383
17725 a -17385 -17383
17726 e -17386 -17384
17727 e -17727 17726
17728 m 17384 17386 17726
17729 e -17389 -17387
17730 a -17389 -17387
17731 e -17390 -17388
17732 e -17732 17731
17733 m 17388 17390 17731
17734 e -17393 -17391
17735 a -17393 -17391
17736 e -17394 -17392
17737 e -17737 17736
17738 m 17392 17394 17736
17739 e -17397 -17395
17740 a -17397 -17395
17741 e -17398 -17396
17742 e -17742 17741
17743 m 17396 17398 17741
17744 e -17401 -17399
17745 a -17401 -17399
17746 e -17402 -17400
17747 e -17747 17746
17748 m 17400 17402 17746
17749 e -17405 -17403
17750 a -17405 -17403
17751 e -17406 -17404
17752 e -17752 17751
17753 m 17404 17406 17751
17754 e -17409 -17407
17755 a -17409 -17407
17756 e -17410 -17408
17757 e -17757 17756
17758 m 17408 17410 17756
17759 e -17413 -17411
17760 a -17413 -17411
17761 e -17414 -17412
17762 e -17762 17761
17763 m 17412 17414 17761
17764 e -17420 -17415
17765 a -17420 -17415
17766 e -17423 -17418
17767 e -17767 17766
17768 m -17423 -17418 17766
17769 e -17424 -17419
17770 e -17770 17769
17771 m 17419 17424 17769
17772 e -17430 -17425
17773 a -17430 -17425
17774 e -17433 -17428
17775 e -17775 17774
17776 m -17433 -17428 17774
17777 e -17434 -17429
17778 e -17778 17777
17779 m 17429 17434 17777
17780 e -17440 -17435
17781 a -17440 -17435
17782 e -17443 -17438
17783 e -17783 17782
17784 m -17443 -17438 17782
17785 e -17444 -17439
17786 e -17786 17785
17787 m 17439 17444 17785
17788 e -17450 -17445
17789 a -17450 -17445
17790 e -17453 -17448
17791 e -17791 17790
17792 m -17453 -17448 17790
17793 e -17454 -17449
17794 e -17794 17793
17795 m 17449 17454 17793
17796 e -17460 -17455
17797 a -17460 -17455
17798 e -17463 -17458
17799 e -17799 17798
17800 m -17463 -17458 17798
17801 e -17464 -17459
17802 e -17802 17801
17803 m 17459 17464 17801
17804 e -17470 -17465
17805 a -17470 -17465
17806 e -17473 -17468
17807 e -17807 17806
17808 m -17473 -17468 17806
17809 e -17474 -17469
17810 e -17810 17809
17811 m 17469 17474 17809
17812 e -17480 -17475
17813 a -17480 -17475
17814 e -17483 -17478
17815 e -17815 17814
17816 m -17483 -17478 17814
17817 e -17484 -17479
17818 e -17818 17817
17819 m 17479 17484 17817
17820 e -17490 -17485
17821 a -17490 -17485
17822 e -17493 -17488
17823 e -17823 17822
17824 m -17493 -17488 17822
17825 e -17494 -17489
17826 e -17826 17825
17827 m 17489 17494 17825
17828 e -17500 -17495
17829 a -17500 -17495
17830 e -17503 -17498
17831 e -17831 17830
17832 m -17503 -17498 17830
17833 e -17504 -17499
17834 e -17834 17833
17835 m 17499 17504 17833
17836 e -17510 -17505
17837 a -17510 -17505
17838 e -17513 -17508
17839 e -17839 17838
17840 m -17513 -17508 17838
17841 e -17514 -17509
17842 e -17842 17841
17843 m 17509 17514 17841
17844 e -17520 -17515
17845 a -17520 -17515
17846 e -17523 -17518
17847 e -17847 17846
17848 m -17523 -17518 17846
17849 e -17524 -17519
17850 e -17850 17849
17851 m 17519 17524 17849
17852 e -17530 -17525
17853 a -17530 -17525
17854 e -17533 -17528
17855 e -17855 17854
17856 m -17533 -17528 17854
17857 e -17534 -17529
17858 e -17858 17857
17859 m 17529 17534 17857
17860 e -17540 -17535
17861 a -17540 -17535
17862 e -17543 -17538
17863 e -17863 17862
17864 m -17543 -17538 17862
17865 e -17544 -17539
17866 e -17866 17865
17867 m 17539 17544 17865
17868 e -17550 -17545
17869 a -17550 -17545
17870 e -17553 -17548
17871 e -17871 17870
17872 m -17553 -17548 17870
17873 e -17554 -17549
17874 e -17874 17873
17875 m 17549 17554 17873
17876 e -17560 -17555
17877 a -17560 -17555
17878 e -17563 -17558
17879 e -17879 17878
17880 m -17563 -17558 17878
17881 e -17564 -17559
17882 e -17882 17881
17883 m 17559 17564 17881
17884 e -17570 -17565
17885 a -17570 -17565
17886 e -17573 -17568
17887 e -17887 17886
17888 m -17573 -17568 17886
17889 e -17574 -17569
17890 e -17890 17889
17891 m 17569 17574 17889
17892 e -17580 -17575
17893 a -17580 -17575
17894 e -17583 -17578
17895 e -17895 17894
17896 m -17583 -17578 17894
17897 e -17584 -17579
17898 e -17898 17897
17899 m 17579 17584 17897
17900 e -17590 -17585
17901 a -17590 -17585
17902 e -17593 -17588
17903 e -17903 17902
17904 m -17593 -17588 17902
17905 e -17594 -17589
17906 e -17906 17905
17907 m 17589 17594 17905
17908 e -17600 -17595
17909 a -17600 -17595
17910 e -17603 -17598
17911 e -17911 17910
17912 m -17603 -17598 17910
17913 e -17604 -17599
17914 e -17914 17913
17915 m 17599 17604 17913
17916 e -17610 -17605
17917 a -17610 -17605
17918 e -17613 -17608
17919 e -17919 17918
17920 m -17613 -17608 17918
17921 e -17614 -17609
17922 e -17922 17921
17923 m 17609 17614 17921
17924 e -17620 -17615
17925 a -17620 -17615
17926 e -17623 -17618
17927 e -17927 17926
17928 m -17623 -17618 17926
17929 e -17624 -17619
17930 e -17930 17929
17931 m 17619 17624 17929
17932 e -17630 -17625
17933 a -17630 -17625
17934 e -17633 -17628
17935 e -17935 17934
17936 m -17633 -17628 17934
17937 e -17634 -17629
17938 e -17938 17937
17939 m 17629 17634 17937
17940 e -17640 -17635
17941 a -17640 -17635
17942 e -17643 -17638
17943 e -17943 17942
17944 m -17643 -17638 17942
17945 e -17644 -17639
17946 e -17946 17945
17947 m 17639 17644 17945
17948 e -17650 -17645
17949 a -17650 -17645
17950 e -17653 -17648
17951 e -17951 17950
17952 m -17653 -17648 17950
17953 e -17654 -17649
17954 e -17954 17953
17955 m 17649 17654 17953
17956 e -17660 -17655
17957 a -17660 -17655
17958 e -17663 -17658
17959 e -17959 17958
17960 m -17663 -17658 17958
17961 e -17664 -17659
17962 e -17962 17961
17963 m 17659 17664 17961
17964 e -17670 -17665
17965 a -17670 -17665
17966 e -17673 -17668
17967 e -17967 17966
17968 m -17673 -17668 17966
17969 e -17674 -17669
17970 e -17970 17969
17971 m 17669 17674 17969
17972 e -17680 -17675
17973 a -17680 -17675
17974 e -17683 -17678
17975 e -17975 17974
17976 m -17683 -17678 17974
17977 e -17684 -17679
17978 e -17978 17977
17979 m 17679 17684 17977
17980 e -17690 -17685
17981 a -17690 -17685
17982 e -17693 -17688
17983 e -17983 17982
17984 m -17693 -17688 17982
17985 e -17694 -17689
17986 e -17986 17985
17987 m 17689 17694 17985
17988 e -17700 -17695
17989 a -17700 -17695
17990 e -17703 -17698
17991 e -17991 17990
17992 m -17703 -17698 17990
17993 e -17704 -17699
17994 e -17994 17993
17995 m 17699 17704 17993
17996 e -17710 -17705
17997 a -17710 -17705
17998 e -17713 -17708
17999 e -17999 17998
18000 m -17713 -17708 17998
18001 e -17714 -17709
18002 e -18002 18001
18003 m 17709 17714 18001
18004 e -17720 -17715
18005 a -17720 -17715
18006 e -17723 -17718
18007 e -18007 18006
18008 m -17723 -17718 18006
18009 e -17724 -17719
18010 e -18010 18009
18011 m 17719 17724 18009
18012 e -17730 -17725
18013 a -17730 -17725
18014 e -17733 -17728
18015 e -18015 18014
18016 m -17733 -17728 18014
18017 e -17734 -17729
18018 e -18018 18017
18019 m 17729 17734 18017
18020 e -17740 -17735
18021 a -17740 -17735
18022 e -17743 -17738
18023 e -18023 18022
18024 m -17743 -17738 18022
18025 e -17744 -17739
18026 e -18026 18025
18027 m 17739 17744 18025
18028 e -17750 -17745
18029 a -17750 -17745
18030 e -17753 -17748
18031 e -18031 18030
18032 m -17753 -17748 18030
18033 e -17754 -17749
18034 e -18034 18033
18035 m 17749 17754 18033
18036 e -17760 -17755
18037 a -17760 -17755
18038 e -17763 -17758
18039 e -18039 18038
18040 m -17763 -17758 18038
18041 e -17764 -17759
18042 e -18042 18041
18043 m 17759 17764 18041
18044 e -17773 -17765
18045 a -17773 -17765
18046 e -17776 -17768
18047 e -18047 18046
18048 m -17776 -17768 18046
18049 e -17779 -17771
18050 e -18050 18049
18051 m -17779 -17771 18049
18052 e -17780 -17772
18053 e -18053 18052
18054 m 17772 17780 18052
18055 e -17789 -17781
18056 a -17789 -17781
18057 e -17792 -17784
18058 e -18058 18057
18059 m -17792 -17784 18057
18060 e -17795 -17787
18061 e -18061 18060
18062 m -17795 -17787 18060
18063 e -17796 -17788
18064 e -18064 18063
18065 m 17788 17796 18063
18066 e -17805 -17797
18067 a -17805 -17797
18068 e -17808 -17800
18069 e -18069 18068
18070 m -17808 -17800 18068
18071 e -17811 -17803
18072 e -18072 18071
18073 m -17811 -17803 18071
18074 e -17812 -17804
18075 e -18075 18074
18076 m 17804 17812 18074
18077 e -17821 -17813
18078 a -17821 -17813
18079 e -17824 -17816
18080 e -18080 18079
18081 m -17824 -17816 18079
18082 e -17827 -17819
18083 e -18083 18082
18084 m -17827 -17819 18082
18085 e -17828 -17820
18086 e -18086 18085
18087 m 17820 17828 18085
18088 e -17837 -17829
18089 a -17837 -17829
18090 e -17840 -17832
18091 e -18091 18090
18092 m -17840 -17832 18090
18093 e -17843 -17835
18094 e -18094 18093
18095 m -17843 -17835 18093
18096 e -17844 -17836
18097 e -18097 18096
18098 m 17836 17844 18096
18099 e -17853 -17845
18100 a -17853 -17845
18101 e -17856 -17848
18102 e -18102 18101
18103 m -17856 -17848 18101
18104 e -17859 -17851
18105 e -18105 18104
18106 m -17859 -17851 18104
18107 e -17860 -17852
18108 e -18108 18107
18109 m 17852 17860 18107
18110 e -17869 -17861
18111 a -17869 -17861
18112 e -17872 -17864
18113 e -18113 18112
18114 m -17872 -17864 18112
18115 e -17875 -17867
18116 e -18116 18115
18117 m -17875 -17867 18115
18118 e -17876 -17868
18119 e -18119 18118
18120 m 17868 17876 18118
18121 e -17885 -17877
18122 a -17885 -17877
18123 e -17888 -17880
18124 e -18124 18123
18125 m -17888 -17880 18123
18126 e -17891 -17883
18127 e -18127 18126
18128 m -17891 -17883 18126
18129 e -17892 -17884
18130 e -18130 18129
18131 m 17884 17892 18129
18132 e -17901 -17893
18133 a -17901 -17893
18134 e -17904 -17896
18135 e -18135 18134
18136 m -17904 -17896 18134
18137 e -17907 -17899
18138 e -18138 18137
18139 m -17907 -17899 18137
18140 e -17908 -17900
18141 e -18141 18140
18142 m 17900 17908 18140
18143 e -17917 -17909
18144 a -17917 -17909
18145 e -17920 -17912
18146 e -18146 18145
18147 m -17920 -17912 18145
18148 e -17923 -17915
18149 e -18149 18148
18150 m -17923 -17915 18148
18151 e -17924 -17916
18152 e -18152 18151
18153 m 17916 17924 18151
18154 e -17933 -17925
18155 a -17933 -17925
18156 e -17936 -17928
18157 e -18157 18156
18158 m -17936 -17928 18156
18159 e -17939 -17931
18160 e -18160 18159
18161 m -17939 -17931 18159
18162 e -17940 -17932
18163 e -18163 18162
18164 m 17932 17940 18162
18165 e -17949 -17941
18166 a -17949 -17941
18167 e -17952 -17944
18168 e -18168 18167
18169 m -17952 -17944 18167
18170 e -17955 -17947
18171 e -18171 18170
18172 m -17955 -17947 18170
18173 e -17956 -17948
18174 e -18174 18173
18175 m 17948 17956 18173
18176 e -17965 -17957
18177 a -17965 -17957
18178 e -17968 -17960
18179 e -18179 18178
18180 m -17968 -17960 18178
18181 e -17971 -17963
18182 e -18182 18181
18183 m -17971 -17963 18181
18184 e -17972 -17964
18185 e -18185 18184
18186 m 17964 17972 18184
18187 e -17981 -17973
18188 a -17981 -17973
18189 e -17984 -17976
18190 e -18190 18189
18191 m -17984 -17976 18189
18192 e -17987 -17979
18193 e -18193 18192
18194 m -17987 -17979 18192
18195 e -17988 -17980
18196 e -18196 18195
18197 m 17980 17988 18195
18198 e -17997 -17989
18199 a -17997 -17989
18200 e -18000 -17992
18201 e -18201 18200
18202 m -18000 -17992 18200
18203 e -18003 -17995
18204 e -18204 18203
18205 m -18003 -17995 18203
18206 e -18004 -17996
18207 e -18207 18206
18208 m 17996 18004 18206
18209 e -18013 -18005
18210 a -18013 -18005
18211 e -18016 -18008
18212 e -18212 18211
18213 m -18016 -18008 18211
18214 e -18019 -18011
18215 e -18215 18214
18216 m -18019 -18011 18214
18217 e -18020 -18012
18218 e -18218 18217
18219 m 18012 18020 18217
18220 e -18029 -18021
18221 a -18029 -18021
18222 e -18032 -18024
18223 e -18223 18222
18224 m -18032 -18024 18222
18225 e -18035 -18027
18226 e -18226 18225
18227 m -18035 -18027 18225
18228 e -18036 -18028
18229 e -18229 18228
18230 m 18028 18036 18228
18231 e -18056 -18045
18232 a -18056 -18045
18233 e -18059 -18048
18234 e -18234 18233
18235 m -18059 -18048 18233
18236 e -18062 -18051
18237 e -18237 18236
18238 m -18062 -18051 18236
18239 e -18065 -18054
18240 e -18240 18239
18241 m -18065 -18054 18239
18242 e -18066 -18055
18243 e -18243 18242
18244 m 18055 18066 18242
18245 e -18078 -18067
18246 a -18078 -18067
18247 e -18081 -18070
18248 e -18248 18247
18249 m -18081 -18070 18247
18250 e -18084 -18073
18251 e -18251 18250
18252 m -18084 -18073 18250
18253 e -18087 -18076
18254 e -18254 18253
18255 m -18087 -18076 18253
18256 e -18088 -18077
18257 e -18257 18256
18258 m 18077 18088 18256
18259 e -18100 -18089
18260 a -18100 -18089
18261 e -18103 -18092
18262 e -18262 18261
18263 m -18103 -18092 18261
18264 e -18106 -18095
18265 e -18265 18264
18266 m -18106 -18095 18264
18267 e -18109 -18098
18268 e -18268 18267
18269 m -18109 -18098 18267
18270 e -18110 -18099
18271 e -18271 18270
18272 m 18099 18110 18270
18273 e -18122 -18111
18274 a -18122 -18111
18275 e -18125 -18114
18276 e -18276 18275
18277 m -18125 -18114 18275
18278 e -18128 -18117
18279 e -18279 18278
18280 m -18128 -18117 18278
18281 e -18131 -18120
18282 e -18282 18281
18283 m -18131 -18120 18281
18284 e -18132 -18121
18285 e -18285 18284
18286 m 18121 18132 18284
18287 e -18144 -18133
18288 a -18144 -18133
18289 e -18147 -18136
18290 e -18290 18289
18291 m -18147 -18136 18289
18292 e -18150 -18139
18293 e -18293 18292
18294 m -18150 -18139 18292
18295 e -18153 -18142
18296 e -18296 18295
18297 m -18153 -18142 18295
18298 e -18154 -18143
18299 e -18299 18298
18300 m 18143 18154 18298
18301 e -18166 -18155
18302 a -18166 -18155
18303 e -18169 -18158
18304 e -18304 18303
18305 m -18169 -18158 18303
18306 e -18172 -18161
18307 e -18307 18306
18308 m -18172 -18161 18306
18309 e -18175 -18164
18310 e -18310 18309
18311 m -18175 -18164 18309
18312 e -18176 -18165
18313 e -18313 18312
18314 m 18165 18176 18312
18315 e -18188 -18177
18316 a -18188 -18177
18317 e -18191 -18180
18318 e -18318 18317
18319 m -18191 -18180 18317
18320 e -18194 -18183
18321 e -18321 18320
18322 m -18194 -18183 18320
18323 e -18197 -18186
18324 e -18324 18323
18325 m -18197 -18186 18323
18326 e -18198 -18187
18327 e -18327 18326
18328 m 18187 18198 18326
18329 e -18210 -18199
18330 a -18210 -18199
18331 e -18213 -18202
18332 e -18332 18331
18333 m -18213 -18202 18331
18334 e -18216 -18205
18335 e -18335 18334
18336 m -18216 -18205 18334
18337 e -18219 -18208
18338 e -18338 18337
18339 m -18219 -18208 18337
18340 e -18220 -18209
18341 e -18341 18340
18342 m 18209 18220 18340
18343 e -18221 -18037
18344 a -18221 -18037
18345 e -18224 -18040
18346 e -18346 18345
18347 m -18224 -18040 18345
18348 e -18227 -18043
18349 e -18349 18348
18350 m -18227 -18043 18348
18351 e -18230 18044
18352 e -18352 18351
18353 m -18230 18044 18351
18354 e -18354 -18231
18355 a 18231 18354
18356 e -18246 -18232
18357 a -18246 -18232
18358 e -18249 -18235
18359 e -18359 18358
18360 m -18249 -18235 18358
18361 e -18252 -18238
18362 e -18362 18361
18363 m -18252 -18238 18361
18364 e -18255 -18241
18365 e -18365 18364
18366 m -18255 -18241 18364
18367 e -18258 -18244
18368 e -18368 18367
18369 m -18258 -18244 18367
18370 e -18259 -18245
18371 e -18371 18370
18372 m 18245 18259 18370
18373 e -18274 -18260
18374 a -18274 -18260
18375 e -18277 -18263
18376 e -18376 18375
18377 m -18277 -18263 18375
18378 e -18280 -18266
18379 e -18379 18378
18380 m -18280 -18266 18378
18381 e -18283 -18269
18382 e -18382 18381
18383 m -18283 -18269 18381
18384 e -18286 -18272
18385 e -18385 18384
18386 m -18286 -18272 18384
18387 e -18287 -18273
18388 e -18388 18387
18389 m 18273 18287 18387
18390 e -18302 -18288
18391 a -18302 -18288
18392 e -18305 -18291
18393 e -18393 18392
18394 m -18305 -18291 18392
18395 e -18308 -18294
18396 e -18396 18395
18397 m -18308 -18294 18395
18398 e -18311 -18297
18399 e -18399 18398
18400 m -18311 -18297 18398
18401 e -18314 -18300
18402 e -18402 18401
18403 m -18314 -18300 18401
18404 e -18315 -18301
18405 e -18405 18404
18406 m 18301 18315 18404
18407 e -18330 -18316
18408 a -18330 -18316
18409 e -18333 -18319
18410 e -18410 18409
18411 m -18333 -18319 18409
18412 e -18336 -18322
18413 e -18413 18412
18414 m -18336 -18322 18412
18415 e -18339 -18325
18416 e -18416 18415
18417 m -18339 -18325 18415
18418 e -18342 -18328
18419 e -18419 18418
18420 m -18342 -18328 18418
18421 e -18343 -18329
18422 e -18422 18421
18423 m 18329 18343 18421
18424 e -18374 -18357
18425 a -18374 -18357
18426 e -18377 -18360
18427 e -18427 18426
18428 m -18377 -18360 18426
18429 e -18380 -18363
18430 e -18430 18429
18431 m -18380 -18363 18429
18432 e -18383 -18366
18433 e -18433 18432
18434 m -18383 -18366 18432
18435 e -18386 -18369
18436 e -18436 18435
18437 m -18386 -18369 18435
18438 e -18389 -18372
18439 e -18439 18438
18440 m -18389 -18372 18438
18441 e -18390 -18373
18442 e -18442 18441
18443 m 18373 18390 18441
18444 e -18408 -18391
18445 a -18408 -18391
18446 e -18411 -18394
18447 e -18447 18446
18448 m -18411 -18394 18446
18449 e -18414 -18397
18450 e -18450 18449
18451 m -18414 -18397 18449
18452 e -18417 -18400
18453 e -18453 18452
18454 m -18417 -18400 18452
18455 e -18420 -18403
18456 e -18456 18455
18457 m -18420 -18403 18455
18458 e -18423 -18406
18459 e -18459 18458
18460 m -18423 -18406 18458
18461 e -18424 -18407
18462 e -18462 18461
18463 m 18407 18424 18461
18464 e -18445 -18425
18465 a -18445 -18425
18466 e -18448 -18428
18467 e -18467 18466
18468 m -18448 -18428 18466
18469 e -18451 -18431
18470 e -18470 18469
18471 m -18451 -18431 18469
18472 e -18454 -18434
18473 e -18473 18472
18474 m -18454 -18434 18472
18475 e -18457 -18437
18476 e -18476 18475
18477 m -18457 -18437 18475
18478 e -18460 -18440
18479 e -18479 18478
18480 m -18460 -18440 18478
18481 e -18463 -18443
18482 e -18482 18481
18483 m -18463 -18443 18481
18484 e -18464 -18444
18485 e -18485 18484
18486 m 18444 18464 18484
18487 e -18465 -18344
18488 a -18465 -18344
18489 e -18468 -18347
18490 e -18490 18489
18491 m -18468 -18347 18489
18492 e -18471 -18350
18493 e -18493 18492
18494 m -18471 -18350 18492
18495 e -18474 -18353
18496 e -18496 18495
18497 m -18474 -18353 18495
18498 e -18477 -18355
18499 e -18499 18498
18500 m -18477 -18355 18498
18501 e -18480 18356
18502 e -18502 18501
18503 m -18480 18356 18501
18504 e -18504 18483
18505 a -18483 18504
18506 e -18506 18486
18507 a -18486 18506
18508 e -18508 -18487
18509 a 18487 18508
18510 a -18510 -18507 -18494 -18491 18488 18497 18500 18503 18505 18509
18511 e -15786 -15782
18512 a 15782 15786
18513 e -15794 -15790
18514 a 15790 15794
18515 e -15802 -15797
18516 a 15797 15802
18517 e -15812 -15807
18518 a 15807 15812
18519 e -15820 -15816
18520 a 15816 15820
18521 e -15830 -15825
18522 a 15825 15830
18523 e -15838 -15834
18524 a 15834 15838
18525 e -15847 -15843
18526 a 15843 15847
18527 e -15855 -15851
18528 a 15851 15855
18529 e -15862 -15858
18530 a 15858 15862
18531 e -18514 -18512
18532 a -18514 -18512
18533 e -18515 -18513
18534 e -18534 18533
18535 m 18513 18515 18533
18536 e -18518 -18516
18537 a -18518 -18516
18538 e -18519 -18517
18539 e -18539 18538
18540 m 18517 18519 18538
18541 e -18522 -18520
18542 a -18522 -18520
18543 e -18523 -18521
18544 e -18544 18543
18545 m 18521 18523 18543
18546 e -18526 -18524
18547 a -18526 -18524
18548 e -18527 -18525
18549 e -18549 18548
18550 m 18525 18527 18548
18551 e -18530 -18528
18552 a -18530 -18528
18553 e -18531 -18529
18554 e -18554 18553
18555 m 18529 18531 18553
18556 e -18537 -18532
18557 a -18537 -18532
18558 e -18540 -18535
18559 e -18559 18558
18560 m -18540 -18535 18558
18561 e -18541 -18536
18562 e -18562 18561
18563 m 18536 18541 18561
18564 e -18547 -18542
18565 a -18547 -18542
18566 e -18550 -18545
18567 e -18567 18566
18568 m -18550 -18545 18566
18569 e -18551 -18546
18570 e -18570 18569
18571 m 18546 18551 18569
18572 e -18565 -18557
18573 a -18565 -18557
18574 e -18568 -18560
18575 e -18575 18574
18576 m -18568 -18560 18574
18577 e -18571 -18563
18578 e -18578 18577
18579 m -18571 -18563 18577
18580 e -18572 -18564
18581 e -18581 18580
18582 m 18564 18572 18580
18583 e -18573 -18552
18584 a -18573 -18552
18585 e -18576 -18555
18586 e -18586 18585
18587 m -18576 -18555 18585
18588 e -18579 18556
18589 e -18589 18588
18590 m -18579 18556 18588
18591 e -18591 18582
18592 a -18582 18591
18593 e -18593 -18583
18594 a 18583 18593
18595 a 18592 18594
18596 a -18595 18596